state,year,pr_JAN,pr_FEB,pr_MAR,pr_APR,pr_MAY,pr_JUN,pr_JUL,pr_AUG,pr_SEP,pr_OCT,pr_NOV,pr_DEC,huss_JAN,huss_FEB,huss_MAR,huss_APR,huss_MAY,huss_JUN,huss_JUL,huss_AUG,huss_SEP,huss_OCT,huss_NOV,huss_DEC,mrro_JAN,mrro_FEB,mrro_MAR,mrro_APR,mrro_MAY,mrro_JUN,mrro_JUL,mrro_AUG,mrro_SEP,mrro_OCT,mrro_NOV,mrro_DEC,sfcWind_JAN,sfcWind_FEB,sfcWind_MAR,sfcWind_APR,sfcWind_MAY,sfcWind_JUN,sfcWind_JUL,sfcWind_AUG,sfcWind_SEP,sfcWind_OCT,sfcWind_NOV,sfcWind_DEC,tas_JAN,tas_FEB,tas_MAR,tas_APR,tas_MAY,tas_JUN,tas_JUL,tas_AUG,tas_SEP,tas_OCT,tas_NOV,tas_DEC,clt_JAN,clt_FEB,clt_MAR,clt_APR,clt_MAY,clt_JUN,clt_JUL,clt_AUG,clt_SEP,clt_OCT,clt_NOV,clt_DEC,evspsbl_JAN,evspsbl_FEB,evspsbl_MAR,evspsbl_APR,evspsbl_MAY,evspsbl_JUN,evspsbl_JUL,evspsbl_AUG,evspsbl_SEP,evspsbl_OCT,evspsbl_NOV,evspsbl_DEC,mrsos_JAN,mrsos_FEB,mrsos_MAR,mrsos_APR,mrsos_MAY,mrsos_JUN,mrsos_JUL,mrsos_AUG,mrsos_SEP,mrsos_OCT,mrsos_NOV,mrsos_DEC
AL,2000,3.734537588236744e-05,1.8968099578648196e-05,5.340529523582315e-05,4.169856881336481e-05,1.301446079609163e-05,3.334493944748849e-05,1.5153424563646901e-05,1.8028735243185634e-05,3.586150712347462e-05,3.36437008851387e-06,7.114657933869895e-05,3.671234795058665e-05,0.0047706410662369785,0.005512212378731179,0.007224771703296624,0.007728162390814208,0.011998675686901019,0.0140222532810953,0.014640806771332827,0.014758659566681655,0.012643695123659328,0.008115537463483657,0.006273224321188103,0.0035691477812438204,3.5176403221038318e-06,2.952219944788798e-06,9.915100063588247e-06,1.264425765369954e-05,4.056676030111706e-06,2.856115244655538e-06,1.3419321915898591e-06,9.461232433192757e-07,2.3819227699445657e-06,3.934223535427676e-07,8.366572581775658e-06,5.0218929686963145e-06,0.2370764275545935,0.5190784424498165,0.28706558980771096,0.7554817001076392,1.382544945698111,0.7792392391553811,0.45914667562825334,0.0840614028575228,1.1832751866277769,0.7719961266704519,0.2510071081416362,0.883594814814819,281.49151340100144,284.57361399301095,288.1987348265458,289.2585868611174,296.7247862914216,298.514958210464,300.89631218192926,300.49601580091337,296.3252807204655,291.4126775837723,284.7155444262725,277.3730477733881,53.97781893672203,41.63879563422215,52.42154446421108,48.98876490290219,51.58042166009592,49.401577418987166,44.5596388730489,42.048088842486116,50.162255735546715,31.98361824457897,59.285800282065395,58.14159624780704,1.4947149237729309e-05,2.0117676258126674e-05,2.974700541448159e-05,4.041786290817843e-05,3.932505292693867e-05,3.736096537960905e-05,3.3189447232707435e-05,3.065229423188607e-05,2.8737870845050707e-05,1.5608766715310273e-05,1.6290118529875048e-05,1.1489029872509624e-05,29.608001777618966,28.39960037243248,28.41765672046194,27.41295294617337,20.9158192962386,22.37170267284357,19.33805703097553,20.720830067211807,23.85726905672943,18.521432789751838,27.126175819629697,29.50351500344238
AL,2001,4.2399911324517706e-05,3.44682056227881e-05,7.935325156317689e-05,2.5165213358463296e-05,2.9047896413784542e-05,6.134756271477921e-05,3.3794586984025746e-05,4.9555973273096626e-05,3.895823764587643e-05,2.6445709078686028e-05,2.404348818389309e-05,3.086638205653251e-05,0.003971208597809901,0.00601666204389576,0.005421241002017195,0.008931623831773773,0.0106143361454517,0.014517657066810135,0.01618387740809329,0.01617907608572755,0.012682633771595626,0.007572994586777835,0.00714186254277433,0.005768390999449989,8.509359001498631e-06,7.682619167104911e-06,2.8920010584912315e-05,1.775556719229089e-05,7.749066731173348e-06,8.79785951234982e-06,3.6689246491408545e-06,5.10293424494971e-06,4.626171479752133e-06,4.136269259626144e-06,2.8691383784656613e-06,5.592751668656446e-06,0.6841258057307729,0.3391786644344855,0.9993457441997852,0.8717490550815322,0.876982118295907,0.5657899439305994,0.3312584674300483,0.4565689553202167,0.9295703882727812,0.6421439401515495,0.7655670339480148,0.09186235566707084,278.5877409171987,284.72011791128847,284.21926028413463,291.6913708743789,295.1092058625077,297.5064793709686,299.7820361637373,298.7370670593225,295.40718801016345,289.3779106481466,288.24502391124133,283.6537237419206,56.68717039369171,66.49410413224379,61.99613964218167,57.54337928077631,45.235654160285385,58.063190468196545,61.98010203219139,62.950550719919974,49.464808137785305,28.857970051138516,39.040590471170574,49.141505327754835,1.2408581438939117e-05,1.8780526021648036e-05,2.624994213474506e-05,4.003664808957882e-05,4.102327812967676e-05,4.7389208561736224e-05,4.656252963689934e-05,4.289127447723773e-05,3.840678182669674e-05,2.8145727723142006e-05,1.5598900510833106e-05,1.4405914047650249e-05,30.235082909539376,29.565171786517023,30.237262108427974,26.618317946181637,21.7641668646478,27.484980808678067,24.926518185653215,26.991675097608447,27.297174105431047,24.348200964270504,21.381908221058655,29.013030161260765
AL,2002,3.919646079546276e-05,2.7796246658615536e-05,4.526291562573407e-05,2.565305912933605e-05,2.714745322324149e-05,3.156582432605264e-05,4.831853625081912e-05,2.3396439573469422e-05,7.129754186842934e-05,5.3701348825728305e-05,5.30201878023848e-05,6.160817917163216e-05,0.005310170309363809,0.004096702536247742,0.006192223135862539,0.00962188164258196,0.010823059973610563,0.014208901298283484,0.016988882500546896,0.015612262560717561,0.014939673200095888,0.012239199357644882,0.006139691753546352,0.004824455460276886,8.870212112650626e-06,8.054757213620734e-06,9.239436955816001e-06,6.612963657609511e-06,5.7284574655329155e-06,2.7028128056741827e-06,3.1629266771386037e-06,1.3399089457715975e-06,8.380453603696125e-06,6.579626844609074e-06,1.533151701497816e-05,2.22479084925541e-05,0.48712594813766463,0.8902699598300438,0.6347638845078628,0.5154927463890467,0.6270364361512828,0.751956063579198,0.5365370398459927,0.5198021948491103,1.4940967572297277,0.664349489293845,0.6503227017223224,0.27446706111385843,282.0603467254361,281.32462743970694,286.32386013480306,292.56361637453864,294.9076284505491,298.57381693393324,299.5927223547925,299.6222108486557,298.2744000591875,293.1214446994933,284.2724010570889,280.86473169097087,59.587991551604624,45.29539156423406,60.947743162569225,56.4580281250004,54.35443136007131,52.194521024765564,59.2900523737241,48.89992987634987,67.9504317771957,70.85977694759181,50.135653541057366,60.88985065497824,1.35511434297012e-05,2.0494972197527487e-05,2.7055417916206227e-05,3.9863594045100316e-05,4.343366491043906e-05,4.001144630761618e-05,4.5397083810077137e-05,4.055014452603604e-05,3.127872210801633e-05,2.5786535873486176e-05,1.9058559979698736e-05,1.4224985887591247e-05,30.187849227931768,29.13591423208161,29.396297006407444,27.009922867366498,22.856371135627235,23.061260478601785,26.907538255251342,23.769308360736968,25.30939697547585,30.015847356806965,30.16379260763003,30.11436182086
AL,2003,1.7517412227243634e-05,6.455164612467208e-05,3.877368560896452e-05,4.630811939365928e-05,5.846268889736996e-05,8.006829845835889e-05,6.923728971286814e-05,4.7259240250892134e-05,3.0823042890829424e-05,2.0070914601279178e-05,3.435675149761568e-05,3.437708659445128e-05,0.0033740282203259617,0.005300011483946174,0.007528765115672487,0.00888034933024247,0.012776458606436966,0.014913641491436851,0.01667035884163808,0.01725910441252638,0.012718214018405019,0.009345015506636228,0.0072690431593261644,0.004186080077621262,1.586840185587978e-05,2.754154500770793e-05,2.813904184733445e-05,2.0140772680910452e-05,1.978276784838576e-05,1.834756637397609e-05,2.035998728626791e-05,1.2676890664515265e-05,7.92659751923329e-06,5.0839438221099174e-06,7.018970552370727e-06,6.434563181045246e-06,1.4737648732861968,0.4272850523421779,0.24514365014630196,0.6772409441970594,0.9525368351588416,0.7055273742361783,1.1318979903386732,0.4766021683718028,0.7983383689068188,0.46915088065125954,0.33335670081351043,0.12569687468660148,278.0533561422978,282.4204982307392,287.66546110758304,291.0851212419539,295.5352582604039,297.47102545505294,298.63270008931704,299.0899604015575,296.05578414501525,290.9552847857844,287.94472450912383,279.8479718143426,45.26527231749387,68.01310958658703,63.33699523394319,51.161686205647015,65.8977892096517,61.79512847921015,59.850257999404235,56.76089603162251,43.24128597703635,40.17316305163489,40.517948690398335,46.04824437632747,1.3405010771166851e-05,1.7622396206699256e-05,2.6354145236138222e-05,4.0244339622797695e-05,4.5145739390071104e-05,4.881192276198459e-05,5.053880020066386e-05,4.733915916962969e-05,3.974150942731628e-05,2.6583519494655965e-05,1.8213062737468944e-05,1.499835873963235e-05,29.259238400367337,30.51942939209506,29.718385395153998,27.65637662964853,27.22615647771151,28.983783748145036,29.97921039391834,29.222365334312386,25.277435137781517,25.318669004872625,25.275895178898445,30.085209579974187
AL,2004,2.7086153309900946e-05,6.0674349414464073e-05,1.665770381577083e-05,3.381086721319456e-05,3.031495685744017e-05,7.14693347255612e-05,4.120809223921749e-05,3.833904373295264e-05,6.947779588385487e-05,3.0161614805632448e-05,6.168742792492765e-05,4.175731803528007e-05,0.004385348206056467,0.004815257181390787,0.006373089865732149,0.007057535326909749,0.012386489152257847,0.01566573625525969,0.016242705698066316,0.014106152300726742,0.012845889999691332,0.011430179208980259,0.007559282762344452,0.0044372652331949045,6.893402822075457e-06,2.2625790679508335e-05,1.423075265411255e-05,9.025924396527285e-06,6.835654807441444e-06,7.75659924058614e-06,5.538405275588292e-06,3.899544464166381e-06,1.91634020118912e-05,3.47989532680031e-06,1.0352944443436475e-05,1.9094245197837983e-05,0.6191951603774477,0.9415428157408096,0.6712476524659176,0.6628015766996389,1.394148411615831,0.8226692986063235,0.6513744463976796,0.4197922991532701,1.982945280505532,0.8523604169058315,0.8215667875892958,0.484028812868002,280.46538314105567,281.12122271755305,288.59069386873534,290.21721760645966,296.25366225571867,298.17462619630595,299.56474971958346,298.2645678470017,296.8712979855378,294.0623309115698,288.10179510374826,281.15588594956654,58.053942128177546,75.65802300567336,44.58255256509008,44.88960437070088,50.676478640100086,71.11046595394464,47.45644651265908,50.90173330377913,44.07159228062637,60.98781337705517,62.82772778808305,49.90673449042388,1.4030688261394764e-05,1.6890092232688005e-05,3.075843468891124e-05,3.643447147708001e-05,4.3841111112249795e-05,4.481664519474755e-05,5.237460609058958e-05,4.519571589290287e-05,4.286692240611389e-05,2.6328181192853015e-05,2.0636005606188182e-05,1.4935390720730415e-05,30.055278413121226,30.430409660612032,26.295978162108113,23.806810440780236,24.55240900630168,28.495152712403666,27.471226113954433,25.52351317635216,25.864599781466495,25.836043837744064,29.65641580603175,29.831133595716416
AL,2005,2.5964714054745773e-05,6.10112322551683e-05,5.165690038832428e-05,6.295506377385213e-05,3.121168104149196e-05,5.313712070743881e-05,8.789680744091178e-05,5.387056818321553e-05,1.7147044485718217e-05,7.242219865354387e-06,3.26235452563922e-05,3.653747649034745e-05,0.005206793513339454,0.005748631320159804,0.00575328596459063,0.0076110617548207984,0.009686677008041383,0.014741579082458708,0.017412473056444246,0.0173347054487325,0.013557018195307668,0.008263679556637926,0.006166284869387617,0.004175765174918798,1.1656887969259013e-05,1.9039811075524226e-05,2.243654576671398e-05,3.192075664606958e-05,1.2702212690410192e-05,1.3090264416425663e-05,1.7370891518906846e-05,1.02591648382417e-05,5.673072953475887e-06,3.3651723672192644e-06,3.981082820236983e-06,5.6280250628375155e-06,0.13066302232169616,0.17389928004855854,0.7594915272706434,0.8594072394255542,0.40713634079826677,0.6782714488594411,0.6387261190009468,0.7449926738225141,0.9941439886584346,1.5077422452270997,0.34319333218493714,0.5066239999475278,283.1736426094791,284.4659781352613,285.77492872240634,290.11583723202494,294.18599412315626,298.4526071665032,299.91877222887183,299.9285808765475,298.76180114279833,291.4367049458311,287.2140570504699,280.36538785379497,60.53066107089952,72.40691640809818,59.157508366077224,46.73062255045122,44.424202515294546,47.31446702856345,58.886716378655144,55.836256499577274,30.123321727602043,24.075570637474534,44.25100699521213,48.59349502434404,1.4774077714563911e-05,1.9476196497433228e-05,2.717975164067685e-05,4.266706013522495e-05,4.499018213100005e-05,5.001697525505951e-05,5.226667029005234e-05,4.974893949134846e-05,3.972918368817064e-05,2.404983212808617e-05,1.6464270625271115e-05,1.3919355227910572e-05,29.21589889411497,30.61643014896537,30.094537291434822,28.4990477164418,23.52880517971507,26.728736589223637,28.81749460403102,28.764055818756002,21.90470629951957,21.0742545208303,23.25837070564864,29.503074883385406
AL,2006,4.249295222307047e-05,4.869215461553113e-05,2.2281861432516637e-05,2.9184229285399803e-05,2.6412025317584184e-05,1.292391177369068e-05,2.2763246052893096e-05,3.250265787393766e-05,2.3745944617944196e-05,4.46313742966573e-05,3.6320968656192954e-05,4.666360053981584e-05,0.005542927189574628,0.004288622181876669,0.005584579932593692,0.00884230384426981,0.010876333664480424,0.012072325782697136,0.014805844437327773,0.016395974809866105,0.011652116045216541,0.008053713116037782,0.005835152286791875,0.005184407954013803,9.009274227212249e-06,1.4363180588089021e-05,1.2136513077230294e-05,7.88240449246445e-06,6.535410636016362e-06,2.3506412133358484e-06,1.525921007488745e-06,1.5607372436560442e-06,1.028679936895128e-06,5.601836138680626e-06,6.081302309946941e-06,8.157400676263381e-06,1.0540449451093705,0.5238361127033726,0.4686500715814003,1.1352576753683425,1.2130967884194503,0.4763837839921774,0.9229896258482893,0.37560009520597815,0.14265318243457187,0.11850507801651625,0.3839549522305743,0.5461846343874343,284.60705417756645,281.65318175765566,287.3507172929204,293.6387484573324,295.44632980268716,299.6283709527131,301.1477619850816,300.8824325671375,296.478232975309,290.70545858755935,285.07786176470785,283.35770793952224,56.81572600397152,60.38047019064712,47.896140353312795,49.673039573898436,42.05690944277322,41.09268224386769,57.88971010521369,51.194234573453876,40.88184461845149,42.94067899152425,42.57305022668183,48.52702196733933,1.6695275163201888e-05,1.963500357283466e-05,3.034096282661987e-05,4.1183211700432373e-05,4.393291470357642e-05,3.207039105706485e-05,2.9352684545311592e-05,3.528838253360869e-05,3.097855408182929e-05,2.1084435716942063e-05,1.8340655924768863e-05,1.4131105931223726e-05,29.99400989044695,30.27473762082458,27.05987840602967,23.808494725803598,23.865950430131555,18.321119446641834,19.66115954682779,23.107505558351757,23.418935014992176,23.239093144910967,28.112035044920237,27.82632101011874
AL,2007,3.0550284238936916e-05,2.4113807414999498e-05,1.815985568959418e-05,3.252433700975537e-05,6.709486382472707e-06,2.221790756041432e-05,4.470628511281999e-05,1.9202743807850083e-05,2.4929239011317358e-05,3.9590817480603635e-05,2.262357338072794e-05,3.857289815278111e-05,0.0046533014117243155,0.0037365306979223155,0.006322828290140395,0.00660132771963737,0.009239477393239007,0.012816858642987023,0.01541837231464267,0.01579592685326499,0.012861991971815213,0.009684062647682313,0.005834857178052851,0.006015299652300627,5.226012767441068e-06,4.7786595207005075e-06,5.2182894994551224e-06,5.6907721481782555e-06,1.8456217955460232e-06,1.8560271147030841e-06,2.192732846682505e-06,7.657609565480636e-07,1.5210321508591388e-06,2.607340261950233e-06,1.9785433569504327e-06,4.455343619346043e-06,0.2953392820507816,0.6723091043366346,0.80344431133811,0.705136814857175,1.0490804058809722,0.4093368305292517,0.585007117054317,0.3382177781988576,1.3111750614157507,1.162355611637034,0.34451220512942216,0.5186412313990029,282.0174964299621,281.2307835045135,289.6796993900806,289.71455823406484,295.9108219797529,299.6666744067754,299.4165745911398,302.43065266301693,298.1563951169181,292.8531060301842,285.79974979577855,284.4844986728558,64.27439345412031,52.131165821219206,51.57029808972603,51.49785152917852,44.363269527172534,51.933152646019465,68.57244803166856,44.04381738034067,45.55577797548409,37.95842555786033,37.88888858343269,61.87443330578354,1.5069994334677593e-05,1.966240865183071e-05,3.123914921538834e-05,3.874600044715246e-05,3.243220551164286e-05,3.148363594064226e-05,4.1940368325737716e-05,2.9340488868923875e-05,3.118130120290852e-05,2.2710344041469922e-05,1.6204261040078746e-05,1.3230746063246081e-05,30.06002727222679,29.469866893240518,25.359437519549594,25.160564378784063,18.358910375282466,19.446361165100722,25.538579414615864,19.41367367381277,23.029776822892583,24.288932577429197,24.398368310956474,28.112091600153306
AL,2008,3.249259971215264e-05,4.740005364352323e-05,3.119096939533536e-05,3.894875058811616e-05,4.086867819251591e-05,2.7575179786751414e-05,3.2797056418370516e-05,8.177225653242012e-05,1.2251903881016485e-05,3.203809393513322e-05,3.3307419608003825e-05,4.9229303301317884e-05,0.00387030609302379,0.00507695396922003,0.005910926926651726,0.008304529643425186,0.011098129514615793,0.01407727525597908,0.0149992045052302,0.015200181275208757,0.012930671450097802,0.008313483903685902,0.005385749304253265,0.005529733717642241,2.9307663147647157e-06,9.085917941182742e-06,6.906598538661435e-06,6.180028187633012e-06,5.797868628525773e-06,2.1887931835125156e-06,1.8795175881923887e-06,1.2889752810856919e-05,8.515525215252144e-07,2.5195034798985976e-06,3.0839467799585887e-06,8.845943407197666e-06,0.28946466532344006,1.0501579912969154,0.8634851603846195,0.5713738467481659,1.1332208221907243,1.061333538016191,0.68597517989997,0.2618276266617497,1.2529319331129645,0.9601527664758396,0.3210048203847514,0.6014353124296015,279.95022113718795,283.40944135989736,286.6704404464599,290.6740604806264,295.0758339321117,299.37519140639137,300.07382650667097,299.0646263456969,297.0890112733232,290.44296108871765,284.30970875727866,283.5599111672637,55.36623418634734,51.98897666648779,47.6339091132256,50.408571253947656,52.15119846023788,46.876988956129175,50.93414927809481,60.74911076471417,48.89223585326786,35.98779398721952,35.94452598571683,64.34074206785594,1.4756148344561972e-05,2.0031504846049393e-05,2.9549817129704254e-05,4.044643751764063e-05,4.799193921098549e-05,4.575893756971458e-05,4.2140195930196295e-05,4.414012274668877e-05,3.598234445394686e-05,2.4324970182262882e-05,1.6304906959452963e-05,1.3998634273093566e-05,30.114117653085643,30.041693335702004,28.534257635560643,27.34799273433652,26.25240295648143,22.64522785379929,23.616904553684545,26.70239136720125,23.202302006934325,24.51981605350808,25.57638885626602,30.510953316990307
AL,2009,3.510318592166691e-05,3.8778603423458316e-05,7.914750308353015e-05,3.6845260577251715e-05,6.862150113285276e-05,1.3783110856913752e-05,4.70879823675348e-05,3.9575203526418564e-05,7.226718925892065e-05,7.131086238610729e-05,4.5094876907164435e-05,9.087088741578376e-05,0.004345387994550665,0.004445505747231727,0.00663761303126551,0.0079930757639485,0.012661542529154536,0.01503368179125017,0.014521349637052485,0.015625035442984492,0.014848913865565805,0.010015488712689924,0.00640981277744025,0.004645066528912245,1.0359687264345706e-05,9.269329607869012e-06,2.9033276989541002e-05,2.2537529927195124e-05,1.6841394419140022e-05,6.631571066821025e-06,4.956755989809972e-06,3.4254145529642328e-06,8.653500984019494e-06,2.0636528683700392e-05,2.1363111180629124e-05,5.0762184592039224e-05,0.8813484454368872,0.6964815068189316,0.7944589658242502,1.1161932114759257,0.7654436428998289,0.8582330795561111,0.8895794691347466,0.21450439041357164,1.1473163823941945,0.370883256280062,0.9775485932887842,0.24193802985035087,281.0476118442652,282.89013089117634,287.46373708696177,290.54583273347276,295.18260038801634,300.50725004182016,299.47014777067005,298.8111442924755,297.06338961941555,290.9556786518984,285.4637820106038,280.7550367918807,48.410866136623184,46.47111221583213,54.59820150955564,52.404764079547036,70.81211789150012,46.05290227365499,59.44199841405647,56.14104803091337,66.57967792888635,66.40198262682789,44.189063539454196,73.40847517655182,1.4687960593822837e-05,2.0657978096113412e-05,2.809013955492498e-05,4.241193594266343e-05,4.409451359165515e-05,4.889357356347482e-05,4.2267271250178494e-05,4.3428269787295556e-05,3.6157563842858064e-05,2.717904413828378e-05,2.1065178267524127e-05,1.3960465310316428e-05,29.883723279709375,29.316550022718022,28.951607833399002,27.95207467909853,29.065407993388188,22.17312540006942,23.515027255085695,26.47295678606643,29.355129212983893,29.895806461327386,29.302587195073528,30.608219654181664
AL,2010,5.255722117267169e-05,4.871135594923335e-05,4.54767127710082e-05,2.1865203521491738e-05,4.884586022670513e-05,2.7328081373754367e-05,2.7491527137441883e-05,4.722692495364736e-05,9.736599674371617e-06,2.0295840718431624e-05,4.791322911302395e-05,1.3198181017035044e-05,0.003455132885900857,0.0034986413627300207,0.005306229179543108,0.007734733385370706,0.012772652392306448,0.016241173473783534,0.016512751366796252,0.017391545620465163,0.012060755992285831,0.007277030850128439,0.006673491589947505,0.003386884223963912,3.555614201611185e-05,4.7946059698957886e-05,2.6384156895773622e-05,1.2760250671992229e-05,1.1113023163267122e-05,4.129305628740767e-06,2.6762318630347724e-06,2.948087551545461e-06,1.0656496612172003e-06,1.6792047179842472e-06,4.861205702974895e-06,1.1736280881083195e-06,0.8398806995189263,1.4699369379013654,0.7421706528621512,0.9491714513672255,0.8873032047600622,0.8196978890570278,0.5132919380722875,0.5815981630381111,0.24214760588130219,0.6626351645252622,0.4679772625906341,0.9753246917123665,277.87079977037774,278.3402397688181,284.28858430856803,291.7815574827364,296.567748691155,300.6757373245741,301.55364524634774,301.3494052341123,298.7891204942793,291.86746277788205,286.3973927128291,278.2763241278517,47.38015526595948,57.26276227789459,52.86614178617437,37.093062306789314,50.523820570030274,47.39361671244446,48.50074043014857,60.26397259639904,32.67978318963476,21.62633723058512,44.98612144296801,47.53060615941207,1.2189314370783184e-05,1.7063408966576268e-05,2.7391821270684715e-05,4.0960655109751786e-05,4.649153825933935e-05,4.679218393950523e-05,4.1523649852272684e-05,4.264755664266451e-05,2.8006343865643807e-05,1.7763351828459378e-05,1.77380590687627e-05,1.300145251177924e-05,30.35285682135587,30.520798183899238,29.76114440126069,23.961678108029787,25.33672865834068,23.7330603300818,22.893511796861322,25.621353052912415,19.28687065939789,19.47185638011227,27.45644326896002,28.581093465828324
AL,2011,3.6686951831811686e-05,3.466330370416485e-05,6.465754871199155e-05,4.017481579992198e-05,1.3421310218644544e-05,2.6629959025821425e-05,4.9058751968939946e-05,1.4810724222872504e-05,5.91196855041965e-05,7.684432812486539e-06,4.248670545199401e-05,4.004927153052491e-05,0.00371891571961628,0.005152964179156454,0.007011398427112827,0.009142029364869677,0.010404308032107012,0.014865455696227919,0.01723319515782869,0.015012790943399364,0.012093663893196863,0.007009863015566298,0.006615670225265206,0.005753464468097803,4.923551251416287e-06,5.79995291610822e-06,1.7952775887539195e-05,1.1861544995799396e-05,5.079164253918088e-06,3.0403917171219538e-06,3.5963182365018482e-06,1.2936536857762799e-06,7.919722005045848e-06,7.299243025836055e-07,3.98766484699555e-06,6.562328402176887e-06,0.6427502624064365,0.7139980502882219,0.4806394838635204,1.9862938239832062,1.0000687665870274,0.57182976594463,0.578894303139539,0.614342889745504,0.16993245134547008,0.8193574487237163,0.7970413315202579,0.34835691032853683,278.87210442394525,283.4301716844239,287.93713056716894,292.8078838869718,295.1159928842233,300.92803645037276,300.6719513271211,301.34268862988205,295.99075271969434,289.6986385167516,286.76905050961136,283.3955996607213,52.32351188316208,47.46905758460526,52.717692591705124,43.830757840667715,44.4041835397794,44.624994367652555,58.980375848881565,41.93400902262451,53.52576194476533,26.1693970303466,52.90674193491358,60.432056157714186,1.3694681111087525e-05,1.96703755216948e-05,3.010167866941238e-05,4.630392165645279e-05,4.0084323840617365e-05,3.790807166636772e-05,4.427106624274063e-05,3.7943003213359496e-05,3.3161237595526454e-05,2.2260150378471157e-05,1.5229122161274656e-05,1.3298673198188147e-05,30.134950288394084,29.280888228708992,28.466305728321217,27.03919952775904,21.593328425905174,20.87730494157715,25.793887654380754,21.361595094701784,24.92266432432658,21.3181794418016,25.03619555524263,29.340735271409898
AL,2012,4.7615408766918925e-05,4.8006318840138415e-05,4.3606218006693477e-05,1.9437238393424075e-05,3.159001743017308e-05,3.4290341498355634e-05,4.576618862733704e-05,5.1668398615593964e-05,5.3135723293099065e-05,1.7056932329735314e-05,1.1700748759131513e-05,5.283455056043192e-05,0.0053117969468829945,0.00586266835035997,0.00868307593559842,0.008816700721087386,0.012015048410610674,0.013147578683316213,0.016413112926718713,0.015664909095577124,0.012557335225702817,0.008285489663671045,0.00544221432188152,0.005965809960406253,1.3012646714995324e-05,1.6858465183232243e-05,1.4261963127031788e-05,6.9713206459071925e-06,4.771439083216847e-06,3.801746066823422e-06,3.1401355329321127e-06,3.992462716664036e-06,6.483274433966139e-06,2.1719567551715196e-06,9.154214977356642e-07,7.555139992123458e-06,1.2584002259474458,0.09308323913803576,1.1445711844022668,0.5703895774351214,0.20685687170138936,0.5970901903145469,1.020554840518571,0.5732589998239607,0.3284990432311145,0.5188566114892871,0.7005230770003879,0.6799354928384882,283.92483064452836,284.96142670985824,291.6845925256327,292.1381152396785,296.9208288149444,299.1138176965834,300.8997590073781,299.06819881100915,296.5673429794169,290.7861154167433,284.67570738929965,284.23470534260196,48.82517611158666,75.2602836162956,58.466008614035026,42.58438882809279,40.58647323909186,48.140308890067864,56.38494040246065,62.6402633442247,47.94025647726233,36.78952604404927,33.0925604640604,61.49899770557965,1.6098033815258503e-05,1.887319386801978e-05,3.2824707489990356e-05,4.188841010321418e-05,4.638985396271007e-05,4.3677461443737776e-05,4.3540892777058634e-05,4.5020987025786664e-05,3.9228423746121604e-05,2.7575614840817818e-05,1.4530140905349827e-05,1.3346621812241366e-05,29.656460557256963,30.20450999561672,28.989600310562583,25.94815948233126,24.000258456002975,22.617674678322384,24.25726718607464,27.165018985228397,25.879303902892445,24.844627142339768,22.774515037905868,27.794524729472926
AL,2013,4.842271469318187e-05,8.33400205239395e-05,3.787052088399253e-05,5.33117489623864e-05,3.4470726582403754e-05,4.9335794527834104e-05,7.680679442645148e-05,4.590390996228502e-05,2.902848060172123e-05,1.6508278168706556e-05,3.4297564371372465e-05,6.08075272595111e-05,0.005862890448270695,0.004912306374147561,0.004521494009002642,0.008452042122228602,0.010315583433050128,0.015396379874956505,0.016134016315613002,0.015961407253040964,0.013449574783974669,0.009541366199681928,0.005224350230489702,0.005483211824978268,1.224809482272481e-05,2.6607805122252767e-05,1.8689488928720854e-05,1.901499340029514e-05,1.4825140419325137e-05,8.439200244968427e-06,1.1952705335435003e-05,8.57301012400603e-06,6.133753408999236e-06,3.1098436833508686e-06,4.889950010047808e-06,1.2851272431407538e-05,0.16467612730905035,0.17567290064703328,0.9725683194421156,0.959351911891854,0.7542417059867997,0.7885524034397282,0.5830507870444388,0.40615196292860234,0.9249296296316336,0.43098184625689545,1.367985039517151,0.05927940625894688,283.8397189484369,282.85992638093865,283.75545918118854,290.63212417383846,294.29282985911414,299.3316549556503,298.63165577206365,298.8311224660068,297.482866718122,291.87123725962357,284.61707197660337,282.5736975421432,69.8424800729276,57.57847747734169,48.136497965319684,59.79106502259186,55.06070575882324,52.91908150899638,68.67000498512651,67.5562505828961,45.1187138471721,52.845300006106086,52.70389186224168,69.0785232033439,1.4483296635148675e-05,2.024782185144451e-05,2.790121077539106e-05,3.979845838534669e-05,4.687353490670523e-05,5.090002273792555e-05,4.7365924294100924e-05,4.6091077915250684e-05,3.760535616741322e-05,2.534035513464134e-05,1.724391864718601e-05,1.390924331239259e-05,30.176784591431364,30.394650099733436,28.82454191227736,29.215625462100967,26.171996256267963,26.1936257850227,28.991308764794997,27.90914041652916,23.688263984625134,24.73316025069918,25.742983281186792,30.387436935367454
AL,2014,2.3567034790093955e-05,5.700441903088386e-05,4.077129826915909e-05,8.30770134665914e-05,3.551732730200294e-05,3.247236843550971e-05,3.164912446755574e-05,2.3911648495673236e-05,2.7973584776659416e-05,3.015980002206958e-05,2.4854333150659613e-05,4.5413953398213635e-05,0.0027465761382953636,0.004911093717190068,0.0055862985832846315,0.008542812994463111,0.011243645696657117,0.015294858242193458,0.014277021800121088,0.014846820069837379,0.014259179167159549,0.009388239344317715,0.00460941348760002,0.0059112168500326245,9.31033126803862e-06,2.0774695684806974e-05,1.813291405290511e-05,3.12866575260185e-05,1.795415746070159e-05,9.076935045715361e-06,5.5354052336364e-06,3.092444526941968e-06,2.163654311483679e-06,3.6714330330454547e-06,2.8302045326094935e-06,6.8789167516571695e-06,0.8138890280530022,0.40975828474054743,0.20288487588024434,0.9135290001268526,1.0581443026041948,0.9730667808041804,0.6065305425222376,0.19050243032968323,0.8926773306583676,0.7051131583790309,0.45472712211289423,0.5831229758413531,276.8644768461844,282.1124259051502,285.21125383665907,290.7579968461318,294.9010153061429,298.6882312912741,299.0174846500858,299.6334622981112,297.54831711036354,291.9681212219509,282.8606987778266,283.5901100555086,44.83053736890867,66.74886084883144,59.71440302886567,57.8158609280515,51.81796360694323,63.100032309567645,53.53626751422384,58.784795275889515,56.44971503108644,38.049377426180556,43.150361279799704,60.50225664057599,1.2827207872935591e-05,1.770838804679951e-05,2.6807720251719248e-05,4.059518496312676e-05,4.9952521527531995e-05,4.7909369357426444e-05,4.40244403099169e-05,3.751630132097882e-05,3.2412282214661634e-05,2.667859136024327e-05,1.4255668286960953e-05,1.1712984777898824e-05,29.79898888549733,30.561167265566226,29.827193510160498,29.029546178078,26.24403681201317,25.637223932032402,23.319271564306934,21.777969638850344,24.10153007794944,24.640607215069185,24.47142002254026,27.738353712225074
AL,2015,3.4036476163842694e-05,4.0610979561240924e-05,4.431010923613428e-05,6.653824543952662e-05,2.3251522919861958e-05,3.2071749428945894e-05,3.9211055016445265e-05,3.66983925638435e-05,2.4269567514524653e-05,3.681933810711974e-05,6.83102281399685e-05,8.080695839558178e-05,0.0039989510125890484,0.0033592900584354926,0.0075892024902984795,0.010169118049969988,0.011505477988319867,0.015177088581200288,0.017189353404863467,0.015261323060203518,0.01311449825117462,0.009088365461079651,0.008047418027102954,0.00784670918083227,7.25419623315419e-06,7.619935299812605e-06,1.5321571858601852e-05,2.270474264697977e-05,1.0771826384603162e-05,5.4711840346371785e-06,4.771074171847574e-06,2.6783958300118195e-06,1.7485318382873103e-06,4.224724589836761e-06,1.576417519439317e-05,2.1664528897466602e-05,0.8032287481248688,1.0086329562676484,0.1859703208431469,0.6115292585925672,0.8664523577482773,0.9404812967050451,1.1218033789524113,0.288902786264757,1.1140260484009696,0.9798814315077851,1.09243404963683,1.1717462768868923,280.2724755246397,278.86599913329604,288.2139488697063,292.898362755256,296.1019025438554,299.72863927541255,301.02550712452074,299.68754019568615,297.1437371461641,292.1606728519664,288.74188100064185,287.5656613129407,57.88909086593159,55.3739393359279,70.13582580359554,73.35094006019783,57.75569344399798,54.10153161952602,59.5201741411701,53.09837586215277,51.21969466973448,53.590818900773286,60.055092838500634,61.09244521468386,1.456558771723756e-05,1.7615648971103825e-05,2.5497387810326275e-05,3.896919462361654e-05,4.5514241164332365e-05,4.6037842231934626e-05,4.8585945367656374e-05,4.2352305112232155e-05,2.89182838172845e-05,2.2785580890815944e-05,1.9667581629666118e-05,1.5312792952425582e-05,29.85187008035721,29.689021886310172,30.370750695771996,29.18289790966577,23.52594795661778,23.62982429426657,24.864004098874805,24.538992427870085,21.993047130968044,24.021714589852305,29.53440284656013,29.684337970952775
AL,2016,4.079472817548105e-05,5.01073512816688e-05,5.413257960996912e-05,4.7333661993936e-05,2.0853321166736027e-05,2.980877135041507e-05,2.917919315895176e-05,4.139933857622257e-05,1.5951962758087083e-05,1.8692724860575662e-06,1.9938567485676626e-05,4.828385510339482e-05,0.004044150007642319,0.004653952374091047,0.007475385157824805,0.008340372528256142,0.010428706587036738,0.01421239525015601,0.01639227772261617,0.016926192345141634,0.0133205838355823,0.008458085018043912,0.005790188849564038,0.005506415403226847,2.0972824712851056e-05,2.9858368830769526e-05,2.6627670901599793e-05,2.1043675118268213e-05,1.0104020556836578e-05,5.120962667988485e-06,3.18020398649287e-06,3.5246977331244957e-06,1.515012453037095e-06,8.426440607199914e-07,2.834284532250093e-06,5.646251480178024e-06,0.5313390329463513,1.1001511287324282,1.054926207464332,0.6165295352049117,0.4021877432507902,0.4712285244383706,1.3545040016288974,0.7379463414976086,0.45238340274666294,0.7310095382833138,0.31013177993892166,0.32785466202248464,279.9349393333884,283.51997532806587,289.2079062492719,291.5754993684459,295.3522001910576,300.10512787213605,301.29338454604147,300.9738248958575,299.5621836572246,294.41621165707505,288.4994187143284,284.0986878891718,55.03015747904306,42.8563212953802,58.211337362102924,52.83384518532872,53.40617535416228,56.178978263557546,58.557113414153825,62.18407691564972,40.27623358742962,30.974558530585483,45.68005861542453,62.80770375639282,1.4771388845068775e-05,2.0745269177780948e-05,2.9726160261566726e-05,4.315097913259443e-05,4.584420819644827e-05,4.4025062364307796e-05,3.984283915705509e-05,4.2938445676829244e-05,2.875014007840163e-05,1.269586607002264e-05,7.702725624494764e-06,1.3831342456043587e-05,30.104768334993196,29.39710599407152,29.64557513028214,28.64262728959694,23.671147132356847,22.488390106364974,22.477150430678144,25.59727710381629,20.60895005212852,16.36379317555691,16.36734313305798,29.52289687829634
AL,2017,6.940291581655846e-05,3.708347801474264e-05,3.143788547761013e-05,2.6728067752808886e-05,6.519234020244156e-05,8.507542687133839e-05,3.6122018382752817e-05,5.151867259355451e-05,2.9604687594146618e-05,4.9616334520893795e-05,1.2274645194579171e-05,3.617117116838786e-05,0.006188945605776026,0.00645021492068986,0.0065263798073711575,0.009376224696629257,0.011353364305169047,0.01514993870702425,0.01702908824250352,0.016170866770718703,0.012980469029875224,0.009771126773884952,0.007046581732128139,0.005221048067545586,1.5542828091979948e-05,7.1608483011378985e-06,6.6660940807625034e-06,8.435923144580479e-06,1.0550861170406984e-05,1.5205761951099702e-05,5.916140068207683e-06,5.957597031172656e-06,4.622860552784883e-06,7.64548894794371e-06,1.885116767258076e-06,5.136633876506399e-06,1.092961379246838,0.675300495213051,0.46994877660812717,1.332772557164951,1.2662908952429983,0.7945749083797965,0.7634304184232208,0.37306575238344464,0.7437028846264483,0.8543155022735482,0.3167016169295599,0.6988945284089761,285.42406362386475,287.19586560441206,288.645417728988,293.58450249717356,295.339171003692,298.05964557348614,300.51377647390666,299.70445518221175,297.014618674849,292.7214262252004,286.99950908422437,282.1847862853086,60.94608497436306,55.82788844543192,54.4408896067622,50.50800569542747,51.46736749722559,71.1195581495015,52.47394553756409,68.50540462966617,37.08597761045677,41.34386315149878,46.06646764746909,66.99612993830515,1.691919826398671e-05,2.1150688585451078e-05,3.135368299604979e-05,4.223053366804034e-05,5.1000652171465276e-05,4.954730607994849e-05,5.540269129224104e-05,4.673401569456609e-05,4.272920313399595e-05,3.068327452188908e-05,1.8392708162728334e-05,1.3450562147831026e-05,30.080165277418693,29.66192165783668,28.721655505612645,24.914149139379695,27.036508383949624,29.085228003342436,27.76842956249787,26.672175366026,26.218716552465633,26.234121188732377,27.2053767655969,29.76059068441951
AL,2018,3.06727966605518e-05,7.04272005970664e-05,4.0592330605408345e-05,5.997305804350929e-05,5.227171945241404e-05,4.188850701052766e-05,3.906395484627262e-05,4.892800739966052e-05,4.381124399313342e-05,2.7239890104070824e-05,6.46650388753115e-05,9.142305824056044e-05,0.0033055745235405294,0.008206297889164896,0.0060880557606225304,0.007333029174251099,0.013089137275615103,0.01634793277086884,0.01684748173821272,0.016239945270544308,0.016305643275734465,0.010641540850805679,0.006340180141727235,0.005933368320433913,5.835121260089761e-06,2.34066934136188e-05,2.0771084671726246e-05,2.0645596871866456e-05,1.2427237707536946e-05,7.3561657885498785e-06,5.355806991446785e-06,5.605294105479905e-06,4.504540410494179e-06,4.300921082387461e-06,1.1525488179911692e-05,3.242565153026924e-05,0.779183103275192,1.2529824597629646,0.8377576618726814,0.49366674846590197,0.5777735572870605,0.9131860913335696,0.15130503822672417,0.8105400671555264,0.8379390396947799,0.643504062927065,0.1321736060593443,0.23089716686078324,278.5572719339078,288.3133114528341,286.9160220309936,289.5269107973512,297.29825124122,299.7060191846958,300.43741556238274,299.69277435540477,299.5393229347431,293.69510605231017,284.1739078071714,283.33573763937204,47.998475619002754,72.6510250056555,54.8287819650524,47.54569530245896,58.296621483770636,59.714342355900094,61.30844119619543,67.5206914639,60.28950658514604,52.957747738548356,66.31359593159102,71.9833871469449,1.292666307071222e-05,1.9037723378348542e-05,2.9374493104322664e-05,4.326234363449447e-05,4.687820734730943e-05,5.503809290847687e-05,5.1479392720613116e-05,4.5723698056331837e-05,3.8240565088065215e-05,3.0064159183577993e-05,1.8134319758260922e-05,1.4058588244916751e-05,30.024794245167065,30.428094002217126,29.755886530136518,28.783354595326728,25.046537330203773,27.80953019187149,26.28097387002535,26.807723000852288,25.89750353718487,26.106700920561984,30.326741124293665,30.908750457269033
AL,2019,5.432376881955662e-05,5.6416260470649007e-05,3.700741925563649e-05,5.384665242296049e-05,2.8891071578966893e-05,4.924746312533885e-05,3.3065732615910594e-05,4.048033280929899e-05,2.7373824271879343e-06,6.13997768350709e-05,2.604880408810169e-05,5.9629350396479e-05,0.004800483203934876,0.007129154242904272,0.005673935010801308,0.008726422501894655,0.01280084114151858,0.014718489789044345,0.015883865733100893,0.01617039871623572,0.013980859531087993,0.010730910993101646,0.005528406468638246,0.006038172098052805,4.817854553736315e-05,3.7462904355997425e-05,2.9394084411791498e-05,1.954383922424183e-05,1.001182656271357e-05,6.878892734588748e-06,3.7626617937799816e-06,2.9056085905102736e-06,1.1985243963316482e-06,6.876618786673514e-06,3.2945469103197597e-06,1.1415040517965246e-05,0.6137840523655267,0.8863574502865081,0.36026144572384,1.1004753790921864,1.1533199927206654,0.7682823377050826,0.3944096727031511,0.16953631054092974,0.5812412568051375,0.6015905808704325,0.6388634774591935,0.3205305516952098,281.6427504465005,287.18772320902775,286.6789837708779,291.6849871198014,297.6472482124325,299.4703739094054,300.52731892777314,300.56188176597067,300.7436044541965,293.93873432033087,284.37123806356425,284.53545702484035,59.847141323356354,82.59765289689983,63.35263482898997,57.421387496040936,48.7746951017834,65.2961465301276,62.6525275730582,54.016879769075764,27.353915601767003,59.20988699222448,47.651812603021526,64.82836268326264,1.545905147902303e-05,1.857579288116324e-05,2.916556411728636e-05,4.376601773861284e-05,4.816544375380198e-05,4.864178685689496e-05,4.5947301923282124e-05,4.250280815385211e-05,2.7048945087416803e-05,1.8539530974110434e-05,1.9521148836541184e-05,1.556195262506778e-05,30.220918743860075,30.345310372433527,28.862678336480272,28.54654237432983,23.96846917735688,24.916157579451298,24.3562344805612,24.27961631359729,17.913678413265497,23.111460370120245,29.136717129989457,30.134188135131275
AL,2020,5.406214839472988e-05,9.159054467802025e-05,5.967909258762805e-05,5.932299845671233e-05,2.922744017344199e-05,4.312390241259366e-05,4.166279565222418e-05,4.7053175612430385e-05,5.484049713557264e-05,4.0637191945196205e-05,2.7235021006002648e-05,3.6596750352550385e-05,0.0054673535840836915,0.005895397856163607,0.00903978331936332,0.007699675156186284,0.010270756802079487,0.014530238225811024,0.01706004329051561,0.01645447082142153,0.013606540140156675,0.010627427237153635,0.0072125176747201,0.004774455146614121,1.9340883292402946e-05,5.866100711309375e-05,4.371435481176027e-05,2.6419585734897253e-05,1.0708437750099471e-05,7.4490463347089555e-06,4.749344328502486e-06,4.988184191481885e-06,1.0552111518048905e-05,7.555812960380046e-06,4.704383341233583e-06,8.286547683059735e-06,0.35859388812810117,0.6246217071885677,1.0752586708020015,0.6459467274851752,0.4070759736999278,0.635238234461643,0.5890645666690655,0.4530931946403902,1.296397673172124,0.7418781131374478,1.0490218796276238,0.33898832602993284,283.95411624359963,284.43224006535786,291.2026067466579,290.9608989324042,294.707470061903,298.73125866590317,300.44505017697014,300.129709784006,297.1952408563417,293.2473787682127,288.5404243848279,281.4994230041584,64.14741059934599,65.18563402972991,77.57059518468405,54.286362653297935,52.25307697600671,60.563684741472734,58.78560199974975,54.85239262255811,60.3718248914507,41.78322939994209,42.58611111605907,45.67546971556615,1.6133193653136254e-05,1.8934642511361446e-05,2.867652599337709e-05,4.319200111370788e-05,4.6827291052926725e-05,4.6652677002025376e-05,4.9279111516466106e-05,4.0767546867110025e-05,3.897649590356034e-05,2.9865856947588183e-05,1.963685246001206e-05,1.4618424525010885e-05,30.738084417621426,30.775367910444846,29.11251038564204,27.057090712848872,25.365248797746236,24.86870941166047,26.051466980874547,24.245008515494266,26.03849635413635,26.328901027369845,25.91540911224388,30.159070644581885
AL,2021,3.680360144141883e-05,4.848371773679472e-05,8.007102915050806e-05,4.4925818159718496e-05,3.7503600597754015e-05,6.861796035994616e-05,6.510995524665839e-05,6.26184097725538e-05,5.183627793634402e-05,3.854263952344893e-05,1.0008533784620227e-05,3.915268212896102e-05,0.004810835981967859,0.0048921378167572065,0.007167901256347318,0.007348696576399472,0.010278906717844616,0.015084170984588386,0.016919113032201363,0.01686751268975995,0.013970862827303686,0.010927987069125771,0.005470231906315985,0.007995888091527037,6.98571655474203e-06,1.4850062555592488e-05,3.7383451209465655e-05,2.82268079377655e-05,1.5976612721216244e-05,1.2396464910101705e-05,1.1309135609362628e-05,1.1028226270620477e-05,1.0559277790160466e-05,1.0484763236894626e-05,5.465968200305612e-06,8.180267734692885e-06,0.6917233618739617,0.6405646790229204,0.7126252310163924,0.4704977738521893,0.7326094828065506,0.955036864062082,0.7960331308183664,0.5102120401194757,0.3827650816577469,0.3699819811475842,0.5997328902741971,1.25570507430942,282.00610318439277,281.95917132152937,289.14741183179177,290.41223869823756,294.7871002488749,298.68416432414347,299.52116445661386,299.8536912666159,296.78728023155156,293.26082157598415,284.7317428837929,287.5346968054317,59.9761903154184,60.72760123345914,64.53782055892968,49.08911156381682,60.90836084743129,66.62790657243374,64.99876600304869,61.495336787543344,54.692087317585504,56.844577453878266,33.11496070354547,61.02179939124904,1.536800675569619e-05,1.8042267096812594e-05,2.9569692654744333e-05,4.316472812563009e-05,4.866848457682292e-05,4.9723100203337576e-05,5.128755400064016e-05,4.9236310020577814e-05,4.00496282233035e-05,3.0850602852813376e-05,1.9979670865230934e-05,1.4155741423536929e-05,30.572586775134628,30.623603320069286,29.17899623611261,28.15290276771402,25.333578557090437,27.375400319567508,29.698164190086295,27.077966707831543,28.54479275998528,27.584025874304466,26.393547146139884,28.782931276256598
AL,2022,4.195214333911894e-05,5.16746485102762e-05,5.2140208885666846e-05,4.377094395572245e-05,4.767344989069461e-05,2.556155173698703e-05,5.362815910541142e-05,6.158396185288881e-05,2.230627469861352e-05,1.4753332888636755e-05,4.3060289817690427e-05,4.457712737276045e-05,0.004067874043593389,0.005043162018110297,0.00609753791172453,0.007820068605028367,0.012432088660777139,0.015294539504659421,0.017195141399066912,0.016623048554982176,0.012194840875919518,0.0072701083921189735,0.006737499611227136,0.005564138581337407,1.500639936825579e-05,2.4896831462414456e-05,2.2382731384523742e-05,1.7838677505921754e-05,1.1883372664247924e-05,4.658068894870804e-06,5.767345893603585e-06,7.978868304761187e-06,2.0180008095981123e-06,1.1669857323707316e-06,3.9014666037773525e-06,4.745650674823209e-06,0.7261199783605331,0.3157424601683789,0.6949152391433137,0.7952621574129066,1.110239229695991,0.09318080482834916,1.4081433706819748,0.6012428592128621,1.0041514826642786,0.4408817958518294,0.8788494184706545,0.39710353333410436,280.28975089185553,283.8554579598498,288.05968469123593,291.2858438070743,297.0257491350933,300.67683656328995,300.9706955791734,299.49069740214344,297.11758724520183,290.3788470568623,287.05401086824355,283.5951822253698,46.48971024392105,46.910954804225476,42.71571249003682,44.10380581776839,49.68631672719507,57.19311537570035,64.96734154362038,69.24557424791824,35.98704604833703,30.003707040502075,54.124075107620214,60.14854898712765,1.6741884330198826e-05,2.0140905709150857e-05,3.2560461678451443e-05,4.4395374641699565e-05,4.652971724193186e-05,4.871132241303635e-05,4.92104131178689e-05,4.417137836776334e-05,1.2616317628589865e-05,6.658572323648883e-06,5.687810833308886e-06,4.5779599603010775e-06,30.139033296937082,28.97190327372467,29.078114495521124,28.03864989176807,24.327410302132826,22.837282560966692,27.09172544047423,28.6521889297886,24.995523672600047,19.564858584041755,26.37152574164481,30.13039727059753
AL,2023,5.8803374845103476e-05,4.950223408289968e-05,5.136489552727109e-05,5.084137847591496e-05,2.841440299013522e-05,5.5580874070365965e-05,4.1888932661759905e-05,2.733081507724804e-05,1.8141922081504197e-05,1.3486907066831979e-05,3.118790054779945e-05,4.219860611395477e-05,0.006066421811616618,0.007064513044478428,0.0068089175964562735,0.008177440382017745,0.011049246605345899,0.014106761974379347,0.0169912194003111,0.016617364511919964,0.01299864152955629,0.008631673191865802,0.006180012610714922,0.005126561084586584,8.179169659061244e-06,1.2916462475711967e-05,1.2112350555126936e-05,9.909302742721843e-06,4.547408049135853e-06,6.334490155528298e-06,2.3751319085650155e-06,1.461410522348842e-06,7.807919361851221e-07,1.02453296862254e-06,1.5124904033716545e-06,2.9278605772634306e-06,1.1199924570880495,0.9742037940369525,0.504902410513796,0.35832305383974933,0.4139894730115514,0.5460350736398728,0.9492605644455047,0.23351860628797377,0.7924875588195792,0.31760701308237993,0.6785878309797088,0.1574511310579562,284.92884325132866,287.52593357411405,288.8418701524605,291.6328088670306,295.3364721618026,298.83546993341645,300.8415621646309,301.6093920560348,298.204361957696,292.4294422746172,286.51827698998204,283.49524959347275,59.605032034652424,68.69347869333066,52.68931106865823,61.28108545505321,57.950605149507375,53.17777406246537,58.163889585809784,43.91701273825422,44.65099176778018,44.68658300602003,51.4267363443379,59.789511749437686,5.0799826676070986e-06,7.365794958126396e-06,9.72779803580217e-06,1.3176959862446455e-05,1.4483594438274315e-05,1.4857454705364197e-05,1.5436282954362837e-05,1.2814183667355247e-05,9.903387667806036e-06,6.0696198558561945e-06,5.207831082929263e-06,4.966668598422779e-06,30.652878316255197,30.074240873750455,29.261977844291714,28.08814669009459,26.38336664609847,24.71495800619522,25.704393502928806,21.908164158234303,21.811380198381872,19.688868437101238,23.764543379933546,29.237410110144435
AZ,2000,3.178272731576014e-06,8.935144055489503e-06,1.8520776257641007e-05,1.545553503234088e-06,3.6132466664815527e-07,6.661786475458236e-06,4.7540523376020525e-06,1.8078505725438342e-05,1.7643484954947831e-06,3.0040162897758688e-05,7.841365089122547e-06,1.3568235753633201e-06,0.002843461216065471,0.0033768501758033942,0.0036951249199926135,0.0034394239938299797,0.0037620393241017524,0.006099107842313457,0.0068116398261029,0.010263245007428956,0.006664110026613235,0.006294570963884067,0.0033400628898101483,0.002859374844653072,5.451141973617611e-08,9.655556425432976e-08,1.9276936218863655e-07,4.1948536162300954e-08,2.919780898067421e-08,9.98012886563205e-08,7.311486705314247e-08,2.916699977557495e-07,2.838547920806354e-08,6.938200871468041e-07,1.8881519538229245e-07,3.157114078012066e-08,0.4539550950588312,1.1151536297948548,0.6743831161386131,1.3320294102013772,2.076841407169688,1.686500999926771,1.6189211696267969,1.0562116593544566,1.1245923788281609,1.1397823270756493,0.25646194480638257,0.368639355578994,280.95776253687467,282.4208844305888,283.48684323889626,290.6684430053827,296.15680008115584,299.5855206282742,301.6225920378574,299.822841222181,297.6592855269101,289.237052626742,279.82775016666744,280.2767049945991,42.021336054364305,49.17482690918324,40.83083600779863,17.439214527725746,18.721070103761665,24.56153824445311,32.57448117663388,42.390146075130005,17.681314263339615,35.13042917899367,29.037464202131204,33.994641416445795,2.5889910229009304e-06,6.206299482369974e-06,1.4074211796291215e-05,7.819367939675277e-06,2.983328857413185e-06,6.071310876983673e-06,7.633875436276823e-06,1.2870031960123748e-05,7.874907802118375e-06,1.1840060432792797e-05,1.089991776313819e-05,5.1998482340045045e-06,6.698649358780559,8.651882483182114,12.245699643219357,6.7623939607801,4.829999122407515,5.435996816131054,5.908864285265233,7.696313373088102,6.186758307496582,12.0619605884066,16.1967380622626,9.20230255925218
AZ,2001,1.5338658987839243e-05,1.3864718361680774e-05,1.1928557201579776e-05,1.0893019842707934e-05,2.580294879476859e-06,1.6359637420180046e-06,1.1390101741728856e-05,1.4237812849344494e-05,5.317473319473158e-06,4.272122764855726e-06,3.7156569857232005e-06,8.481719252195169e-06,0.003229490197901378,0.0034997059108455163,0.004113840010731481,0.00387862099403702,0.004140415172085551,0.004722609068036972,0.008606853022550624,0.009606528717930938,0.006307097112486339,0.004661747526002472,0.0041366143632200515,0.0029308243941621754,1.2935408347112917e-07,1.7730819359495637e-07,2.0353615916836426e-07,1.414479743586568e-07,6.133981207691701e-08,4.825996014372022e-08,1.4509540691873742e-07,4.04918902981481e-07,9.439535758978615e-08,5.752895814075121e-08,4.526863303084857e-08,7.97031546496277e-08,0.31116135904522557,1.112966010164932,0.6915323811887562,2.0622814345104095,1.280148599591894,1.9202630823045324,1.491804086902384,0.7995959425807149,0.8896658381064102,0.5255053405648091,0.10520086613323112,0.10069627886480068,277.34571450410107,279.68577626013484,284.6036160794585,287.8927660764403,296.10216645759044,299.7276791357035,300.3840590567456,299.77940648048036,298.22431256221716,292.0180564287245,285.3448444616063,277.2864940124541,41.55933011387092,42.55654829246919,38.77692701032857,32.73981900373155,21.98120523903787,19.647344423791154,38.927130301036016,38.92597492172408,14.199775894389955,41.13591255803952,34.77536723420141,33.117724990931066,7.207142296034478e-06,1.1526691997145644e-05,1.7287889766399935e-05,1.4464654890285675e-05,7.596095554716383e-06,4.923614341413295e-06,1.1501005540819138e-05,1.4846604003356382e-05,7.253193879520266e-06,5.206240473711181e-06,2.9495086954287966e-06,5.055023594212581e-06,13.959737690311353,14.952858599203049,14.284878749116011,8.925655204299455,5.760020302038756,4.9886638651317,6.834179408009657,8.018674975260307,6.367409889180897,6.207167252253179,6.024498626706131,10.933122333142368
AZ,2002,2.688429208238461e-06,1.3206209419916962e-06,3.2091560652468897e-06,9.305185834542964e-07,1.6247960678405113e-07,1.4886581814695495e-07,9.473440172724591e-06,6.238179957795321e-06,1.6694067982231e-05,5.909380779900859e-06,5.9176661720337e-06,7.930396355279556e-06,0.0025125060091182516,0.00182570287347105,0.0020648405801281184,0.0032502631991403554,0.0028846374276570207,0.003942054273532749,0.008207104528351678,0.007142183971794509,0.007135567756372039,0.005038765810870961,0.0031065584154789175,0.003495786622884513,3.718545775446232e-08,3.9087985184832414e-08,3.904198047470131e-08,2.273213170343079e-08,1.6891579842990673e-08,1.4749727844717153e-08,1.287317269786142e-07,1.0546666539872544e-07,2.8164571056532836e-07,4.9486777905351685e-08,4.7133090144931524e-08,5.7424713954638376e-08,0.1382792305879872,0.5877042669654536,1.1300837518825277,2.36370684393623,1.9841287018360116,2.0953715529525683,1.1504957690513922,1.6262401106350708,0.8044814879401531,0.7729481547947001,0.36194385025636727,0.0806354676189147,278.914400163937,281.2651132635502,283.829873594594,291.0301888432656,294.1982994955196,301.0083967982004,301.8551148663318,300.63182572652806,296.8898574166211,289.2976903315371,284.034269423415,277.967125238456,40.362496780397365,33.56109039482955,27.958942147810596,29.058244285408612,17.145969707855237,12.650158293346506,45.84063116359444,27.659150535123437,24.456394464481114,30.75951503642059,30.225987578737374,40.41205566554352,4.0021119152130545e-06,4.397915579270209e-06,4.204357499832999e-06,2.6131702334785776e-06,1.6509851866930964e-06,1.7066881936517118e-06,8.757678529441822e-06,7.370547641414924e-06,1.4090055037207362e-05,6.2852525856444684e-06,4.080676742788907e-06,5.662616947791926e-06,9.417672767931064,7.62573260008557,6.109822420777786,5.199713431888852,4.609519730807114,4.124941735586413,6.108650567252696,6.022722549920699,8.740923198478827,6.8525538610109304,6.980378824913511,11.148389825061992
AZ,2003,2.9312169801924897e-06,2.820288114804985e-05,1.049696130501312e-05,4.001537960884916e-06,1.0876320674421837e-06,7.611508937069156e-07,7.577911004887172e-06,1.6092698508349267e-05,8.605986482061208e-06,4.254554239107503e-06,1.1803180660893892e-05,5.074244062228399e-06,0.003677388988626002,0.0035854090444333844,0.0037602000940105272,0.0030508081688442657,0.0038279608314496305,0.00444655287705033,0.007659926888000675,0.01064614568410539,0.006748063614922594,0.005086484907705672,0.003697465136174785,0.0025447132037247724,4.055860107672067e-08,2.910903018269129e-07,1.7467821272772108e-07,5.2971242181370304e-08,2.760293608976061e-08,2.2546616961462635e-08,7.885660769026284e-08,2.7676496398185624e-07,1.219218291283668e-07,4.140368034708628e-08,1.0750652754559018e-07,4.309215958087351e-08,0.7814527687639973,0.8488056191066312,0.8015107135399402,2.3454525972425486,1.7628597812759392,2.003693050043925,1.1416769191423324,0.7424367365432676,0.6496986366051719,0.38868660662526167,0.5214149526805709,0.056982495478277384,282.0069274956165,280.95412451995895,283.7932761906742,287.5725319678678,294.8099573994385,299.4439102419103,302.9986267810928,300.33912306665115,297.8411560807704,293.4438222044862,282.8011938693124,279.2998153153341,29.014668080593907,53.14257526759295,32.97487275805248,23.02136441699098,31.708983900614268,10.841252306760898,31.38639301895815,43.92085704005144,22.044781137617594,21.33624936683836,38.544118596003315,41.778779651880996,6.320109989484479e-06,1.0182419068471419e-05,1.6862645234662194e-05,9.071862084915854e-06,4.384538863525009e-06,3.3694837246547865e-06,6.7946387198979766e-06,1.5224067642186972e-05,1.047962152569078e-05,5.799519398586757e-06,7.759871141542918e-06,4.797557472770243e-06,10.762604121808472,13.274907767023937,14.218333743957086,6.894021119877665,5.189398794359315,4.813304559693985,5.419155241526351,8.118191596835683,7.283635774911774,6.388762698485294,10.639445692532988,8.987872350602771
AZ,2004,6.836805107641843e-06,1.3081003825467973e-05,7.3495827234418e-06,1.393584742300947e-05,1.1907667682618355e-07,1.3686857466783426e-06,7.441249387411866e-06,1.20048910990812e-05,1.3415091842681022e-05,1.9651398216799757e-05,1.770001200841421e-05,1.4909359245056936e-05,0.0033377276101739153,0.0028457199960331605,0.0038530478590074182,0.00395977868739822,0.0033093177732797996,0.003811325108825722,0.006852138979586168,0.00783883716769329,0.006179776308296259,0.005212546828081935,0.004327578631847534,0.0034555205087832717,6.040573744414763e-08,1.0707742082515643e-07,1.2911400666800123e-07,1.5228583432261092e-07,2.409091319325377e-08,2.758875647160642e-08,1.2233925284053725e-07,3.491997522380554e-07,3.1836927522512704e-07,4.428224732917877e-07,2.491365459006519e-07,5.289810922016124e-07,0.22577797469928118,0.431613532256685,0.1935211457051713,1.205349595336698,2.261621928432929,2.105935577959797,1.4261787827941894,1.2093778046463135,1.1227442674616996,1.1998740935550625,0.31813072239621887,0.6060070809089887,279.16409230210206,278.8299590338637,288.2874061632899,288.51432186519685,295.2450958421341,299.504197275358,301.00111535058164,299.3783926017076,296.3045640261883,289.4769300180482,281.8828923061085,279.09675966688167,42.01802349643505,43.16962125259,31.944029118425345,30.372875198148158,20.02086582229734,12.54392687590592,26.47027162100299,33.40241064331897,18.25890302364509,27.070129632592156,36.377970243121254,32.16076497519454,5.590929663900712e-06,8.06297964463515e-06,1.2853650329793301e-05,1.4072164883992842e-05,3.563846862830905e-06,3.089118735832041e-06,7.816703141255438e-06,1.1511176857879311e-05,1.0914675896559935e-05,9.056788121734664e-06,1.1771823941127441e-05,8.401700914063375e-06,10.878314571421248,11.875976893951625,10.575744733235874,9.796562684554743,5.02271557306006,4.652089822571937,5.9545753915077935,7.534710313108641,7.592590789075745,9.690560119223246,16.606793921997006,16.653679403422252
AZ,2005,3.0089294248775373e-05,3.798569807499547e-05,9.827151942188028e-06,7.458339559622414e-06,2.1516517076528997e-06,1.8210415853926478e-06,6.593035432447477e-06,1.8512900977794245e-05,3.3182068328181356e-06,8.8296105707386e-06,6.466784071309956e-07,8.583706323194143e-07,0.004851767273123801,0.005129499916643016,0.003968470766974141,0.003186521194094898,0.004286812228654755,0.004534526937919188,0.006380123722313718,0.009765806029282545,0.005955864672683584,0.005475275472114971,0.002756537666213499,0.002272062515596159,1.2023879061665642e-06,2.1466929518884898e-06,4.0499621042420326e-07,3.3064269611160844e-07,2.0002777211919624e-07,1.4002944065884922e-07,1.7005530126018055e-07,6.030130691434388e-07,1.238363298066044e-07,1.6210314736591022e-07,6.063871113887254e-08,5.713421499774082e-08,0.5984749697628984,0.6200896640224761,1.117947266773753,1.4921816802539747,1.8489513961267972,2.237726030192784,1.2372758486899622,0.6660728040125821,1.4406002547322216,0.48555271394942684,0.15346249254281155,0.24686814900840398,280.6530126281437,281.339439130576,283.87858615561396,288.32182499819663,294.6259237437114,298.50199449491157,302.7331309177825,299.1085769162685,297.39384139416234,291.0583597482232,285.0155527927839,280.06375261500705,52.39689426240881,59.818798060604536,36.53039686487366,25.509587461984495,32.54200837457192,13.4607749821896,22.752020543319055,35.2171259529381,20.79247831970419,22.191259781564142,31.492726818417093,40.295606255329915,1.133905901685136e-05,1.562408734306942e-05,2.1352828092050635e-05,1.5616974841856074e-05,1.0760624481835252e-05,7.597871252933966e-06,8.549186404844965e-06,1.883763198827303e-05,6.396947114433688e-06,8.108756867326968e-06,2.917591657698425e-06,1.830127249323392e-06,22.067736249123133,23.378453382215024,16.141565697868607,8.320241903556452,6.217095569615231,5.256233860541703,5.575330172278059,9.330159259123754,5.886035144042276,7.773629901332351,5.726139552534175,5.965267314807999
AZ,2006,2.2107319489204878e-06,1.1017404867995973e-06,1.7048826788656378e-05,3.90725956808346e-06,9.347239426873346e-07,2.1547603854474615e-06,1.8235470178487782e-05,1.700477581545607e-05,1.1712614014676059e-05,1.6474952960422733e-05,1.225093933855624e-06,4.403013808440872e-06,0.0020938799589596195,0.001919988750459138,0.0032209744025319237,0.003024974463993797,0.003248757571117355,0.004361070303172847,0.009520012270154397,0.009725937846936813,0.006389448161329894,0.005347776681618437,0.0030747649923857064,0.002501617779270219,5.942859547399374e-08,4.9106319703561675e-08,1.7830491755215208e-07,7.09945310744096e-08,3.869715048266795e-08,4.188191519579321e-08,4.4059631179182464e-07,6.412482873036235e-07,2.78314363756916e-07,2.3447035657826336e-07,6.01932941133832e-08,7.92804686632198e-08,0.1428323902640947,0.2990585391427919,1.9192271265819651,1.8949913815447414,1.691143210341308,1.3420771139810455,0.8582366813660118,1.0897254120081623,0.5423749979186363,0.6189392690100619,0.19576826931107918,0.2796941444477595,280.1392050275391,282.3105466664667,282.5995957701488,289.21735336286173,296.0858626798269,301.2297747349589,301.94439360395137,299.27697891000054,294.95983918447644,289.27497009527076,285.1669022347608,278.3656042300664,27.25200949607775,39.690992909089246,53.31129971901005,28.3592983374527,21.25114336980277,27.679503031184094,49.97901760939862,39.149832430569894,22.54059860004648,29.512763659800868,25.338681095811253,25.503909062305024,2.251143277742949e-06,2.34662169696027e-06,1.096441211563094e-05,9.363841876321597e-06,3.848323862738988e-06,4.044272420367182e-06,1.2303141051699567e-05,1.8884910141355e-05,1.3530374217711842e-05,1.3767027812215806e-05,3.533664778807975e-06,3.084452583888669e-06,6.18073440830198,5.872862847705166,10.622058679600677,7.330128805804719,5.07648703979196,4.829106416218899,7.211717051276069,9.792447096204134,8.48335972697325,11.046255747224569,6.202750637152823,7.795454150765914
AZ,2007,8.954935176272514e-06,6.641692763999173e-06,6.5406826329659255e-06,4.327865674967297e-06,3.743108063646001e-06,1.6192177646879207e-06,1.9797799044191406e-05,1.1961231658639702e-05,9.021465992923455e-06,1.6289380330082014e-06,5.340996078103512e-06,2.538474427526361e-05,0.002535893285721889,0.003025660492945466,0.0027218786739875407,0.003297976524903448,0.0036345629579927034,0.0035625707272540007,0.008107253726119631,0.010208258282550927,0.00687756436658451,0.0036498466332751667,0.003094559207804702,0.00310956468929643,1.1574206269150694e-07,1.1369931943775077e-07,1.0068391017481504e-07,7.887510859920893e-08,8.095091672180966e-08,5.120802756835337e-08,7.256084565038426e-07,4.754928998528753e-07,1.6644618007511438e-07,4.855107630013897e-08,7.158507882476055e-08,8.35200119800851e-07,0.34266259834464696,1.0647632015573978,0.5069569858430529,1.732867722562756,1.5177149254131408,2.064570388233272,1.064185458191823,1.1550867327135588,1.5417905833359606,0.5652824405700245,0.26360401332282457,0.29605848443427313,276.99151330811316,281.52913264786304,286.478449114929,289.4920812598735,294.94751504919634,300.22586427893134,301.7784133881239,300.9099512012166,297.4286512532308,290.9991979054862,286.4697553064389,277.5513794002188,31.033340291650752,36.73651104162476,28.56952683181378,31.33916851135653,22.949207814573754,19.041730816557518,43.97909037595957,33.754525931276305,21.945710208342657,15.511341961346323,36.705267463316275,31.854799857439076,5.2957605838792744e-06,8.969853086285749e-06,9.267461311153507e-06,7.221114965093439e-06,6.0855641918681775e-06,3.986881847680896e-06,1.206081189964911e-05,1.6204444605599725e-05,9.828792362799422e-06,3.9401412505490045e-06,2.0224015521239006e-06,9.607060240113751e-06,11.349547483172072,11.512107512101526,8.130888536074245,6.455498842276012,5.792735828372175,4.7983372190189755,7.269911375036112,8.516673385523276,7.112994643610268,5.668608797423687,5.310190813589387,19.57685747716441
AZ,2008,2.123118770423093e-05,1.3456135679416024e-05,1.2222225472579335e-06,5.574870932390497e-07,7.79664638308127e-06,1.4563545477795699e-06,2.1107163099422775e-05,2.0837050879425267e-05,4.901175774204858e-06,2.855998795972408e-06,1.0337558689421365e-05,2.2244248652221045e-05,0.0028915350917067084,0.0034289510716206547,0.0023717517664837403,0.0018716784700421932,0.003268470647234931,0.003663746795289347,0.009492235230902535,0.00968692005512954,0.006528499217306422,0.0033440849067729577,0.003321328702235089,0.0035543936039121493,8.720701972749135e-07,3.170851458304618e-07,1.6442051931063725e-07,1.2421540900352867e-07,1.6109422178278855e-07,8.932735070681751e-08,6.183245337703031e-07,6.041115703718139e-07,1.3898044227024073e-07,9.176382287742149e-08,1.51633175051676e-07,3.9515565083590087e-07,0.3946155149175876,0.4735706515261074,1.0952493179242688,1.4697316670169893,1.580517006347499,1.8266202129681173,1.0288565158634644,1.1133318707339788,0.7638402693635948,0.16336399194290507,0.2693446210617025,0.7059882744478034,277.41308195802134,280.36795660746384,285.2548896431479,289.21271339797966,292.3600138499362,300.28220721285516,301.02619400631727,300.4195584189564,297.51275587106824,291.21047756817285,285.3872344723838,278.93747495601974,41.04500568764922,38.375949542147595,18.57061555011811,12.189633623423868,21.695656353979732,11.331239317424192,38.883292923454846,38.958719998077,15.325974937464052,12.279877893771928,29.432877926299383,43.09641281386698,8.636949476180386e-06,1.2462869407508934e-05,1.18057499754883e-05,6.544077395881452e-06,1.0360635938589402e-05,6.045330919327609e-06,1.910500723572138e-05,1.6552276624430868e-05,1.2315966948240046e-05,4.635014307138976e-06,3.794705525589764e-06,8.0649461996148e-06,17.55282585220802,18.216628075510023,9.30157460108236,5.708838864238263,6.655844383329762,5.087911770100674,8.96555489427812,8.67098435938808,7.440499464436757,5.985965737484038,7.269638978823454,15.633817180181039
AZ,2009,6.135299267476197e-06,1.2508497095071538e-05,2.8452313408789158e-06,4.194134148247894e-06,7.848540931995855e-06,4.140082404866199e-06,6.813448412348731e-06,5.615772788937047e-06,5.7790953739950455e-06,2.01320647919442e-06,2.3270664360480182e-06,1.4039615654445783e-05,0.003217707219632444,0.002941301368764037,0.002517171477900727,0.002676916567792684,0.004469836213772865,0.005110103538322899,0.007934452528945576,0.006115604209653423,0.006315002820626379,0.003540098231555007,0.0029886438240420573,0.002819192082486658,1.8659165227026284e-07,2.330214778185286e-07,1.0298604208735186e-07,1.061675429985584e-07,1.3440633785301848e-07,9.572281886345623e-08,1.173794152301011e-07,8.006313843536549e-08,1.094636837890589e-07,4.362402075707761e-08,4.673029758709523e-08,1.3330098297655585e-07,0.592027098826335,0.7696036083097666,1.3773822442606078,1.8575289909736348,1.513767618775075,2.1981691781066677,1.5312814927727976,1.3402857079384176,0.476315926295655,1.0630466779105632,0.4173833575835122,0.13982848032783063,280.18394368054686,281.3737325964078,285.58819022342783,288.3431396884098,296.4567755727878,297.51957911407465,302.6597452290161,301.1239083762893,297.7937656455833,289.41885406000887,285.1114945446689,277.1513217492653,25.238094901892595,37.74028989804738,30.03244167191222,24.9071041515457,32.212841292444715,37.03388415142193,33.522722268858125,20.533156925998885,21.752437434719845,21.333441124932367,25.77211437437546,42.86907563180917,9.008278521640124e-06,1.1774389405924912e-05,1.0003634937988013e-05,8.226771461405331e-06,9.351529796736473e-06,7.71395372929999e-06,9.262545883142375e-06,7.576020338225001e-06,6.768652948756919e-06,2.6187637795808366e-06,2.574459517981739e-06,5.219827992413741e-06,16.19942587949836,14.75246507476029,8.104563254052184,6.618637095890176,6.61360239893863,5.801289782888487,6.097748141409146,5.821892274644739,6.217081143286626,5.301901495410121,5.7708885255429365,12.604556778975278
AZ,2010,3.4052925045959014e-05,1.7180120377600352e-05,9.531992003541817e-06,4.123615521925289e-06,9.261229225704349e-07,1.2855697391725974e-06,1.7915871667857645e-05,1.2620092046822785e-05,6.259723415472159e-06,1.0476985625256813e-05,3.894920315346328e-06,1.7827708782263103e-05,0.003245541660465576,0.0040381719765716145,0.0033240737695411906,0.0029887723887655755,0.002897724276804288,0.004099193546940994,0.008852247741446688,0.00951236530911108,0.006044241756346908,0.005786133128298297,0.0027789830483223596,0.0035349178462161664,1.4315219769263318e-06,3.7397418850352536e-07,2.977218663289931e-07,2.003588266642752e-07,9.246207953820636e-08,7.641272457706399e-08,7.515514739797873e-07,3.4500485086851306e-07,1.547497112982923e-07,1.98569418883363e-07,7.099816079590468e-08,2.2240880718516622e-07,0.4789803460490743,0.20323936036918763,0.6193092369056411,2.035389155695121,2.2589683802085294,2.166190435955115,1.3461970429461771,1.3283877630784537,0.8220471334270141,0.6288487861454287,0.5170860711649845,0.6739815036850332,278.1839850629637,280.18072644678347,283.39930381631694,287.92552018769527,292.28240504977475,299.6317656420096,301.8970965218244,300.10902660155256,298.5767892825753,291.1613806168924,283.0441987343628,281.69258635539586,50.54758169646725,49.01573860630423,30.897516097938677,31.173696179167237,15.510695611974814,14.13888483913817,38.45901600453218,27.87498824745117,13.472936827290416,28.359143997888452,18.11823129692102,51.174669561107464,6.7675750147115005e-06,1.3806770540330009e-05,1.8636121893274322e-05,1.1666439353930636e-05,7.360251080628743e-06,5.842790594695223e-06,1.105591972412422e-05,1.8442288151180736e-05,9.333550922719124e-06,1.0358953647160899e-05,3.7104418291124077e-06,5.564870096997972e-06,16.750120736235225,20.8083445205963,15.181727316715769,7.317332522416054,5.663829447117507,5.013099528211106,6.938092400877549,8.966082425430189,6.7056260861863155,8.342461048840486,6.838219436559985,11.32065313032519
AZ,2011,1.0477391685240243e-06,1.2890954421595989e-05,3.680558437508293e-06,6.12221064844829e-06,2.906516909215556e-06,2.4158331716551303e-07,9.920383371536556e-06,7.36572671789659e-06,9.615822855773298e-06,6.169628422383655e-06,8.864176487722669e-06,1.49596761999298e-05,0.0025577534083590808,0.0021989836577512223,0.0027721819376262747,0.00297624122995296,0.002869138489655683,0.00323051681724841,0.00816254223983392,0.008891112705214924,0.006936289674441016,0.004525407023119053,0.003750403441185687,0.0031275690833056655,9.154983296462929e-08,1.3359714153482516e-07,1.115187769667538e-07,8.893195113163053e-08,5.6451864121649335e-08,3.421077538760121e-08,1.128028480860377e-07,1.7838578194861668e-07,1.0594169019463561e-07,6.535671129299057e-08,8.006683272275732e-08,1.516170135844813e-07,0.8066288871734989,0.6066633305175333,1.3981470702160346,2.180211559548937,2.367035673863375,2.5489715483001545,1.2952087876813354,1.0977437281633764,0.5091723248777211,0.1896639717866501,0.5098026955512985,0.5661041801062435,277.8898432096907,278.9038522992369,286.1368147312996,289.4070389629184,292.2057055904408,299.6918366198785,301.37134718812456,302.13671374372495,297.73224082190296,291.09892628113084,283.0357934352013,277.0775403295246,25.253806360342836,29.128524708603898,33.690728596049,25.27443095800545,16.01880905830935,10.240917318298681,33.936428542113426,30.898304089514816,24.044031195910613,16.232012773635265,31.707384025052033,31.728734374334223,6.8686802335023115e-06,7.467894413399307e-06,1.1250699009346529e-05,9.358351807924134e-06,5.735010962547439e-06,2.994604539542148e-06,9.770709989797104e-06,9.544578341177344e-06,1.0177991931162213e-05,6.608191496829875e-06,7.666100767747256e-06,6.715349708682383e-06,14.131398408296915,11.04768639157777,9.848812860919264,7.176119721728553,5.4752900336909365,4.535748399591668,6.248169685995011,6.465228431189145,7.220172847437755,6.936277384870913,9.962638736631837,14.97624614162566
AZ,2012,3.3263358329511377e-06,5.3778524025435585e-06,7.100258922210254e-06,3.7693430735296954e-06,5.570022290795845e-07,4.463476230843025e-07,1.872176859030037e-05,1.569175532032517e-05,1.0846734346614212e-05,2.8634944175413355e-06,3.1573226844963613e-06,1.4260175691184316e-05,0.0026710839688592895,0.002946490906446333,0.002614833041086171,0.0030000496607855455,0.0029283961370922765,0.0038595555987310476,0.00916047601597175,0.01031041460184214,0.007319547448336416,0.004001639337963267,0.003142654205456945,0.003161617388409911,5.502554312131743e-08,5.884158381906667e-08,8.227963545177392e-08,4.832769566710416e-08,2.5198742326319324e-08,2.1753021303542244e-08,1.9054536552204053e-07,2.1443668993336645e-07,1.2657303531565932e-07,3.19990219340457e-08,3.466620518854096e-08,1.0568463668344283e-07,0.32284455707973586,0.6099930473147901,1.3124802707539187,1.5504644308961635,1.8916355649569605,2.2078241048062814,1.0259262341341877,0.717608657267271,0.34859682803271064,0.7374634629036743,0.26545768857959257,0.5305949323168785,280.5939557778181,281.4478060715296,284.8763246545981,290.4218882081463,295.9034506139103,301.2305563446441,300.6704962202424,301.0702733097142,297.51989969589465,291.8148586573707,285.66919472570015,279.04393552801474,29.999789578230835,30.266549301474,24.015843217047788,31.153606672108115,9.585459403672472,7.099690704188347,42.683247399266214,33.03360903721612,30.093334786968512,17.11151031791246,23.101278417523215,43.69605020016009,6.596006445953031e-06,6.671862335396611e-06,8.956263232651044e-06,6.3873922597454856e-06,2.969213634000255e-06,2.341846839273915e-06,1.418341452424958e-05,1.782191859836939e-05,1.2292873570437117e-05,4.188693704534052e-06,3.3395879675845576e-06,4.748656211837723e-06,10.641723814992279,8.728640409954776,8.316560756865776,6.068733635561784,4.9717302520087205,4.364706354147461,7.405749107790197,8.666462477812422,7.65909430477283,5.93660852134288,6.501993142887593,10.740983228072556
AZ,2013,1.2975825041675707e-05,6.151902905511143e-06,5.47799484608842e-06,2.6181925996789047e-06,1.3262403702477726e-06,3.223320935747306e-07,2.3291022291061908e-05,1.8629533650520343e-05,1.768188886328096e-05,2.939500967457606e-06,1.6932840129053853e-05,5.81953204878812e-06,0.0024019145355869327,0.002660827935994994,0.0027750991124157395,0.0027205736853060116,0.003313518204427116,0.003628575129942259,0.010439931709952933,0.008804577933886724,0.007659811508705574,0.003513808804770238,0.004062125539426469,0.0027794442574183087,2.1053572729373696e-07,6.9886410051651e-08,7.032348911326237e-08,3.289755684108547e-08,2.231412622650009e-08,1.5109575248308626e-08,5.790831506979066e-07,3.8713029866065713e-07,3.8879066113445054e-07,4.03218048973128e-08,1.7901301386354086e-07,7.596569111737325e-08,0.5320272501136164,0.5400932941710112,0.9154821476732494,1.880722905509405,1.796203970808241,2.0723434142566783,1.1139932121147995,0.9996559775392772,0.7957710054461649,0.5992489273620834,0.5266498109890572,0.39672815886566554,276.2528788300042,279.425853492161,286.9528322844159,289.9060940057443,294.6816496777807,301.59719945466986,301.18926722501,299.64177763363125,296.16374743580644,288.62393031710127,284.0746782689263,278.1700033718486,29.58440516481462,27.870117186920258,38.0745525138828,20.93689246009827,20.475981633465405,15.382256153251664,53.37928138733146,47.4102247351432,22.842072650730735,13.150013596812132,33.08094325722231,29.80643995388525,6.69534130662911e-06,1.0879513553664743e-05,1.0497541625724498e-05,5.834018539624875e-06,3.755533940389313e-06,2.537629399770158e-06,1.8496817055871857e-05,1.5439413531716668e-05,1.9274614478508016e-05,5.154454215675674e-06,5.790107981424649e-06,8.116063201113952e-06,13.8924335278673,13.745301346810205,8.884416530450846,5.974982567222242,5.069806460408442,4.44578201475541,8.861422899410043,8.4242454433657,10.855073341922854,6.144847353472076,10.249719119877781,14.792998694801527
AZ,2014,7.794023309555319e-07,2.216390174825545e-06,9.995675999575314e-06,2.9241759421774742e-06,1.1948034472917032e-06,2.2031101424900523e-07,1.1726607599086505e-05,2.0917481021903766e-05,2.5831774629908405e-05,6.0612886180612175e-06,1.7800549071089531e-06,1.3589643695754478e-05,0.0021481258806832974,0.0028724358054595094,0.0028584518747331498,0.0026396440953283386,0.0030093972318576746,0.00349321811346945,0.00848376244111442,0.009044218139400947,0.008852972479353812,0.005396986548672855,0.0030672848601504136,0.004055393977829354,2.6792121282648e-08,3.7777534840797375e-08,1.4463426615388668e-07,3.891343494217894e-08,2.594122515449764e-08,1.858425533272701e-08,1.1508153022742025e-07,2.929676591909508e-07,7.500641095222601e-07,3.1136142483813914e-07,2.7368000215406048e-08,1.0363703362704424e-07,0.5150488078767592,1.088349373837673,0.8667807601245698,1.4703021874817754,1.5571972889091603,2.624589719330396,1.1784204752429897,1.039395367134555,0.9225066976263468,0.1365875971535139,0.2984906261521528,0.015248579590823005,280.9307263408354,283.6065721920777,286.1478629689345,289.3914230506546,294.00433007019046,300.4019713686096,301.4156928993919,298.5814857662131,297.36988399640495,292.07210118836497,284.4462109588888,280.43061980560617,31.599503967204367,42.03298490830897,34.726909640641956,32.85768545969826,25.815121566094,14.4652926711376,50.88508344319743,36.38554275716921,25.440790140088616,26.520389795274358,20.375443915226494,53.66754196351023,5.0448636046649745e-06,4.603310243172549e-06,1.0314425042329685e-05,5.174311193011026e-06,3.54673812737561e-06,2.2623625605954835e-06,1.1398440490562183e-05,1.951609686379787e-05,1.653388103326165e-05,1.1504551206229882e-05,3.6493833580362832e-06,7.387992865207091e-06,8.560974591265795,7.117490493312984,8.977772567084028,5.752219188777666,5.157148944047289,4.505127581913501,6.646502617048634,9.33594908968173,9.845563855578769,8.40309843342796,6.241372937850942,13.444228837608321
AZ,2015,1.678661473255841e-05,7.0149665583757216e-06,1.0735885469470961e-05,4.230152982637171e-06,9.568817693311293e-06,6.6991113373493095e-06,1.2218357651547896e-05,1.0748525670147398e-05,1.032431725989793e-05,1.6806529718596666e-05,8.149687407581157e-06,7.3950670385808255e-06,0.003780777045073609,0.0039018681930931554,0.0037171552593576445,0.0028827001304213276,0.00456216587100315,0.0058949893951469705,0.008731223452880915,0.009482275000950014,0.008435346895010541,0.007012676942828395,0.0034030283741606463,0.0025919927343859184,1.8473403727173483e-07,6.729686621705422e-08,1.864518577817901e-07,5.240075975442941e-08,9.113205506710461e-08,6.470881459153488e-08,1.5988427320481126e-07,1.0537004153690856e-07,1.8011859813373104e-07,1.6185917240028017e-07,9.148090599453461e-08,6.894983129835226e-08,0.8654076192696374,0.3834868304040541,0.040226959001000345,1.575188317223733,2.08798592105142,1.4887612399426904,1.60753856016791,1.1089125782771778,1.109571448569554,0.44742085345790045,0.49942378516394675,0.4220295654739723,280.09858499522966,284.4248917844931,287.3700567413312,289.1564537561987,291.67483759132256,300.5201223464665,300.00427009682966,300.93308989934957,297.79012729512885,291.9811859322255,282.5085550748794,278.24046590230665,42.196324671777944,28.88815617544061,30.957829275873237,28.03137096997824,40.60848969948176,24.031200135120255,44.21319400208984,35.317844694173026,39.06465552844507,38.61437217087623,17.07612593774486,38.700114320691206,7.524392745620077e-06,1.2223135394718531e-05,1.4406949504894164e-05,7.5042898951632755e-06,1.1723020586585775e-05,9.032384707550727e-06,1.2373374682887122e-05,1.219242910618174e-05,1.0553676504115712e-05,1.3027824104298585e-05,8.582109088858535e-06,4.2774796396659564e-06,14.22109706913386,12.492232868562397,11.677780938321412,6.158190390654193,7.3831658742056305,6.08007175692047,7.041831390344172,7.029280299547884,7.45882188846013,10.184878726011512,10.780996069101203,10.188460508598386
AZ,2016,1.5212574258310647e-05,4.392381718544168e-06,2.0190751457675315e-06,9.583873334308381e-06,5.56057687091533e-06,4.3088239880366184e-06,9.135768632549908e-06,1.802042875033358e-05,1.6240388304022254e-05,3.522609369469111e-06,1.0720191023005111e-05,2.0711752692378882e-05,0.0031675918904974566,0.0027074501727817504,0.0027694101718618307,0.0035901986273378286,0.004218033737315716,0.004947979847118252,0.007849050073944649,0.00917608744873793,0.006543592772354049,0.005071730535441487,0.004078479590431814,0.0037312108581817934,2.3579054513333576e-07,9.756585172860785e-08,4.4625903092675136e-08,9.345490217402267e-08,6.515124198309495e-08,4.947954940693109e-08,1.001652376679108e-07,3.420831051154948e-07,2.401228839346645e-07,4.10287596362667e-08,1.1108369652752068e-07,3.2851347608135834e-07,0.04843973935682411,0.7329150867547485,1.5288122154953048,1.317458652043124,1.897988333867572,1.5927132263410217,1.8387558828258914,0.7777730181765479,1.051329846590799,1.0476339628358022,0.33083998507684764,0.31980628341304296,278.5581284075604,283.4843430734574,286.8780617852997,289.01178220632164,292.753418804637,301.6262975916085,302.3150251450802,299.4258518715123,296.09508033401914,292.80114372250074,285.3502204484353,280.0810076886591,46.45625603837781,21.450218942086675,37.14917626078014,38.43022849441108,23.707262036625917,23.826352121014196,31.346225878913252,38.724136733933214,27.621003135012394,26.722252743446884,28.170984650528364,50.524541186568584,8.325637943190116e-06,9.471950751196492e-06,5.531736874026668e-06,9.684285845328047e-06,9.192547246570997e-06,4.502234691341314e-06,1.0892205008997527e-05,1.7870790423959747e-05,1.2636003901554448e-05,7.497322406287295e-06,6.756069681741705e-06,6.976983220027432e-06,16.715072779558543,11.031084778821539,6.049432411414435,7.296327035647332,6.7582741801087,5.0338622889157625,6.489553981455265,8.694956973626724,8.335680880263098,7.066850170968594,9.076830073176344,14.273905012765782
AZ,2017,2.5472352658857174e-05,1.885115177880379e-05,4.573479019432939e-06,2.7189182630906446e-06,4.517107651315329e-06,7.316704542975278e-07,2.8173182969700957e-05,8.827343110379386e-06,6.3032880834887816e-06,5.289793633847525e-07,5.359162788433229e-07,1.5275154533929511e-06,0.004024116698704626,0.0044346662772769205,0.003475103044373824,0.0029932847716388506,0.003753991949322962,0.003999527897247837,0.009646922601755032,0.008629292129136046,0.0062935649084760095,0.0034508744498852003,0.0038002601552939398,0.002154457591321309,6.305130567630459e-07,5.272656912333048e-07,1.6614501220702454e-07,1.0868093544883006e-07,1.0256554870724291e-07,6.200081305227547e-08,1.265537349598419e-06,2.2522898055747316e-07,1.1041892515996204e-07,5.183104283136085e-08,4.4653850934325684e-08,4.701188379590655e-08,0.820363723968048,1.1462269554613238,0.994073892853812,1.6865427260563404,1.511464898209084,1.8257762139870772,0.9717753944394286,0.9364125332819644,1.1964553469997976,0.43395929617953466,0.6853360290509307,0.5086483803162871,279.14648845118774,283.12653950301205,287.64983244435405,289.90080554316353,293.5788294355741,301.60373995444075,301.47940143961006,300.31933371506915,296.56909539584194,292.3241345668777,287.600304015418,281.1591500022526,52.01458221532162,52.623860295350276,32.89746680812832,30.970674497931068,25.042274348910897,18.127543486519603,53.252782490927665,33.62153204307877,24.327166873138335,11.74424489710585,42.82642141724807,34.2900839221333,1.0372361265118411e-05,1.461597280743689e-05,1.678388702173032e-05,9.92634996569257e-06,8.925486402290419e-06,5.144997832199366e-06,1.8260038168378456e-05,1.6517665166410814e-05,8.424243683697879e-06,2.6130905326212707e-06,1.6026451463642582e-06,1.867208465302635e-06,20.88847051839372,17.546382470107257,11.4363466333343,6.743235709651011,6.028856631345684,4.846333264633906,9.112762326311168,7.932486024134499,6.220215153765358,5.185568023225968,5.1077993546514335,5.8082851638833795
AZ,2018,6.11738478456604e-06,1.1701562503551115e-05,6.511908778479369e-06,7.186620254026238e-07,1.6575922512857165e-06,4.75236321787526e-06,1.9620029307675273e-05,1.4235268642160643e-05,5.676944525232543e-06,2.80984862202114e-05,3.4363154050492676e-06,8.102985316752054e-06,0.0027611687929145483,0.0028789987194058776,0.003017717060072494,0.0026241090608823533,0.003335241134330567,0.004004447545122657,0.009544661344272452,0.009575814375632596,0.0066330955092797125,0.0070726357439676426,0.0027569307500707376,0.0032061527773248983,7.238278638499967e-08,1.1643059351930327e-07,7.797933415744142e-08,2.8720448664410962e-08,3.1644013024919024e-08,5.069855838718158e-08,3.498703341372429e-07,2.2406982837725956e-07,1.4131900049352808e-07,4.2134156794036915e-07,3.988071013585488e-08,6.571042729418145e-08,0.35324366499750987,1.2028536375035928,1.2168032678965452,1.9039264982751123,2.3608354875023316,2.2469338147397777,0.9065697868760308,1.4056346665784794,1.1608483828622649,0.3833673859002083,0.2841153838738925,0.27580509998466834,281.68157518609405,281.8809771995615,285.17386243319885,291.67966386168047,295.1749918711709,300.84131826776047,301.86742306428783,300.7829799727704,298.752745680867,289.2556209542422,283.0811365024191,279.42573481894755,43.5417140929388,35.742556560432774,46.606173514615826,35.430922873800405,19.78289962787908,16.623660626455315,55.57351828880132,44.18988344708249,18.91091652548461,42.731179218667954,27.39291829826695,41.08677801916576,5.268668897868644e-06,7.048155570015072e-06,1.028514372001852e-05,3.383390863227419e-06,3.334827720242701e-06,5.79621729248123e-06,1.6656340506479246e-05,1.5070788638818437e-05,7.3332675460758556e-06,1.9104710138847844e-05,5.196977877419264e-06,6.808651620466164e-06,8.50213299179935,9.397251580756713,9.169782495194767,5.193187537183942,4.921699971095247,5.296545651520426,8.186028355039848,7.978166107275024,6.334576187055306,15.009777097741413,7.045928610232953,11.554124404317488
AZ,2019,1.4634091364198548e-05,3.105384432193785e-05,1.3365564145109254e-05,4.717669933284685e-06,9.94392198243619e-06,9.255115495504888e-07,6.5341549849862e-06,5.630629173437368e-06,1.490550260448725e-05,5.44652760617318e-07,3.0494338942026575e-05,1.8531219589368105e-05,0.0034626875679030127,0.0031631121688648367,0.0038410533885417262,0.003732092392327837,0.004444822818033722,0.004179687708235619,0.00670525375788463,0.007600897033964736,0.0073829793696377575,0.0026895067732026316,0.003484946543925723,0.003805782330853982,2.0055776982649017e-07,7.248396441633369e-07,4.9251129964197e-07,1.6982673924241917e-07,1.9638619507527575e-07,9.499078369893462e-08,1.1240394413676795e-07,1.280366929282513e-07,2.6089110995223465e-07,4.3395247264433596e-08,1.0534754360386893e-06,3.50586915636128e-07,0.3793889920071653,1.643035205854851,0.9928079807816997,1.63686367577845,2.109860971641552,1.8573017670594438,1.695188824021299,1.3759398349525542,1.5647234081204395,0.38455202087873497,0.4627558926167723,0.2854500173055962,278.8965378473288,278.47616368983535,284.99904593665633,290.1730249751468,290.5387340676425,299.17763017646513,302.3524102066006,302.02994426311847,297.46639311243354,289.72743912945754,284.5768504576847,279.0327774179589,45.76563458303284,52.615250846778835,44.28493308656639,38.7960052602743,37.24427385669943,23.23559482637736,41.086705344826626,40.26092059240363,28.369407863419106,7.0138196842504374,38.1265958189088,56.24807718096567,8.501223437749816e-06,1.1462346196973456e-05,1.9535035686862887e-05,1.1698700166517731e-05,1.3449418263104815e-05,6.1543826124077175e-06,7.508082056445322e-06,9.053969027970846e-06,1.1809830835786822e-05,4.584251414439849e-06,6.3765232548384175e-06,9.669347255334693e-06,16.303090959942203,18.101761456187763,15.893017592527242,6.9874361396378655,7.823872497043869,5.151491571237602,5.4413419877398645,6.284665121583046,8.149235614413051,5.685120894168599,10.618997315573015,21.30840663801139
AZ,2020,4.437660348352094e-06,1.020895003211723e-05,2.483019734652511e-05,4.499135101849629e-06,8.48519565797283e-07,5.481720235198539e-07,6.342300171787556e-06,4.4757515258294585e-06,1.6484316253534745e-06,1.851568367754905e-06,3.896982106095342e-06,3.4390609898671573e-06,0.003364205341799439,0.002846056005450784,0.00443115676169317,0.003667377481670756,0.0035837821972038316,0.0038177832856525736,0.0067351341746376995,0.006900260500415441,0.004803101293487763,0.0031145375809900266,0.0031850506569961203,0.002116306304896333,1.2517042438732014e-07,1.9548375293708672e-07,7.004742095935242e-07,1.2847380929333014e-07,8.504752482471616e-08,6.880953955693728e-08,1.253014282407225e-07,7.0939384744824e-08,4.8360956973924536e-08,4.14912842906818e-08,5.082169820984068e-08,4.3938252641066034e-08,0.3524933382309921,0.3852260885962066,1.6568691100272654,1.7608347915251494,1.958806489574235,2.342962975505682,1.5851841135199356,1.408683689099273,0.24839929623607793,0.5110915597820799,0.3443124826934058,0.672674582012053,279.40845536227994,281.30195716665673,284.4504555415174,289.67390167800585,296.55516330031475,300.0000308910082,302.8676474065827,303.4643201641852,298.57420052327757,292.893224103433,285.37153156229414,278.87786723819454,33.93494940325667,30.33484864316654,49.47491884623441,24.886618608749835,19.24972876933521,18.287613225014937,27.921049922528972,28.665299894813874,9.257654135656795,14.971322626296349,25.98480128952148,27.035397988864318,1.0753514552062447e-05,1.3254385905555652e-05,1.9846339709271156e-05,1.4136957810765517e-05,6.749465077436401e-06,4.749062949802011e-06,8.126359836382272e-06,6.608947950382172e-06,4.036843745775534e-06,2.1031564766726396e-06,4.383312141157177e-06,3.004645931068027e-06,18.021936361934426,13.029753889719744,15.188797371452763,7.8426224386235734,5.249039585445804,4.928270477993613,5.858993081344417,5.395922191689602,5.3213019515087145,5.030503711418651,6.971610597567413,7.272977810626353
AZ,2021,1.3749886285115688e-05,3.567463358418246e-06,8.245110755479823e-06,2.2447117880247603e-06,6.127490881819298e-07,2.0524844543418684e-06,3.100571077646691e-05,1.788609676754754e-05,1.3481657474392687e-05,6.658896309614031e-06,6.032772395385895e-07,1.8354607789514244e-05,0.0026968796392439266,0.002485948429549569,0.0026875698410311595,0.00258957836906887,0.0028463238517123382,0.004452471144819139,0.011049514103370024,0.009529814588465819,0.007741565962338524,0.004705852539257875,0.003284039540503724,0.0036759296733267807,1.069277993660529e-07,7.959133795027751e-08,8.003388206520783e-08,3.2949233964984294e-08,2.087357990147313e-08,2.8212006577403984e-08,1.4513088107536378e-06,5.168270260956483e-07,2.0097561382662746e-07,8.518674485232848e-08,2.7055588273587836e-08,1.908930448922234e-07,0.19937571081768435,1.1807003214138843,1.270121700770454,1.6296242615435175,2.238435417925305,1.391057938772765,0.9641192310742588,1.1747182923137585,0.7833596917395401,0.6574737511001768,0.37015406652221006,1.104262220817851,279.168066834282,281.9179435754938,283.70057599303993,290.9128450065686,295.15724636452074,301.93068464071007,301.1991604780077,300.610338014453,297.8444415768178,289.484158429196,286.54866412645924,281.0645024745716,41.23562141966241,28.30746504502865,29.144763767000832,25.371223724453557,15.995937349681387,30.319720165513548,58.89946266081769,36.50622927498226,27.702826398936832,26.456335013451604,27.280613022734528,44.58334788015389,4.678616963692183e-06,9.909579449400476e-06,9.205252623282947e-06,5.3020357140234425e-06,2.945512396581726e-06,3.1003465591870602e-06,1.965951856531757e-05,2.061260378063904e-05,1.3449572431785066e-05,1.0041740299216605e-05,2.4931137488501087e-06,5.8361950891700575e-06,9.54666766030855,11.446891165862272,8.567813916666703,5.749200593321497,4.9174969230322825,4.6112752224594695,9.661859969633577,9.487923615720577,7.989644008188699,8.48856479129071,5.603397779184838,11.396995377148357
AZ,2022,4.426444067437061e-06,5.6143345016315066e-06,7.18776833206674e-06,5.060660073582093e-07,7.648363964840275e-08,5.471293172640293e-06,2.0084243697451453e-05,2.5345139703652234e-05,1.1804754164559897e-05,9.977876416191891e-06,4.8935430949690155e-06,1.4491306415530392e-05,0.002881802068245459,0.0020280641721455214,0.002530520940172316,0.0023844208479389456,0.002819568653997832,0.005427058635746487,0.009499309094376037,0.012121629095257328,0.008778490672747523,0.0055638841733015604,0.0027920360083565753,0.0035625348212790504,1.3649134362741472e-07,6.172147928504352e-08,8.869347783125448e-08,3.199827210345221e-08,2.6581684304774728e-08,7.001245713039053e-08,5.751871720832189e-07,1.0423346792588546e-06,6.146283508803995e-08,6.37253517226442e-08,3.969328243312288e-08,8.962118069790181e-08,0.7606476041599631,0.39152289201720986,0.9558690378798909,1.8917576452421279,2.586257262512574,1.8357147285749384,1.2610410562422099,0.49490504303870186,1.1083622008320861,0.3464089680767136,0.1904319776949893,0.5373813441764436,279.585170032016,280.33881594177404,285.0320181974992,290.7230232506328,295.40078510461177,300.68416899587123,301.90930850831455,299.5229297187921,298.23411800675956,290.3229611035452,281.35981669232,279.45164142535117,30.11286751410666,19.74949665825351,27.740169529972075,18.00882291835795,13.830258046538525,25.02289273534906,51.08716917093125,49.49411012930756,33.502578069787035,22.900525284571945,23.744451448581614,44.42364725362977,8.621052793590154e-06,6.406244663113011e-06,9.439723572647959e-06,5.3387619087740246e-06,2.5018654451648708e-06,5.757928810463528e-06,1.3839877455046116e-05,2.456307852383522e-05,4.21610735787137e-06,2.9783570988353127e-06,1.475286786514967e-06,1.5283037899863831e-06,14.08777546484737,8.34493212475316,8.551623697559522,5.823563069373023,4.67365184156873,5.2999801988925395,7.767722031529042,11.189558251289363,8.154332709876426,8.794012178698834,8.477412063853645,12.572623709567239
AZ,2023,2.56366311738829e-05,1.4354313224401232e-05,2.485574039961785e-05,5.321902897728179e-07,3.3800158082060196e-06,9.171628432256576e-07,3.3325795082315677e-06,1.2241759123948342e-05,7.142061727691876e-06,1.4089724494550688e-06,5.3610574253173615e-06,7.393282543961573e-06,0.0033825764631644083,0.0028682315311486296,0.0037153582509650697,0.0026252125217531,0.004131272809257214,0.003636471420285051,0.006782368246949346,0.009262934774944978,0.00634603400659797,0.004373875300390198,0.003542880483796127,0.003091122211061839,2.899334860458617e-07,1.1568450392473476e-07,6.72287003399629e-07,2.022851222348402e-07,1.498594859412037e-07,9.794147204258687e-08,7.153961498937938e-08,8.349212132055237e-08,6.088907981329687e-08,3.504404636364343e-08,4.0722272543655444e-08,4.7889180069834555e-08,0.7004669978171589,0.7144910990626127,1.67253394236536,1.2468600603036015,1.9822342121120913,2.430891532695817,1.563030015650009,0.9293971329364181,1.2426025210473202,0.39407817231946934,0.10032690018583312,0.44652223690403403,277.9805253057004,278.6766040577019,282.35004107303047,289.3713224623797,294.2819430932314,297.857338984017,304.6504178600071,301.44765646355125,297.90078435465074,292.35942579954695,285.2285361228115,280.83337256918645,46.28510697051129,36.40243956804081,49.12670427703847,21.27658643952633,22.510667029665097,15.525105268015402,28.230487660122566,36.8576591184613,25.25937805830899,10.899217922360025,27.337745516351124,40.247478911425944,2.125067085162105e-06,2.969675741210237e-06,4.641040692761196e-06,3.8513936865331245e-06,2.80351522868115e-06,1.830417454715017e-06,2.062919839977783e-06,4.538069260964482e-06,2.697051767697107e-06,8.511360668061725e-07,1.0710569528351748e-06,1.2631971931004866e-06,18.89329347546753,16.39588421351884,17.625405040654734,8.137021023159283,5.80919041926583,4.92784787589424,4.83422171747983,7.241804821167012,6.437478214261772,5.155740025196985,6.785069877903208,10.054024181229057
AR,2000,2.9127912468653337e-05,3.032369209580486e-05,4.041127438056936e-05,3.491537760277904e-05,6.0906574163352146e-05,5.965900419038281e-05,1.4744761083898671e-05,2.291643753903363e-06,2.644713281609135e-05,1.0328274240845309e-05,8.013182900195201e-05,3.7458656678570604e-05,0.0038909896256971626,0.005086614792058995,0.006336081806163626,0.007263800728825688,0.0123332669712719,0.014237150744697391,0.015450911168302953,0.014157138910726542,0.010948383445105321,0.008195255335280411,0.0051489159804617825,0.0026433426209343646,3.001761621874115e-06,5.284196582508612e-06,7.037396187709609e-06,6.524390427734885e-06,1.1211813728377486e-05,9.039557174085237e-06,2.563786684339141e-06,1.2891157314435597e-06,2.274559821186079e-06,6.86892652447589e-07,1.2059151245979863e-05,5.806994763164999e-06,0.20770447554241414,1.173697074524386,0.4937847600243718,0.6691525497148146,2.069793319572918,1.2173092901421638,0.4311491849742752,0.9679622222104618,0.9230641869098918,0.8392169365908742,0.42793131262522255,0.8545940553987743,278.96812046143054,282.77658859543345,286.1681205240326,288.7715886637741,295.16321748037706,297.22544291036695,300.3865496916247,302.6147564056854,296.8181229238034,291.4067256397682,281.74361652767107,272.9912841016234,54.09206968582713,47.25449822494689,59.19215814860327,49.514941877407495,60.148607411351996,61.616222270373996,41.99025068608027,23.194961689099262,31.133612674395977,45.706935497738215,58.35760049606037,57.39109624251589,1.1556852167538863e-05,1.7765537508402815e-05,2.6801715310085954e-05,3.8076384073530445e-05,4.8089301583536484e-05,5.02529550085324e-05,4.804766972739395e-05,2.969471258607071e-05,2.354595832816657e-05,1.8486042345514897e-05,1.4925365237102213e-05,8.311278016389589e-06,28.94559965007254,30.42063956761924,30.014177990127845,29.044359604418734,28.797479744663185,27.508921474715084,21.474128146467827,16.94188684003177,20.09445887760312,21.332342079209198,29.71616929369403,30.29799882298496
AR,2001,3.22760063984438e-05,7.668715559493901e-05,2.886226978902357e-05,2.450561310725678e-05,5.6056702603479425e-05,4.268910128895158e-05,2.264495470988109e-05,3.25733177499616e-05,3.0060322602277354e-05,4.460639743408856e-05,4.775240248250595e-05,6.905649715847962e-05,0.0033689652506317743,0.004631926642707663,0.004521403622910703,0.008943088448456765,0.010871107436602854,0.013326930727812047,0.016877314278178457,0.015716996764632087,0.011394633827827653,0.007156584956046638,0.006502022566396891,0.004701242583691123,9.631770254099157e-06,3.319013486316681e-05,2.1585209285379108e-05,1.2276786107387922e-05,1.1321837258648685e-05,7.366396542336342e-06,2.8846399296408166e-06,2.978995723629396e-06,3.958285208272512e-06,8.006200762350233e-06,7.757181158696426e-06,2.6124708992586556e-05,0.43575366761026774,0.47784995548420683,0.7637654275805169,2.0222922797853524,1.3536331070576013,1.0462327655314227,0.9404296628069152,0.8179614690058523,0.6932309780332641,1.2772366313839207,0.6287950330535591,0.46365397609122716,275.8338275102724,280.87504302847674,282.21001416926947,292.2646782418109,294.5284976154056,298.00461796137984,301.0454876931775,300.12976902272555,295.101729089201,288.84471525554994,286.1237343205724,280.87225342917054,51.11512049556588,65.17719441299232,64.15373681152256,57.7681712947989,49.88950263384862,43.202224690438726,55.6185593157671,55.10908041823327,41.62255085031512,34.066907400167835,52.203209159482235,50.01446441584396,9.714153415863611e-06,1.5243748176450247e-05,2.288492734471829e-05,3.8362157421552766e-05,4.60978756501719e-05,5.141010196710275e-05,4.680363426703867e-05,3.7054016694258465e-05,3.340467243482952e-05,2.4209316812692747e-05,1.576441255034818e-05,1.15432216649228e-05,31.0597842727658,30.56316522097159,29.901671358694493,27.92802827271662,26.007838181395854,25.9913073080647,23.1940127108382,22.37713842557994,25.142259082651055,25.776070831478506,25.583747250248383,30.45646627574025
AR,2002,3.826657824217364e-05,2.142487829434049e-05,7.873290003317108e-05,4.584301772105394e-05,5.483659015926313e-05,2.7540240602406028e-05,3.3699822265824464e-05,2.309623608416229e-05,3.228456397751581e-05,4.2268969228672895e-05,2.0288841583759e-05,6.971751372169033e-05,0.0040705011686228846,0.003521911243613933,0.0050792577720837565,0.008849670461413413,0.010742488767467815,0.014297425096083222,0.016631524870980147,0.015485305540441734,0.012783155225423226,0.008608765555283024,0.005000436353562718,0.004376875586310095,1.2834218639509928e-05,1.1310852521547158e-05,3.448142956294917e-05,2.837883625178379e-05,2.092199980230575e-05,9.036150499979183e-06,5.137778272642095e-06,3.2791365333884357e-06,4.262077705084478e-06,4.12403067722078e-06,3.0669250578744374e-06,1.5455344272213927e-05,0.8739414404121271,0.6403301439239177,0.5681577761367392,1.367357529444398,1.1122488731779252,0.9671890886988213,0.6746147315037965,0.8153321348860643,1.0784863788855286,1.040232410482625,0.7479045705456503,0.5304486004425388,279.5422696156861,278.89507629711625,282.72834750685104,290.94760512969464,292.9917418825153,298.4283997513888,300.3834586847604,300.08827072679975,297.45345224570514,289.33225369729684,282.56934148515717,279.17017044773667,52.7723066404368,46.67145324757367,61.50946754606467,58.83767879289559,66.50854062052906,45.82128409777069,56.64255009313352,42.903612141059185,40.20805483919836,70.97479997200631,46.907123980072555,59.25624956518498,1.1752891428461248e-05,1.641184313726288e-05,2.1313061639230003e-05,3.712902918731502e-05,4.550282954684307e-05,5.1295013088412925e-05,4.6521179799637666e-05,3.841974694910379e-05,2.8227639959815253e-05,2.139763718082043e-05,1.5776932433958847e-05,1.1414544954127134e-05,30.402576524678082,30.528270243841146,30.68962215222228,29.628087332786667,28.849160369423483,25.138473284729184,24.387935768267916,22.18075033891653,21.33807734696725,28.11667331483784,28.65886577314079,30.892645876520888
AR,2003,8.516899916699835e-06,6.073143968478762e-05,1.6712909405274496e-05,2.8630917630750867e-05,7.267797874958773e-05,5.986172326967934e-05,2.677181764383992e-05,2.1642353489208127e-05,3.5796581718844015e-05,2.2895858861291426e-05,5.24901531579101e-05,3.0264639622030115e-05,0.0029508259354001642,0.004094897389868761,0.0056641924085088224,0.007592405858665729,0.011909426082461328,0.01351947366540747,0.01608322165526738,0.016404891391951233,0.011305276584700572,0.008772716550096848,0.006353919883346351,0.003988608821292659,4.89175303978473e-06,1.5731761021098175e-05,1.5149433184928395e-05,1.172187245965868e-05,2.1246638777637328e-05,1.134164183136135e-05,4.850983695979183e-06,2.7841193737185084e-06,3.917619310064227e-06,2.262350006029176e-06,9.005213142740077e-06,4.445827201431547e-06,0.7488818762860303,0.2749999397586053,0.3970741109401507,1.217667807317688,0.4977993954677612,0.7689244287033168,1.1053651403097973,0.4980853588415939,0.5809185131304252,0.30350892786889466,0.9153430200167768,0.7889580631864997,276.0430311294881,277.87567643287946,284.2112672091931,290.24341086672575,294.528991261678,296.3068821214836,300.24361203205393,300.390027722929,294.61140116761214,290.6615376160356,285.9680348289036,279.42090759191143,44.25278669318176,72.53102216985893,55.21491854206082,42.59376832290648,61.19132023325218,59.40089696215257,44.187188587071816,45.906626251105884,42.94231735293876,43.818010335328225,59.84720038240572,43.807613198023326,9.721540005009684e-06,1.185030849927831e-05,2.3349211149340304e-05,3.8300658802400825e-05,4.647197840361073e-05,4.942734583927779e-05,5.160407866392572e-05,3.8788596752999265e-05,3.5051251718687256e-05,2.236877180132278e-05,1.6312505478764517e-05,1.2482576862885353e-05,29.784996772225735,31.282528098348173,29.935931096741967,26.49337009935218,29.119622826188863,28.598211681831824,24.867449932841748,22.417166519191323,25.661419570971724,25.189901641730057,28.181162704851953,30.351227455004388
AR,2004,3.449463880827989e-05,3.74497388378413e-05,4.2242677573604876e-05,6.160714822433368e-05,5.6772627574234406e-05,4.819273707683942e-05,3.302268448129109e-05,2.555617738366486e-05,5.5331768668855666e-06,7.090701977797333e-05,8.20926415347183e-05,2.5717567350631005e-05,0.003880292350238889,0.0037471805255025453,0.0060029148795568464,0.007536713668905453,0.012167421974090866,0.014721828409869856,0.015399416355307786,0.01325704602569622,0.010474010173354335,0.00997655818352216,0.00688108572674817,0.0037766239232690482,7.843365786602924e-06,1.0237807867726978e-05,1.7165369823005545e-05,1.7448547957975574e-05,2.0700439350537005e-05,1.1076690543455503e-05,7.485146933114074e-06,3.895595611304321e-06,2.0058216335739897e-06,8.457379742327455e-06,1.9816459668636235e-05,1.6724220363663682e-05,0.500957633547403,0.6783000539951837,0.6919533487625573,0.6705075155254515,2.3094977639817045,0.864668141704843,0.7471342084764829,0.3386152789281179,1.5095919012420678,0.6596810621217322,0.5133152181346647,0.8401776267010838,278.6227405053122,278.38535495494745,286.89803599421515,289.4402626321158,295.1491990401233,297.5326014990296,299.09502942941293,297.79475782488424,296.68412257195854,292.4573467998969,285.7049387551639,278.8310481170265,56.16100106941927,67.69336320576866,50.25242964452929,54.93603631635982,52.690142564293375,72.8822593650855,50.9818604537378,42.30402109067192,26.72387358902013,62.00838548267909,74.64295101676971,38.69580077708547,1.1399256238858952e-05,1.4976426280696211e-05,2.797817292775076e-05,3.905682413227146e-05,4.707114277625663e-05,4.6330794429134095e-05,4.993848124272684e-05,4.179673426032922e-05,2.711971472987121e-05,2.2773573966466644e-05,1.6616854494784478e-05,1.1223040229057572e-05,30.67066269788735,31.114530966791648,29.855081520161114,28.763251125844043,27.749558989000384,28.01842702339929,25.545434662431262,23.89348371070111,19.10456649158606,27.302559114951876,30.91461411987491,30.332985601174897
AR,2005,4.4065158569711173e-05,2.834528226267632e-05,3.464078844256904e-05,4.056842086385542e-05,2.3795159333428106e-05,1.3071036660582816e-05,2.7470358373728e-05,2.026073381347704e-05,3.99060003192949e-05,7.147379763442512e-06,3.118180913888214e-05,9.610251675038865e-06,0.004565732818461931,0.004973389278944876,0.004746141656166759,0.007001889673068515,0.008833682865243445,0.01314945250311699,0.014813977072288554,0.014848477810610886,0.012314639365082918,0.0075233183366876285,0.005270150342141668,0.003442115019809277,2.6591425965927932e-05,1.7277985608088024e-05,1.4081804277314888e-05,1.4329691841707836e-05,6.972089836002442e-06,3.58210349028262e-06,2.359535826842258e-06,1.3623901656952803e-06,6.128143488416569e-06,8.933979414276726e-07,2.487759637427278e-06,5.833889127904937e-07,0.3882622011583918,0.04228232653739705,0.32869999957229035,0.6762331555457469,0.607506178146969,1.050001763276513,0.320038815958543,0.371704636572848,1.115219326408681,0.48052414957182155,1.176518914818155,0.6120296100369543,280.40652497671954,282.21181409572193,284.1507950119742,289.83912836680474,294.1296504614167,299.5043624078842,300.3934953626717,301.6188514761515,298.7674427740378,290.25860323389975,285.7725838945373,278.4849366208465,62.4231867976333,74.09080885059151,54.18971672345959,49.228051826943634,50.69784677493996,35.51475671341978,44.518736021080485,38.245560836073196,31.121244900879557,26.837179051216392,42.604925165058795,41.8596955411482,1.1625682000292703e-05,1.602361765797944e-05,2.685285929477751e-05,4.027315491050986e-05,4.335997033764545e-05,4.211291092887307e-05,3.9229309734513726e-05,2.977671268234635e-05,2.6609158718470413e-05,1.8789618227909237e-05,1.6822150882846198e-05,1.0464380027591313e-05,30.425932286392626,30.920560394983735,29.607341658515452,28.101761359893665,23.05514313064137,21.280772849956545,22.023479995455656,19.361310129919115,20.982249282465137,20.231402753677067,26.483219658820634,27.87879353960082
AR,2006,4.218804833333746e-05,2.8654396170347006e-05,5.164679188487082e-05,4.167220552071764e-05,3.4134225620920366e-05,2.048355702353405e-05,2.2400215401679267e-05,2.1781376621322278e-05,4.3918084383205286e-05,5.1242781113862876e-05,5.097082967091361e-05,4.7946473474040734e-05,0.004315805404863894,0.003278212558100443,0.00531259747802578,0.008685241079047237,0.010713326757625794,0.012409116361459534,0.013662318345133859,0.015039738743248973,0.010106434984595581,0.0076269298310687236,0.005756643000831658,0.004452139705266879,6.362861651278538e-06,3.274232990317582e-06,9.392030781861581e-06,6.05783846521791e-06,6.605872588116387e-06,1.6504028158691312e-06,1.7339585354902653e-06,8.371778189407026e-07,6.4174445816933935e-06,7.1781931191154195e-06,8.034931284439638e-06,9.44547560823166e-06,1.3412261401526253,0.2500172151514044,0.772182121983692,1.5658895173730374,0.9234871491585428,0.20563615560336748,1.2212177526734287,0.5978842706234792,0.05711950896111798,0.44651085562347675,0.5340938343883901,0.6333633510129822,282.65459232002814,278.85350908030205,285.95288892244884,292.8231991847269,294.9097942180486,298.6971428573459,301.4169832475933,301.3670182275747,294.98073775678273,289.34688191916183,284.52714346940303,281.1568191002464,50.75525439857639,59.99128642401924,56.22995380956943,49.246522947276155,49.972704166626045,35.9679682832476,44.83072452984196,43.952430035076276,36.01265316650205,38.981041203838146,49.30170423802107,46.2182557445854,1.4628676390335624e-05,1.554786800349948e-05,2.720233538857814e-05,4.220474404749744e-05,4.709934790106463e-05,4.5853480408193264e-05,3.612619450646734e-05,3.227978987190778e-05,2.929259976578442e-05,2.2683139225074177e-05,1.650852319131358e-05,1.308607417477392e-05,28.14528844321869,30.303025963453212,29.168093379908385,26.51671559106381,25.942442214652658,22.078529703607135,19.50156511520694,20.57721823424629,23.350186234099173,25.410374009358755,29.914044115307977,30.550542474436412
AR,2007,5.070535797522253e-05,2.7559399021485926e-05,2.2417080674596275e-05,3.750844504554987e-05,3.4237543296868646e-05,2.8110442154468536e-05,4.453419187416877e-05,4.901041849714401e-06,3.8965251480891494e-05,3.8982905748470624e-05,2.035150065255731e-05,4.9501420584143616e-05,0.0036561138088083826,0.003302659711218233,0.006699366094378392,0.006046702074187934,0.010712338074368291,0.013039738683527409,0.014690587574873118,0.014021974594491608,0.012566637867027903,0.008775618860113325,0.005437521284469473,0.004681802045581213,1.789947869628222e-05,1.3376234110932602e-05,8.532586746503564e-06,9.150019194160793e-06,6.005134545636068e-06,3.736502822746715e-06,5.33631475470922e-06,1.315719664488188e-06,2.846176170629349e-06,2.8395993830666995e-06,1.4434060631369395e-06,7.1100046468692225e-06,0.6038129906394019,0.2457821794623566,1.5016170954458288,0.4574460908159318,1.4506410656999693,1.027078224579574,0.39287499333459575,0.8028113695712672,0.9910228698547233,0.3848417306213049,0.3628189476589007,0.5852126475016516,278.18411698425405,278.7504028927138,289.2211801841053,288.14223639384517,295.4988010079202,299.23907469747627,299.4572658589132,303.0278879019958,297.2071224474165,291.7057404478586,284.9643362876761,280.5483086290603,62.19381618427406,48.808778753661464,59.15926120606688,48.48187771027602,61.23018193036827,68.3257058287074,58.063733106207685,40.00933499960067,48.62118673509089,38.19759660906054,44.97789782912592,60.72897245167391,1.1344246181610648e-05,1.4919284635901666e-05,2.7300122230983127e-05,4.023574093382087e-05,4.750406540631749e-05,4.345712860982795e-05,4.690017286486159e-05,2.996934772974423e-05,3.227920651939454e-05,2.5318419559389862e-05,1.5110855359446828e-05,1.1039675558188262e-05,30.881614175499788,29.818145937369874,28.149058985300695,28.40164052992336,25.96703331099233,22.829917159812528,25.77219466087969,17.2506113306934,24.322263378785735,25.823425895738698,26.010644995510667,30.519881267680613
AR,2008,2.6786486218238906e-05,4.6645642323717426e-05,8.50542309420735e-05,6.635951933532312e-05,4.364526636995636e-05,2.056234331190235e-05,1.757295078576964e-05,6.106674525260191e-05,8.709679393216874e-05,2.6264434643333455e-05,2.2765322417605753e-05,3.853244688303423e-05,0.0033034441655407022,0.004203610272449767,0.005567638317656528,0.007065633070438473,0.010453259756172784,0.013641017159367615,0.014288259214869087,0.014833288699154396,0.012433451472045658,0.007699977581282653,0.004887999417914236,0.0038450766346204415,4.268161193490948e-06,1.2871369278817863e-05,4.0974463306527066e-05,4.053450814905417e-05,1.8304893701782188e-05,6.691420265781401e-06,3.3374032977533134e-06,6.977946630409189e-06,2.9678942783417395e-05,4.222607748027851e-06,3.2743258878784013e-06,8.131212067904072e-06,0.9472925455227462,0.7638913854317926,0.7394196700910081,0.8790619643245556,1.1272095830526092,1.7608700809782416,0.9803181366542288,0.9506031374385622,1.4175996037762708,0.4531063970822231,0.5279063364872708,0.5529182498188518,277.46228985055404,280.1303423632102,284.94349438909813,288.5944960436312,294.1606048920479,299.31146382196357,301.08041077565514,298.9818476451525,295.31859875763115,289.2032784141404,283.02075020065655,278.8484777654818,50.58412925533863,54.236824754618574,57.75704242683176,52.19811586880104,51.92636583796194,47.244045572100326,41.87796301649031,53.587376192730716,46.47735078261898,30.94909299258483,35.225583518103484,59.19458784267666,1.1566269567574735e-05,1.606092675141655e-05,2.5037943364922025e-05,3.733513621903279e-05,4.7774138129953764e-05,4.6296843869549324e-05,3.891272448761865e-05,3.765959500502011e-05,3.951412355505063e-05,2.639448916362267e-05,1.6365064016439004e-05,1.2010226916019437e-05,30.336667628615412,30.836077000301856,30.36913218246034,29.661877406309685,27.863081220702778,21.995926107885353,20.464296743887996,25.081461559965323,27.61244663339745,26.630745772802094,27.77946071918,30.550847785389674
AR,2009,2.579027794429524e-05,3.6167598352763124e-05,4.910064993776153e-05,5.849407002198116e-05,0.00010034952153180363,1.985380402408301e-05,6.855312572236526e-05,2.849386828736658e-05,7.257070131452135e-05,0.00011962233384446225,1.4222582223758172e-05,5.534049194165184e-05,0.003128112828667965,0.004340926456492689,0.005645508929905977,0.007100058638115542,0.011117984204712834,0.014315574276531495,0.014164290743916652,0.01466172328857208,0.012813892786556105,0.0079096155389578,0.006192330502229488,0.003481914142236285,6.139226169020106e-06,1.0230436375833662e-05,1.4069044273380181e-05,1.804119213146721e-05,6.328274205773112e-05,1.401508022782538e-05,1.4543321014239353e-05,5.727306677429584e-06,1.1031537774693346e-05,5.078449363936756e-05,2.6012068376410285e-05,2.481528109995053e-05,0.5155305556705643,1.0274353170518822,1.047224941963909,1.0466125704009646,0.6258108754069273,1.0128995161914647,0.4885750409835884,0.6073048408311152,1.1339766680217354,0.5686626782714657,0.5721013907733111,0.34036978973787335,276.9896378848841,282.13716712622005,285.2039912814587,288.9443319068841,293.4288013012251,299.96218899861964,299.3654551812629,298.31208768089135,295.39516655606434,287.7814283623469,285.67282457148673,277.0771678219953,47.74939399960272,51.09998690344302,67.34202252861007,54.536752059332095,62.5296620362697,40.662151118629566,50.01898226055167,39.47217261525365,59.97361546859843,67.31528474290162,45.13741177592329,59.4117290919914,1.150680009574817e-05,1.8066711119848946e-05,2.6335724107657862e-05,3.742665673341857e-05,4.285544100013123e-05,5.071234553145572e-05,4.2000410851351446e-05,4.7272938579481806e-05,3.2257002897676124e-05,2.2970827999198297e-05,1.655578964399407e-05,1.053809168431618e-05,29.900711035635965,29.903134780469493,30.187375736585256,29.60240730129009,30.22774931262327,23.67315632193565,23.537462237251006,26.02602053732132,27.40146967204787,30.62947419891674,28.2567489414836,30.614473149790822
AR,2010,3.820901684069489e-05,2.8029868198469604e-05,2.797833234543412e-05,3.342758652517434e-05,5.7164756232647606e-05,2.240518240491371e-05,3.535894015948811e-05,1.5263203814769318e-05,2.6351168637757542e-05,1.0298371603126602e-05,4.4213560774300834e-05,1.6963438389993642e-05,0.0031413795359982737,0.003041714892983656,0.005053077322504193,0.007374638802361422,0.011878180242872837,0.01605495758763329,0.016911805408404895,0.015990640825368576,0.01176299670447051,0.006425699251490288,0.005481101855010698,0.0034513242516713604,2.169803369904682e-05,2.6041215071578792e-05,1.9323042713938575e-05,1.4659525599034314e-05,1.3629087371020547e-05,5.531641127723949e-06,4.292122018401526e-06,1.6120957114090517e-06,2.9405340253106075e-06,7.688887349591452e-07,3.430769203249441e-06,1.240608030402321e-06,0.5275737175490417,0.9534545997787397,0.6330531468681712,1.6832741823057509,0.9933801719725532,1.499203489639754,1.312564320485833,0.751633647360141,0.4978354794161958,0.3875842902063059,0.7261306656895515,0.050116452670574144,275.88860116371427,275.9342407744508,284.1473260691519,291.68879489110503,295.63011494086396,301.29604044016287,301.40119881782465,302.4268167788782,297.52420540379023,290.99045526711257,284.98140650375547,277.8866789704829,54.37370135900919,59.0000408742761,49.94996145275136,43.99527363713365,49.02228670827566,43.00621692509117,55.48997732311886,37.369102391834815,39.001649065729794,24.45800464492163,46.20230407753676,52.77600480582987,9.089949211056533e-06,1.2938466815413277e-05,2.4435527813073754e-05,4.035963218669195e-05,4.9826610475847696e-05,4.975100662863955e-05,4.4634362286978595e-05,3.32364808847972e-05,2.8727152429543327e-05,1.7152885168841864e-05,1.5401688406566222e-05,9.941827398438309e-06,30.60215572055471,31.396761235271505,29.434005573230266,26.072173320418575,28.214288308462205,22.478658230056947,23.429777009527506,19.17001664041637,21.853317612570326,19.53699073422258,26.299811754554643,28.251213085705356
AR,2011,1.585479474047985e-05,4.292477349420426e-05,3.0854369456551466e-05,9.709682946980067e-05,5.857218594779303e-05,1.3291883111171207e-05,1.6383937076939566e-05,1.7543261295616686e-05,2.6050614578135998e-05,2.2913304101094135e-05,6.069959032295995e-05,5.598089762038763e-05,0.0031448034788661215,0.0043133969963003865,0.005721529418039639,0.008241632248996135,0.010111970163800131,0.01461906171856149,0.015967510104595357,0.014929856158347297,0.008963721565972025,0.006521629693032801,0.00614558125208104,0.004474817118499562,1.033883158858669e-06,6.6269411760793275e-06,4.827569580231147e-06,3.0295320404922053e-05,2.6509269104000422e-05,5.329745338654529e-06,2.4859608231973425e-06,1.7144676077008482e-06,2.099409723658599e-06,1.3105450042585398e-06,8.40172128130611e-06,1.068767807807233e-05,0.6089577443153324,0.6880978370135419,0.43825964879896995,2.3483586809149353,1.425350811113844,1.9867739156044424,1.2157462889716932,0.7026424097901608,0.9120886380187287,0.4059221324346481,1.1655507573760477,0.21843775474610788,276.5897065569134,280.4476324857003,285.26046866524354,291.5972204227818,293.5751404385432,301.6076796276232,303.1816784536366,302.4144426205669,295.4651505198056,289.9842892852321,285.788787956944,279.95239904079386,49.20819526175792,57.7162534199431,56.73844851576907,51.13513945027318,54.45612796396745,34.33481469301292,37.70574024019114,43.09268821041093,38.06218524300976,26.560058115935675,56.653078134439674,57.61078804173512,9.949125023868637e-06,1.4264121981799256e-05,2.514940282565869e-05,4.1647853551213544e-05,4.9259764718642255e-05,4.5217059359104096e-05,3.570379508682863e-05,3.081367552878208e-05,2.4492370253110684e-05,2.0556881473089396e-05,1.6166050240793046e-05,1.1759038466639242e-05,29.575973162804,30.79377149144442,29.375276745722385,28.907444166492002,27.3835632087944,19.829689369620795,19.118449004578427,19.65202376891403,20.69336626035759,23.005149236772063,28.66632330204836,30.923944969237724
AR,2012,3.2652102863096864e-05,2.9707148093453806e-05,6.68411493943125e-05,2.274866053495357e-05,1.5494683565841505e-05,1.041284780098397e-05,2.7543574278688426e-05,3.859537547505204e-05,3.569390748849939e-05,2.4264365498463093e-05,1.7343042508224903e-05,3.4449060936746305e-05,0.004077671090914326,0.0046500934532311385,0.007830582071534947,0.008428240009858012,0.010506655623808356,0.011694907466517723,0.015272722759533931,0.012974181494146633,0.011746904905332119,0.007134061591298354,0.004942943904127715,0.004935762248844962,7.173754272189066e-06,8.368749082219529e-06,2.806986176106472e-05,1.2414545454328384e-05,5.518129621504973e-06,2.8985267039189764e-06,1.799493706806543e-06,3.1221422789625174e-06,2.3178717877597374e-06,1.6830001751096534e-06,1.3703194013552346e-06,1.987789846767848e-06,0.8476876894593981,0.1531323911482508,1.831009066934187,0.9963195576282825,0.9918373493038436,1.0246975245556302,1.1520402347167615,0.8322144820038929,0.42055833718530367,0.5368997687789032,0.421305724604861,0.968668022185119,280.98207577703374,282.3489177976145,290.72980471615455,291.8698886417287,297.2405759214859,299.9275242977714,302.30989980747114,300.4299353011749,296.62803250355387,289.07398698148535,283.72761944440583,281.83060288934587,45.04173574877386,60.30455938594024,51.902159114941526,48.11951301732995,42.62285139604574,38.47609161892814,44.78196656193076,44.66821371540357,41.925633535950425,40.81316981972967,30.493390896595862,60.415845536592926,1.4328109163886608e-05,1.6916411618307674e-05,3.1116577119937944e-05,3.978905296269676e-05,3.949119427665311e-05,3.4963730172467815e-05,3.653747388192799e-05,3.0692264082906296e-05,3.5996672860736176e-05,2.6113140502760094e-05,1.548131165735185e-05,1.1420917742074233e-05,30.273085300325366,30.664091943955242,29.2786749144953,26.23892386174633,20.614628921020305,19.350770679675918,21.13713828887813,20.289292040318852,25.185969856013497,26.794565021019338,25.908858228588826,28.794119416013874
AR,2013,5.355184368538816e-05,4.490845254976952e-05,3.5881631151710496e-05,4.882636274433411e-05,6.111864201133948e-05,2.855377606388401e-05,2.923795109399958e-05,2.054116579006682e-05,3.4641499116856504e-05,4.7653708463144316e-05,3.44288653248134e-05,5.135002647168364e-05,0.0041946202075215265,0.0039172249248770954,0.004307034006107845,0.007155594653714522,0.010279200455474782,0.013864935296312641,0.013726841143257836,0.014720342533276757,0.011924869461141865,0.008703239367756875,0.004529378443606899,0.003945990747001499,1.2514095794250217e-05,9.991371381648068e-06,7.060922167495883e-06,1.3136924008097793e-05,1.6170244328079483e-05,8.18109038851765e-06,4.514608716804539e-06,3.028311310903245e-06,4.798765822093283e-06,7.518600423526501e-06,3.7734845440142062e-06,1.467555148052e-05,0.16687733362184964,0.2844947974816785,0.40806490252298666,1.2086817833294308,1.2605490764170435,0.7614806107807317,0.5676270863900653,0.7022242961010915,0.853002966089073,0.6167626778382032,0.2965077907340843,0.34065227395470826,279.36628717414175,279.9128736317806,282.28113033369993,288.5622184042563,293.23782353632953,298.9313748890645,299.3427395931581,299.34979449580794,297.32816099696004,289.7858491431292,281.98118316555986,277.7860275175806,57.247883009747966,52.49600285598521,54.32182363036052,56.42682630787746,62.197413966685225,44.65145173499666,48.97722093513088,42.91167394511163,35.38979615457334,47.342134331760285,55.8349323685449,58.10263789458509,1.1064332992391473e-05,1.7435998850680154e-05,2.3342718049250323e-05,3.71870471602175e-05,4.726712410907417e-05,5.50574110945989e-05,3.9646517948728875e-05,3.910025004394415e-05,2.6420056187560434e-05,2.410841759572628e-05,1.638073790843661e-05,9.89565722023704e-06,30.67895421259388,30.772957877225167,29.802861805428563,29.807784280226453,28.978270878632998,25.379170129322926,20.505546294282155,22.58186984725499,20.14336647566442,27.72159105638928,29.946758535877578,30.458038448916515
AR,2014,1.994544110657985e-05,2.8762691696974552e-05,4.6814197946277055e-05,6.074821306971876e-05,5.9180940140993815e-05,4.8073374145448854e-05,3.1902765789350545e-05,1.7412705371301233e-05,2.1379547129692277e-05,4.3561694320568865e-05,2.6254177273714513e-05,2.6491162665692843e-05,0.0022933461769058527,0.0031652999827349827,0.0044393963717696515,0.007207178289438075,0.010489071309574523,0.015236202100373197,0.013740748223664367,0.015075429851467953,0.012301468915751335,0.009071967600285839,0.0041731992419883875,0.004875609031312495,8.494810865029552e-06,8.757000695042246e-06,1.3823247127171785e-05,2.222047646605788e-05,1.4843250732780257e-05,1.4787009710002223e-05,6.976943267653689e-06,3.452118250194224e-06,2.3459964024849644e-06,7.218443073878039e-06,2.5467955941316258e-06,2.580882057265044e-06,1.1100563179930234,0.5069324221309571,0.12641333062286497,1.0880859608655589,1.6471737680313627,1.7838002731607403,0.15724749019852682,0.7187714354369746,0.7907594695203962,0.894027801544312,0.6008019230104911,0.46583265980376026,275.5657775773799,277.4172136543064,282.1207461665122,289.1502718352906,293.5528898884219,298.0494550181115,297.5082094475089,299.27261679174995,295.8383016551456,291.02859150924115,281.1487661214691,280.04073726182725,37.231909215193234,61.410592821857726,53.88637478382856,55.110309771805674,56.961445375929976,61.586607128067975,55.065617195802716,43.85936674234168,50.037071250672625,41.62837691574623,42.396762450823445,72.86578370539144,1.0613713437042606e-05,1.4327973607778707e-05,2.3491207454463943e-05,3.849552610603604e-05,4.6286907157191613e-05,5.202475547450757e-05,4.782445859246579e-05,4.115266131353096e-05,2.8779790847015825e-05,2.534872591033674e-05,1.4664438988552205e-05,1.0210382291620729e-05,29.25733805166418,30.579767112409527,30.24769187338989,29.771135018027685,27.966232464927636,28.061745338029976,24.010572383485645,22.489239471868313,23.074878968239783,26.095971816800645,28.218947575690713,30.418207277500343
AR,2015,2.80240106866134e-05,3.728601625462197e-05,6.814542731769798e-05,5.16312813539966e-05,6.878820208163702e-05,3.512500755631153e-05,3.303310603447705e-05,1.7989485263495274e-05,1.2203874647603352e-05,4.0999685657587055e-05,9.723317648200877e-05,7.20924527502014e-05,0.003098263487544525,0.002752314509209833,0.005868946217548083,0.008557532220457503,0.011528830103770968,0.015351465025477684,0.0166755845067648,0.013681448013683166,0.011908170148654775,0.007685005234344944,0.006427519477515387,0.005820098166084042,5.614880548569859e-06,7.021182588765125e-06,2.9644605937972706e-05,2.1385615286657306e-05,2.2118956052936085e-05,1.1596440056132864e-05,7.871974361539528e-06,3.4436627562490215e-06,2.3142733264868085e-06,4.06383313267583e-06,2.3954525626462753e-05,3.658586240719612e-05,0.650504267343092,0.7071970622170882,0.5624642242044381,0.5411714264340919,1.6661557242102425,1.3325877829570565,1.588481061339432,0.6752949568513883,1.0318496508603492,1.0612993217750764,0.8700890708377326,1.2361936872902772,277.53115014249903,275.51449796555175,283.85561526266747,290.623544029933,294.44183791923905,299.3948360006157,301.77694756415593,299.8199840025464,297.4320027826701,291.235287657825,285.9970390451808,283.76415635897854,51.03821641604588,53.861482207675785,69.39198651667803,67.60314662183575,73.52503876675965,50.52620066486752,44.28477781500277,43.71676763855291,42.31603154151774,47.722440976906086,61.34415009686865,46.749329060794906,1.1235126694299839e-05,1.309536817215069e-05,1.8991390842878066e-05,3.651533274550168e-05,4.502650395359712e-05,5.5558472205163845e-05,5.357890190049788e-05,3.572419319247843e-05,2.511930227001513e-05,1.515919954672415e-05,1.700772372545283e-05,1.411091794483749e-05,30.264475439349937,30.03223567916801,31.294974519599545,30.453677783782084,28.882489005505683,26.80635284950195,23.80228162432028,20.029090783904437,19.01410254699503,20.202101101852,29.963759416165896,30.417112023050127
AR,2016,1.8874120785062022e-05,2.571493523299325e-05,9.130498440145154e-05,5.1915454172892525e-05,3.61963777947822e-05,2.8381516564741186e-05,3.375701033408153e-05,5.7649583335439465e-05,9.572621164422083e-06,1.3030890182310813e-05,2.6640331679724612e-05,3.9771383239103113e-05,0.0034950895265025493,0.0038962180106072736,0.006164366019939565,0.007687650163237098,0.01018815006385112,0.015390478887448877,0.016923478654265266,0.017131655349435143,0.012898084266857585,0.00936207190375859,0.006093656696754749,0.003982683216759834,2.3233470266066993e-05,1.3825260342066233e-05,4.7462611533656254e-05,2.1140977267993893e-05,1.1192399445992654e-05,7.195075461042404e-06,4.384981207821549e-06,6.362838696834211e-06,1.7632191309580606e-06,1.3082802833758766e-06,2.9863349722778403e-06,4.924702433125382e-06,0.3055686578783875,0.9085238083533838,0.7724914976284045,0.8305880996385525,0.4772600898915287,0.6314240571576217,1.5573299889046244,0.6312402069263827,0.393386679151837,1.0344668684673037,0.6006826551254569,0.29941517065953427,277.91632500949567,282.02374998205977,287.2319524756061,290.84102306081826,293.4562257480513,300.0618267002169,301.5349693689146,300.2938898822329,298.18737803811376,293.22368212580466,286.57389776223147,279.66847148742863,49.28327154564739,40.36227469317123,51.07969275899079,52.87700678833609,59.44574604425551,42.67259372859867,58.00858174869924,62.31140994852098,34.34890227678454,37.7485036126281,43.06420262949867,65.79543271392748,1.1989752143641389e-05,1.8224168874153885e-05,2.735474346051604e-05,3.8119007069046546e-05,4.69463370234748e-05,5.222419086281159e-05,4.488794948088967e-05,4.2253818108630486e-05,3.4723224535082184e-05,1.948915827304552e-05,1.3235964993105283e-05,1.0956210867775315e-05,30.277261362954764,28.72625033045996,29.88550126930976,28.393025738385376,28.40188617782355,25.039359056153252,22.63824507368561,26.988166931450962,21.008145063159343,20.72636941149767,22.277674581129425,30.37282839025854
AR,2017,3.152916125099297e-05,3.5458786740641715e-05,4.915077830469703e-05,8.051214319628635e-05,5.128631052869516e-05,3.4321212260054604e-05,3.9957221777299776e-05,6.516151331769943e-05,5.179314624047123e-06,2.4751551380971982e-05,1.9473853302764383e-05,4.979772449100814e-05,0.0048240736231876455,0.005620191143544753,0.006016683488725431,0.00916481162731364,0.010330179451841786,0.01396143512062511,0.01665730704219639,0.015576551887734404,0.011848102421555092,0.008052531284285794,0.006275894699310309,0.003698732415770849,4.827388851515634e-06,6.19653400874648e-06,1.2508185448099839e-05,2.6795208676352375e-05,1.8230012797129692e-05,8.970284099486534e-06,7.317291838314838e-06,9.301967438437614e-06,2.0586007914617237e-06,3.3677973725657943e-06,1.862316236797662e-06,1.1306237737832492e-05,0.6924559987026199,0.8523259538598666,1.0648553769503006,1.4060942303773418,1.1467658482254977,1.0400972476145052,0.8336808166025658,0.6273049549283539,0.5249901082486611,0.5718516470920186,0.6741656339003314,0.4206918997071059,281.31283853556187,285.1742071923741,286.9581071615206,291.4843303648859,293.65575522496823,297.8621821069549,300.4840672739486,298.31587361288626,296.64290767166085,290.9247748769636,285.7977961215291,279.23915189259213,63.66921714798855,60.70380572117904,51.728138525654835,54.628189366797905,46.82317785052859,57.995547976157866,45.21188034085426,65.59851257237503,31.52029759781159,35.25706359818873,53.19152042917732,58.26940966087217,1.1975066591876588e-05,1.8262885129675713e-05,2.8755093647264536e-05,3.913664800617115e-05,5.22882968043073e-05,5.127142978043249e-05,5.1160690403884485e-05,4.198407281441494e-05,3.322182047874427e-05,2.224688262232262e-05,1.473143954623427e-05,1.1166589852910235e-05,30.645312115710933,29.823374108151,30.462238582870285,29.504865860357224,28.817279847210784,26.176335620425842,24.78952873378959,26.83536519579207,21.599979873296117,22.51314271069568,27.753119628086107,28.306473273489644
AR,2018,2.616190675054062e-05,9.914861975053967e-05,6.383426606038378e-05,5.257894941538603e-05,2.48169706066812e-05,2.324741393689272e-05,2.5852789994287454e-05,4.0943343899444353e-05,5.832106503914052e-05,5.441280592205814e-05,4.216932829193124e-05,7.938228046530555e-05,0.0028371906799385424,0.005199407370018415,0.005643702049712616,0.006009409898723595,0.012932557962579954,0.014809759297422705,0.01555943246239134,0.015241287259586275,0.014264561268659125,0.009222131901166565,0.0048238572016532436,0.004628220569004892,5.239401629343953e-06,3.382974981156623e-05,4.513750571086895e-05,2.7245724164652086e-05,1.2187074971652837e-05,6.2928573855059415e-06,3.348174184442759e-06,4.102296894700019e-06,5.608738596089264e-06,7.3459468245812694e-06,9.792954951774131e-06,3.0171110246748128e-05,0.37929719871096335,0.6326634342327587,0.5286191419678281,0.19962991703321434,1.2289658038426,1.6634678689546032,0.4395007851759099,1.180860186473626,1.0363417045289371,0.3673623045991443,0.2871531749495103,0.17404580876781747,276.00175722675124,281.4835125755753,285.94073554382317,286.74919922564396,297.65166249923413,300.88129209189253,301.07106317757336,299.4450535442969,297.14939175617644,290.5094403573214,281.2068563321041,280.17471161732766,44.53684725529277,72.52439658651511,51.06443927377349,49.60534058974465,50.752798045791344,48.1959700372272,53.375249942634284,54.46929687224713,54.00139981609675,58.53968820136958,54.2040483802589,63.672983965561954,9.023366975496967e-06,1.4081828147693162e-05,2.6889232803071166e-05,3.6258141552562394e-05,4.835815873166548e-05,4.481718187989688e-05,3.917819426282335e-05,4.0738157479724175e-05,3.340088492640962e-05,2.694819916566574e-05,1.5844875990258795e-05,1.1706920139855717e-05,30.47500144980352,31.136777837693757,29.855394300449955,29.83017735576381,25.442210642465753,21.781022142370198,21.208755226187886,24.72798659574318,26.673117308683302,29.23746972986197,30.769153154305457,30.977760853946084
AR,2019,4.555758154012193e-05,7.997176195886744e-05,4.0375183834926745e-05,8.162384231475363e-05,8.720448483028685e-05,4.888879638485637e-05,4.609523755249132e-05,3.658256245055802e-05,1.3048252713641132e-05,6.0846946407964624e-05,4.768857235819926e-05,2.54718643417132e-05,0.003876695119469734,0.004973816804453004,0.004592814015169787,0.007830122612976336,0.01224470749212411,0.014020535574776328,0.015982811650393433,0.016441302922767975,0.014746155854217236,0.0080798231167249,0.004725635486126195,0.004714003887626025,3.962047437662946e-05,5.794256359760246e-05,3.57339836401375e-05,3.703391380943143e-05,5.013437286252439e-05,1.781560998769793e-05,1.144901448226401e-05,6.031732114443893e-06,2.6680127166848745e-06,9.610393433542687e-06,9.145847939934552e-06,7.0837187416900165e-06,0.4842163951685015,0.3166408705914891,0.038826571825983494,1.1391595203861042,1.526865491070797,0.7733669985012829,0.6710135053841062,0.670878626864,1.154826687105668,0.21843269606196253,0.3119112023914982,0.47182470563894346,278.22962674081714,281.3416742561033,283.31433273450216,290.00528479499513,295.13636051492887,297.98034132605983,299.70171185517904,300.38175791198984,300.1553361354297,289.7276570854913,281.70004057139886,281.00277571645415,59.718907482877434,78.48465107835331,57.226548395921064,60.03309718569376,59.952649706862275,61.1810790549471,51.46633197223744,54.743234136906906,31.13164504152038,42.07170821938917,47.04221679723624,52.35338659375203,1.1582518424831308e-05,1.374959915205435e-05,2.4691088021164306e-05,3.818739495696579e-05,4.8813808700903527e-05,5.290813595251971e-05,5.2209016906944656e-05,4.3234774929271936e-05,3.1412371023633126e-05,2.5161519596204484e-05,1.5975626119359137e-05,1.2065660449902122e-05,30.709067772260163,30.86534164272334,29.824677554401156,29.62908198321118,29.112315624376528,26.68783076608104,25.48628755728808,24.38672973889396,20.577261622760123,26.63411302122719,30.33942919195462,30.425320391597882
AR,2020,5.7664123264286984e-05,6.290668303176462e-05,7.257641737792206e-05,5.0869446106915145e-05,5.724114006843548e-05,4.4056507176549605e-05,3.450325518088683e-05,5.109518924529666e-05,4.55914426924082e-05,4.3398423718861965e-05,1.9942522645250324e-05,4.810836494229165e-05,0.004567716658844788,0.004354679784086892,0.007180312161554261,0.007181265987107142,0.01041786382014838,0.01411409869465258,0.01710651421721662,0.014592337024951822,0.012642109704079592,0.007880408539635522,0.005820126059567486,0.004115104234520123,2.3623631809698944e-05,4.277033851596486e-05,3.698438652450398e-05,3.2316463813190884e-05,2.239523415677647e-05,1.4474566839828353e-05,6.223486654649451e-06,8.90934749620149e-06,8.051181413944329e-06,8.209203408223091e-06,3.070805697106222e-06,8.94628776726117e-06,0.38024809692452616,0.3077415526013206,0.7536817186229787,0.33549644353403507,0.5883351844389532,1.0554222619798364,1.1655733408499032,0.3074631393530929,0.7930732455913642,0.4373180965244639,0.646516728137635,0.6444348441186006,280.0897767324597,280.61639210507855,287.3900098943099,288.6346566432022,293.3050308271863,298.85315745111865,301.12549051084,299.30285531257977,295.6512581867366,289.2187598320437,285.97048460495074,279.6380395062331,65.18363296652932,64.4947055150619,79.92534661883901,56.96258448377867,54.747794238608286,48.99236431493086,54.037720724517676,41.405054461674865,45.48223569501433,43.742251905107366,36.68943118112152,44.00373176810241,1.2063260742724844e-05,1.670835693530397e-05,2.418679255264698e-05,3.877795457294967e-05,4.8081108590108886e-05,5.472304627322921e-05,4.9798976227110035e-05,4.3287443146860625e-05,3.8320399307542644e-05,2.4285621199303736e-05,1.8632666307541585e-05,1.2854034857438705e-05,31.405799824410074,31.014326955706014,31.059636795379557,30.087836330226594,29.345455819500263,25.647627106157564,24.5110388272889,23.725178400491213,26.299631329025058,26.50400241466713,27.792480420834977,30.662619024009555
AR,2021,3.8190478480189625e-05,4.77459261048862e-05,5.4171803046057325e-05,5.629605221196779e-05,7.476092410593999e-05,6.106028622340197e-05,4.080052055779828e-05,3.2247637294320795e-05,2.1142082938126058e-05,4.096776392414789e-05,2.0276381677106685e-05,3.8873849512677575e-05,0.003915052156901749,0.0031653616272538016,0.005972450068841823,0.0067396199331195,0.010047613003487305,0.014824651141853336,0.015672867814074194,0.01610215202627316,0.012258016079258664,0.009790490305155148,0.0050593752399747255,0.006805703800779032,1.3340565153548808e-05,1.751368286877097e-05,3.345055469993586e-05,2.6351933831504256e-05,3.115082530258253e-05,3.8784083630879315e-05,1.257691527745247e-05,5.5075626126870936e-06,2.9593661168575754e-06,4.333639422740397e-06,2.007900865792927e-06,6.97170001152613e-06,0.5090349213298362,0.8429053759059288,0.8671158919010239,0.620813730681644,1.2472599530000463,1.2205414638224341,0.5143991769086694,0.9081594173774804,0.7581563293404631,0.8760392191165398,0.6242583214706161,1.6674587493134723,278.8631282936138,275.23554406222456,287.0927518453483,288.73498095473303,293.20292024188626,298.9139577295264,300.3305856970583,300.5856520732503,297.3071225708945,292.32583721451294,283.55188919954253,286.1006535263228,58.377612888474204,63.97219319158422,53.95493819614089,49.8307700689634,69.94011305823594,55.326769139661955,42.07761772005506,44.43650648342092,36.570556087045304,44.50114272294599,36.9346096344164,58.878558049087516,1.2037205388499717e-05,1.0626919985929417e-05,2.742852162127758e-05,3.717175278554554e-05,4.6528641733429206e-05,5.088079439829361e-05,5.141158971527708e-05,4.3251834634333106e-05,3.029569309968493e-05,2.7003637263943464e-05,1.7388369688153798e-05,1.2689851490781004e-05,30.66227522349877,31.376626018120003,29.953536916369064,29.548050859834945,30.084362557791554,26.829811829771074,25.28021136060206,23.45445908654114,21.56003378128443,27.382175052307293,28.797751708695344,29.7668882193037
AR,2022,3.729971856418434e-05,5.292548295268778e-05,5.5755078699942956e-05,6.850558399700785e-05,4.9598625410496796e-05,1.639371779866066e-05,2.1595855403848217e-05,4.016448692449799e-05,1.0774045486865318e-05,2.8489160645271663e-05,3.8475623030936677e-05,5.085160457098331e-05,0.003085326019237817,0.0036141525141410785,0.005091956510874421,0.0071896295735196705,0.012033588037207462,0.01418387154295456,0.016031074069602035,0.015957738004483222,0.011246059578003682,0.00668017015726574,0.0054271840112362245,0.004370406785999027,9.304631986362666e-06,1.2631503431136676e-05,2.255510998180513e-05,3.0832687345830405e-05,2.292475713516811e-05,8.630031394271975e-06,4.050794408225667e-06,6.953933215877846e-06,7.882517081037823e-07,1.395726481172138e-06,2.9117770035910582e-06,5.6851947337767416e-06,0.5973526327176791,0.40914167604597484,0.9479458553313534,1.2936005879981334,1.552803998437716,0.6425728844825362,1.407648347357624,0.9221905085094791,0.5024936401273122,0.24470604858535852,0.20770527401546462,0.5512716082690298,277.5417014564041,279.30422594908487,285.3020659840605,289.69023266962216,295.6071084670959,300.0432218259836,303.1814320806786,300.16482609129764,297.0774030942368,290.51981488025433,283.76729306957765,280.23865032453864,40.530505169038044,47.29573974799596,46.46391701142426,52.199386282795956,54.204870836044336,40.644868564550016,42.921730581529886,48.411813121899975,24.79405927835364,29.232792553797495,44.93778198017371,63.91905811442944,1.3378457748661746e-05,1.7124508902465257e-05,2.678708600026013e-05,3.946058363051244e-05,4.914206579567796e-05,4.865603417395417e-05,3.3164689535187354e-05,3.835044175262176e-05,9.134727088923602e-06,5.851865037799656e-06,5.397584954516943e-06,3.243103441896371e-06,30.39725648153284,30.726993087486488,30.128798300600028,30.15922942094213,27.48900341794747,22.26725080246498,17.951092543827684,23.80246335676196,20.64215236492021,20.422790494607867,28.675761902948697,30.478146897680837
AR,2023,5.323818704273932e-05,4.4116202815570174e-05,7.313215754861291e-05,5.000639813794408e-05,3.287643453754868e-05,3.2641204853502076e-05,3.478435566848457e-05,2.0799719245075345e-05,1.572873657223898e-05,3.862316051364964e-05,2.333423935376749e-05,2.5478774370317332e-05,0.005016313331729225,0.005135321240511958,0.005717271854632318,0.006859658019132282,0.010711953704949461,0.01405607569243014,0.016653127265308678,0.01612415735316094,0.012145147072906863,0.008406422903846949,0.0054340420638110225,0.0045002764100435105,7.629362214614106e-06,9.780991872914395e-06,2.1916373631006923e-05,1.2874275324886637e-05,6.529392918251378e-06,4.394153216509767e-06,2.577847813807296e-06,1.8692332738929202e-06,9.349279377417402e-07,1.6151373684511643e-06,7.713589945335562e-07,1.948310066646919e-06,1.0233506628510383,1.0159178766800954,0.4750825487238169,0.39735882904462594,0.5495231210410491,0.21591836400314807,1.2455165365862129,0.3610779735973712,0.9996150862182084,0.27240995455080486,0.20896999211034276,0.8393495082702925,281.7888262522844,283.23912303057114,285.78570268322795,289.6268568171619,295.28123761925985,299.32918454833435,301.10245927909153,301.6649558034473,297.7467602423424,291.68041755769485,284.7948136481642,281.86376607020225,54.30389766467635,62.33201710026557,56.68977344003383,57.87615943075929,59.31958242284392,41.03430120751763,49.62665324046755,35.28004628956613,37.23188115945845,45.468585697327775,42.32894520595213,47.28494454693764,4.19076309245877e-06,5.712376760259679e-06,8.134063290168476e-06,1.2212677221256706e-05,1.4274949496808087e-05,1.4866553189401746e-05,1.4492644090400456e-05,1.1029771342869567e-05,7.598217734667206e-06,7.0913164280607755e-06,5.392555581100683e-06,4.214208385400641e-06,30.70366398735274,30.953000125433938,30.239662974053,28.87101658566061,27.695751857386238,23.10603494331153,23.741499523723736,19.916509073691724,19.56170631424473,22.552786310385724,27.32294868504073,29.042572865310344
CA,2000,4.901859993230752e-05,6.868081641019165e-05,1.8611924542828436e-05,1.908211675116748e-05,9.194702701485447e-06,3.2480632083981968e-06,1.2025800193927884e-06,3.426957579816306e-06,4.667294331144637e-06,1.922677657171938e-05,7.218763558001238e-06,7.846987021285517e-06,0.0043882812404208915,0.005053776801197339,0.004527476855560751,0.005184778326870597,0.006001055028458067,0.006931219962339457,0.006875946437317313,0.007555312594705432,0.006579670803475937,0.005986426014507366,0.0036708753664363033,0.0037570352583470848,9.375711620066714e-06,2.1139687337753952e-05,1.5303213004762468e-05,1.3603341838089219e-05,1.0326557346544634e-05,4.438986298655509e-06,1.8561222446385734e-06,1.1292774414999745e-06,7.872272007226085e-07,9.65628860933157e-07,6.5939128054205e-07,7.959215301389772e-07,0.3723846555996677,0.9794173268233645,0.5845168608467013,0.858927764467019,1.2793579196657976,0.9950476528436486,1.2383325045451476,0.9529358764590969,0.5206588149540751,0.37263661473427,0.5131388333492399,0.3886025400480732,280.51054818652057,281.1949107233008,282.8067176423391,287.17101111643007,290.82975080883836,295.6940854017117,296.35442876173397,297.1125918296705,293.63703097454487,287.7100185507231,280.5322576866046,280.53311783114,63.767363712099176,72.69641469439885,47.76454928433744,34.11686114779285,37.12493300546125,16.982955849698772,15.95989327238434,18.762310762171406,18.459688508327552,34.76960112297493,36.34093965003501,53.914902217386654,5.323883743172928e-06,1.127199367329522e-05,1.7551097727022108e-05,2.1140325562444016e-05,2.0731069028046698e-05,1.679846126229446e-05,1.0860942975833112e-05,9.314933143052475e-06,9.605240610576638e-06,9.255745911221843e-06,6.9711830098551636e-06,4.698334947814155e-06,17.346546001948273,22.27393726018279,20.657544307995902,16.296699018495676,13.522661711933742,9.6737910513248,8.31679888013575,8.401400725083874,9.8761692889161,12.6691039366211,15.881069242887957,15.640202093802815
CA,2001,2.9700813232104135e-05,4.668947535518346e-05,2.144442912419415e-05,1.8198338205991557e-05,1.9069136012265582e-06,2.7269433104156936e-06,4.343405627310375e-06,7.021279276401733e-07,3.60064194853209e-06,6.580489827711847e-06,3.7351312675377115e-05,4.654659272565302e-05,0.003485236495486936,0.00397035322792958,0.005331504472560691,0.004610532136120429,0.00577437414188517,0.00605537987210678,0.007598031381409927,0.007682927857310871,0.006890473511371144,0.005566188846230849,0.005261190298401295,0.0041126621781253795,1.4482054274072262e-06,3.607090156926639e-06,1.013632738705731e-05,6.300145693837371e-06,6.027667441282591e-06,2.273341815824353e-06,1.320689150027125e-06,7.795796899562106e-07,5.821798594876496e-07,5.27262123469048e-07,3.103812949503821e-06,7.86156849438879e-06,0.29931697809859975,0.3303372059598152,0.49417145126462403,1.154578222956678,0.7824888470437368,1.2725786845758307,1.1587915983903656,0.9819701732055167,0.6047664697864502,0.40726626086904116,0.24767743652105884,0.1554083445384798,278.08582599883215,278.78949196645675,284.0520435350353,284.03994669858395,293.6146008998463,295.180682937849,296.628677538175,297.60028901027584,294.7955999177034,290.6401003807937,283.93865506222033,279.106929628462,48.279893605731196,58.96205586929243,49.75039091954109,40.404433619434286,22.509962767693256,21.70399633250163,21.439921687255207,13.187871538948007,15.972888937135398,44.5969743853625,52.641545381078046,62.410887993958696,8.01549534259799e-06,1.0733034333893515e-05,1.9354734179952586e-05,2.047325123216866e-05,2.0032733638669438e-05,1.2996379878647274e-05,1.3437127001833856e-05,7.599747538715879e-06,7.043151077120024e-06,5.274883153487537e-06,8.062745015550781e-06,6.566542221552219e-06,19.97111060180599,22.1480253192165,21.729494004076038,17.61040486620004,11.105552490483547,8.692710047236282,9.384082060922083,8.08576854009337,8.935769814565448,9.104034091036127,16.40124917329679,20.06211367517741
CA,2002,1.9302174382026454e-05,1.5135547665402584e-05,1.8447807823799557e-05,1.0474705911764274e-05,5.600360394485369e-06,8.881799918232746e-07,1.3235526214563582e-06,3.324037391742101e-07,1.9052617089919275e-06,1.060113775095943e-06,2.886057562000178e-05,6.841466309599127e-05,0.003449470097525786,0.003626404066571087,0.003671103505951296,0.005130455589296563,0.005236155929737427,0.006355402285502155,0.007757345098124917,0.006800823176691378,0.006167706823937836,0.004962846827095323,0.00427886115920521,0.004510877330427792,1.1371436451428812e-05,6.994136996690271e-06,7.405180667573269e-06,1.1057873557922243e-05,7.20666077799069e-06,3.897135442307028e-06,1.5095632763957015e-06,8.68266751789517e-07,6.041774471628805e-07,4.415020097948614e-07,2.2467921138045724e-06,1.2710666859052652e-05,0.37409954732321393,0.2572558873661647,0.6179309207413006,1.0973147320739414,1.0964369646626455,1.1517605139224159,0.9901219363086914,0.888588172903309,0.639929631513382,0.5239639077904753,0.32521991109489634,0.6768606381861036,278.59988058875336,281.4965596428057,282.1694948410017,286.3604217575118,289.41306707743837,295.08361509019244,298.4876645074843,296.75228135299915,294.6996104266416,288.33852456618195,283.9466973068168,279.5579280663767,48.98003442862159,45.6497829883108,43.25839080015651,39.11149298789779,27.208006525946853,13.883674789477723,18.53808708153028,12.238005307890466,17.225077543540525,28.416665767269876,43.76087853195255,59.04071520859365,6.649269896932821e-06,9.103526148463206e-06,1.3635859211556772e-05,1.536863184033448e-05,1.7324911547270892e-05,1.3165130432181078e-05,9.67527019768502e-06,6.597351731682012e-06,5.988674391475246e-06,3.798995243827854e-06,7.996093400613237e-06,7.601990614371004e-06,19.37194313438868,18.256145264698564,17.624159256660278,14.732903763183417,12.626382084736298,8.983043818779159,8.124221681730363,7.790634767931545,8.262389468532394,8.337465381621241,15.963380174551986,19.777578920516554
CA,2003,1.5171622897586753e-05,2.7084441028037648e-05,2.4375278157231324e-05,3.826185925645654e-05,1.1424872443605732e-05,7.4011183234808e-07,2.775167021768042e-06,7.3688023008056655e-06,1.5759285527253893e-06,1.2996820371636986e-06,2.1778752853698525e-05,5.073250971380762e-05,0.00488036429297191,0.00409336073123566,0.0047501885971877955,0.004765308013992642,0.005960447886625079,0.00700573021375915,0.008148993132495706,0.008705657415239093,0.0069402461573239175,0.00534220022463714,0.004447398298080708,0.004190860158067548,1.4623246112569015e-05,8.571240177594848e-06,9.828128045603984e-06,1.1932118687574758e-05,1.5734630067856303e-05,7.230621221953342e-06,2.3057069333116267e-06,1.3631693605308685e-06,8.25646809960876e-07,5.815841657674129e-07,1.0287010546056542e-06,6.035307393656719e-06,0.3954313188564695,0.4034159697627328,0.72525172665441,1.375210695449272,1.0172843277665735,1.0258253916905806,0.9844029063983784,0.8563698045675856,0.45015860705855104,0.4261928145209865,0.1327002118022433,0.3591786299669538,282.2887241799037,280.50744785581037,283.5707771018965,283.10856948517835,289.6938044588339,295.09099885470357,299.1177750235489,296.867972967294,295.7102570239707,291.74210628928506,281.277460927318,279.7242407935928,53.455018570712184,48.30707250901646,44.162053995670185,50.561413797813515,37.253879090387755,11.823449621579861,22.441901224710158,21.643699945065993,13.99663555777817,22.169730843305075,52.87714986470397,64.36849298738909,7.0473784287073e-06,1.239892055254987e-05,1.8790690374156742e-05,1.8807666318991242e-05,2.208635981603144e-05,1.5178637076359968e-05,1.1197218628670826e-05,1.3303203827847005e-05,7.2363573767496236e-06,3.940037406770776e-06,8.237710146807776e-06,6.5411492991009106e-06,19.881106052499362,21.048617449545752,20.044486402661445,18.93053688104693,15.552852266741608,9.19719354425778,8.275471523810557,10.111896693195433,8.698721371387265,8.02323809978117,16.46410142336007,19.526828106148415
CA,2004,2.1939029924598743e-05,5.551356246998303e-05,1.0371726913614626e-05,8.723359917609555e-06,5.431027042315549e-06,2.097913873229976e-06,1.5372499653947296e-06,1.7287990685186377e-06,1.5842550120937169e-06,3.6108193274749416e-05,1.4687309653725303e-05,5.238048791188039e-05,0.003969786257424396,0.004045635678230281,0.0051884601492308115,0.004769586333296623,0.005448314189492164,0.0064514634069688884,0.007338220492808593,0.0073882376484155545,0.005536333217704037,0.0056157722152215634,0.004561882029471023,0.0039079406171437115,8.870336584460122e-06,1.6774684817117258e-05,1.5074230167271222e-05,9.881371487374746e-06,6.730863389063172e-06,2.828613207043159e-06,1.4080295064607872e-06,8.607839600676978e-07,5.849635377377527e-07,2.2838962727301342e-06,8.201763628342984e-07,5.905211972025246e-06,0.22334885820374217,0.25650999875376934,0.5719838583974975,0.8498725996667422,1.4178751440901254,1.146039204387468,1.177186867939396,0.928449879266827,0.7325638161693184,0.38964172328231467,0.6411317075926413,0.4387485444274016,279.10693942122793,279.64085620951533,286.42274535641513,287.296801602335,290.7234844081802,294.7597311047179,297.7015463466586,296.9189412033453,294.01516748224026,287.5672838031916,281.7743646361191,279.839546272834,52.612359574018484,57.173066444780794,34.01817146639305,31.223609357552785,26.666278919076227,17.861994972861307,13.222402110121731,19.960114283313203,11.910754170843875,34.103504681471854,36.88270680069693,43.060184151823705,6.785620040037265e-06,1.1195384117386353e-05,1.8936560130478827e-05,1.9053353613823345e-05,1.5556297475754626e-05,1.2667824894556205e-05,9.835820280277506e-06,7.479052607682357e-06,5.737902507270267e-06,9.697678350268099e-06,1.1426376624573305e-05,7.956640651300938e-06,19.889765964320798,21.418422413530696,19.03159343810135,14.469198803986377,11.334848690344762,9.199931330521538,8.513052907604168,8.307628317593533,8.336829644995458,15.042933930241452,20.597733141057457,20.374205112204884
CA,2005,4.925533699081682e-05,3.853585664033728e-05,3.354461509178746e-05,1.7950675808584152e-05,2.4746814229795014e-05,7.758331235807125e-06,1.484375127721963e-06,3.2356414544103513e-06,3.049522437919654e-06,8.724732434251246e-06,2.0737248839214816e-05,6.855668102010821e-05,0.004748274427373318,0.005204523877434512,0.004947583616799962,0.004528106816746443,0.006334943615279646,0.006023774760339957,0.007717427287515135,0.007341023454257887,0.005554689482769405,0.005478444105108414,0.00431209756668708,0.004257780734929421,1.1116165982371829e-05,1.0410923846545582e-05,1.24585404346531e-05,1.2654643936466557e-05,1.8935914964881262e-05,1.1723593348255147e-05,4.285738430479622e-06,1.7931298085261603e-06,1.1126659129061914e-06,8.729950918766009e-07,1.9333582045422434e-06,2.3842562469403044e-05,0.2850698596725635,0.3532394422893477,0.581122442271496,0.9955675744115503,1.200039961573326,1.3269126193180294,1.0379047241538282,0.7343725251347676,0.6585081255242464,0.4576845328484101,0.3041063772476255,0.2301300351661276,279.463302344703,281.4255893860863,283.64409341222216,285.0512264230929,290.124786163343,292.46524048775956,299.0446022851528,297.52557800322086,292.61371166821215,288.6309625041176,284.2585104894835,280.823744336941,58.09050964776441,62.58042940551179,49.004874537474294,41.425764986794476,42.04266330024105,20.49382114532963,9.867804853536192,13.672664972952123,14.977155704178779,25.5001465170634,42.94343075404512,62.98562822047023,9.434863557889933e-06,1.3766252052419385e-05,2.12143669846904e-05,2.232125047316198e-05,2.4650720432173044e-05,2.0799089767554754e-05,1.5498365137643987e-05,1.203912588091039e-05,8.145804568446627e-06,8.493140205485866e-06,6.863415575965631e-06,5.788954265532525e-06,25.643167574357776,25.15652032276073,22.392233707996372,18.016021808752154,16.75370670975263,12.082199487820676,8.845881053190407,8.799105160402277,8.850253242708156,11.186957325491784,14.341570048450365,18.339735564838236
CA,2006,3.943736547499032e-05,2.8153547943588353e-05,5.19662866652415e-05,4.359949234302063e-05,9.028717564897667e-06,3.403471250965853e-06,2.592323896704452e-06,7.673525786711801e-07,9.243723689698341e-07,5.099240001076703e-06,2.0987841273126412e-05,2.8060543140976353e-05,0.004015995691528588,0.003343248710086162,0.004078345379970035,0.005321889735822648,0.005832383023108127,0.006649041915856897,0.008041805393775706,0.006206268299972733,0.00518799519914299,0.004660959283745607,0.004510660726039659,0.0031359245959076097,1.865173779669928e-05,1.4563785434026384e-05,1.7166615843423608e-05,3.23777541591198e-05,2.2738918732727622e-05,1.019021452039755e-05,2.819024113667707e-06,1.4209354078967898e-06,9.053410713586399e-07,7.090755666135509e-07,1.6603078087863623e-06,5.392823981331884e-06,0.23486153668457474,0.16814473097823507,1.1708692535729635,0.92304307736969,0.8919129196911224,1.0098683851688828,0.9615237120458191,0.8988097941370071,0.4494597984106714,0.39551382454545586,0.413044284507767,0.21402752370626413,279.9123232767874,281.43158071916554,279.99582075763055,284.8226225992911,291.53545031925023,296.27294367684914,299.6361921711761,296.7174529447258,294.02798175740725,287.9795880642906,283.8556983961914,279.3960136872529,51.65528072267198,41.861664154005204,65.64961909813788,52.10514692800173,31.7675710950985,28.704969273967855,20.328761164524565,9.354891008761184,13.475262598123837,23.10756818734022,48.751766291729595,43.69487519112161,7.741314011853147e-06,1.075027559418799e-05,1.5086546496215993e-05,2.017702766735862e-05,2.3596021389427223e-05,1.8573348714249337e-05,1.371696793945396e-05,8.840030767653397e-06,6.369468162591563e-06,7.42524367397378e-06,5.812650243024414e-06,6.165692729547918e-06,21.005536378698466,18.304947305783422,22.106583902149207,21.117435430907367,14.054255778915419,10.400159226469855,8.71228195702298,8.202912601173889,8.12805481293824,10.29837061949164,13.90633471682831,17.539470601781726
CA,2007,7.663085330762222e-06,4.3674348817063317e-05,7.129191537573601e-06,1.357193565142139e-05,3.967669821170952e-06,1.8531469066064777e-06,3.059710290353967e-06,1.953735943319773e-06,6.317012229127665e-06,1.3738005534738867e-05,6.24631499979921e-06,2.995766944438397e-05,0.002575958917790385,0.004038079735200498,0.004063613706221744,0.00450665907081712,0.004576080071332046,0.005145589602841385,0.007168233250285983,0.0068400274919500174,0.006044549760944065,0.004772482427835832,0.003947112926111703,0.0032986792444956057,3.7390268912240855e-06,7.382613148940614e-06,1.018786704314176e-05,5.3374407794730795e-06,3.89319156762776e-06,1.9131919649574604e-06,1.133041861256806e-06,7.165970348764819e-07,5.470120244435295e-07,1.1181414744572166e-06,5.768800704745434e-07,2.0302263635653366e-06,0.8312768987645153,0.6818276816983503,0.6046718337232787,1.1686912791199817,0.9874509209484023,1.2711648890201717,1.064796362603259,0.9997981691195902,0.6908217822110252,0.45709765270600944,0.4915399050524413,0.29207679686444704,277.96500517847016,281.28092146601733,285.3628378861089,286.77831521719116,291.30123324322426,295.0548070054319,298.29377532325367,297.7776770135399,293.0081180991604,287.79210100746735,284.73894212749747,278.20305144041845,25.607803816546777,55.84632183812893,40.754334521856535,42.50545640912171,24.131252691493394,21.217074890093045,21.079192774622832,11.71888735926381,15.842939161152122,27.869624981194345,34.73926489138664,46.69196147011392,6.403558725608255e-06,9.821938137228838e-06,1.4976594267140463e-05,1.7322369298632064e-05,1.59078748573241e-05,1.1548130509755406e-05,1.0006060714409136e-05,7.681317337537512e-06,8.881555469547198e-06,8.721387231295579e-06,5.846148079216411e-06,7.178037319880454e-06,17.311890211005295,18.996588236118676,16.908271241038637,14.989282907936664,11.253314902430452,8.678941210514855,8.4775999768786,8.202258163239176,9.765342475393574,12.771696899683828,12.659707932161854,18.512634625368708
CA,2008,6.563530510335543e-05,3.095621006018367e-05,7.081127653393669e-06,4.1726992656460685e-06,7.002055049847404e-06,6.300633671380716e-07,1.6238155398205237e-06,1.5411634576239762e-06,6.005425160949236e-07,6.900562603681141e-06,2.150097234540863e-05,3.0392574481362827e-05,0.003555675787324583,0.0037358150481232168,0.00355880763178975,0.0034993373599838643,0.004812380655633859,0.004862971553019213,0.00725009095172659,0.007108408759063874,0.005472176496571249,0.0041087382232440454,0.005000762380155249,0.003660461861888518,8.513350287454526e-06,9.391165390030822e-06,8.572246951105595e-06,6.971198398398894e-06,9.80608119930609e-06,4.569753940970056e-06,1.6012456304310334e-06,8.899256749120943e-07,5.831886546798961e-07,5.437669942840456e-07,1.4212906883130765e-06,1.579803460414858e-06,0.44512840149597854,0.35716457548028274,1.0677083213119423,1.230648143229867,1.1015471000394332,1.1787723118053677,0.9116647535878317,0.9615408464193709,0.4154820004595409,0.4758898994008159,0.34543230762510135,0.2506629984094214,278.1285843033269,280.5499751849187,283.26690712181085,285.7015891919074,289.89120618609576,295.2153132803104,298.09756649491374,298.0523637105037,295.1158886696535,289.4906450804023,284.91524645406906,278.4135822479099,56.70445017775534,48.30155783366414,37.10479279803434,23.781581161948445,32.05470311252918,10.993217502709728,11.647272848734227,15.240342081556054,9.59286392531345,22.455963121038813,44.75408877720502,47.76309796186099,8.754133749613066e-06,1.1932546615073117e-05,1.5140031387652267e-05,1.608447352266215e-05,1.6052348995642615e-05,1.4100799809151123e-05,1.0082008749803097e-05,7.55269168581408e-06,5.256746483919833e-06,6.589512905729331e-06,8.156906098919753e-06,7.263955662525407e-06,21.463709065827135,20.93925905920587,17.03818935581397,13.872184968148328,11.817263461759195,9.541852418257827,8.2786411633543,8.170727513130567,8.033952696166764,10.008205043509802,16.208014445840032,19.238431000120002
CA,2009,1.1730141842667094e-05,5.183938741445379e-05,2.3818196437466487e-05,7.488120791301486e-06,1.2206113529404012e-05,8.988625617262949e-06,1.2364584468751373e-06,2.5546813788375554e-06,1.3473780717589989e-06,1.8612109709469683e-05,9.239765944003009e-06,2.839638883031991e-05,0.003328441688099378,0.004013058465756343,0.0037997633167348365,0.0038157423939553935,0.005721393445967732,0.006647073962597256,0.006767606754743167,0.006349485094253929,0.00584709297563411,0.004790999894461408,0.0037727212710857803,0.0035235990807422767,2.546343724340765e-06,8.328253031846168e-06,1.2929175749352925e-05,7.180032438582422e-06,1.0808057991380724e-05,3.7945911782477805e-06,1.651164292144581e-06,9.844359490946162e-07,6.420931516059337e-07,1.7371452469003563e-06,7.331614151363569e-07,1.6334943935753018e-06,0.7701418213215483,0.6239013027049655,0.8153928657799897,1.150070646971507,1.1012060360812161,1.2293493331386267,1.105344876201978,0.9168938999098343,0.6094363707096344,0.6339192728501657,0.4252355339734103,0.10153960647791221,280.75972191569434,280.3673084707353,282.8398544100474,285.7414522149215,292.4807994965719,292.9105535336459,298.4386570189722,296.9781072716106,295.91557410786044,287.55225846619294,283.31918495672636,278.2034707088248,30.37150825180615,57.17987235465426,37.63516507779319,31.52542946371271,32.63468972219093,36.21304841856372,16.438168276723268,16.128421554868254,16.556016881204094,28.922474312038293,31.065733685839053,56.47080323777537,8.665402068432628e-06,1.2212358320124536e-05,1.59339817099194e-05,1.7220071622096665e-05,1.8211086579792796e-05,1.6659585205149135e-05,1.0784067456433923e-05,8.789976241464297e-06,6.008066316171438e-06,8.996808161793229e-06,6.574214449628794e-06,6.72260292142408e-06,19.306753394041817,22.65084626295942,18.913022465404005,14.608916988337988,12.602122917870537,11.603948636248965,8.344710712426176,8.57592947800818,8.297700874408457,12.922238892463241,13.657601407955033,19.782274382555293
CA,2010,5.9631545331494024e-05,3.651488762538622e-05,2.2777734534633607e-05,3.3113312621418295e-05,1.167804826459937e-05,3.6106413919736632e-06,9.372678259833898e-07,1.4425303365361304e-06,2.4058922760209743e-06,2.6854702413916098e-05,2.5567031038037728e-05,7.579400227484606e-05,0.004408625054917818,0.004881311058824466,0.003924786436964605,0.0044454818589630095,0.004620115683213372,0.006228807043978865,0.007211100821031668,0.006399378122517266,0.005561744006225976,0.006144499456903719,0.004005886817549198,0.004794626880752434,9.529456991265743e-06,1.1608944698983564e-05,9.893332849288525e-06,1.2664887757924674e-05,1.0395014172815624e-05,1.3945941648636334e-05,3.6054626647130566e-06,1.546393970120629e-06,9.69421773429939e-07,2.535861336067427e-06,1.5900584990282256e-06,1.620796465778845e-05,0.46980267053234726,0.2926731902743326,0.6119193788912022,1.0704159130794615,1.3591222430902667,1.2625530699690817,1.0722138708563889,0.9557389796997497,0.602805164054503,0.32384572992673044,0.3920197862692464,0.5285252351679747,280.17431159221104,281.16849828788725,282.81407098299275,283.77471242685186,287.061927463519,293.9339616352968,297.88821827099446,296.29780678347436,294.62211428072646,289.1893363598649,282.3006258800108,280.7732776921473,68.37616552875213,64.30733012137799,50.56576849380264,45.50008659778303,34.50575336094717,24.715126020363694,10.931340494428946,12.06540010622357,12.581903846305204,43.538047924892034,38.373969619152895,69.79061052823472,8.292189995217885e-06,1.3415705337495214e-05,1.862928664604931e-05,2.0438324064307198e-05,2.0915029302999706e-05,1.8357478836476736e-05,1.2692719174659083e-05,8.533282667773866e-06,7.200305400893236e-06,1.17330068091651e-05,9.115649574699915e-06,7.211946745947494e-06,22.22508094495534,23.978719716998913,20.412179624500627,19.052185464102443,15.393592710446889,11.686094650379081,8.496166898970863,8.11086022556372,8.790310046074238,13.871547514774498,17.712870991041665,22.963283701370134
CA,2011,1.207678176538495e-05,3.73618282188334e-05,6.203890035569684e-05,1.2037779507307701e-05,1.4739098590236587e-05,1.1457448982908414e-05,2.863819630150731e-06,8.048635790983678e-07,2.584693984591163e-06,1.3597540786155108e-05,1.7958513537998726e-05,3.94080479545602e-06,0.0037738327435932833,0.0032804874440001777,0.004570527633638363,0.00451299215550168,0.004635102432113409,0.006104101843074219,0.00764123224287402,0.006853462296730541,0.0065591288990014375,0.005466732673674461,0.0040554166726422015,0.002700974188773424,9.689647644894919e-06,7.008014232893135e-06,2.4836295161551464e-05,1.9815932569032938e-05,1.4823076889138453e-05,1.6705494379199068e-05,6.7029424890196225e-06,1.8614165593584786e-06,1.101553062721925e-06,1.1947218997169629e-06,1.1722022667713395e-06,7.85088264404873e-07,0.6396776104216391,0.28239331615593216,1.0892498122948642,1.3612548968114262,1.40567941084751,1.165233683031268,1.0230747551282318,0.9933389445952322,0.4106817653231777,0.4243041917608946,0.11989271828130449,0.8772442746342686,279.79330611176164,279.3109924908918,282.4234047040958,285.18416243358047,287.3549576671254,292.72898481358607,296.7459030369283,297.3035073960802,295.545066033709,289.33881429222686,281.83728960076314,278.908108749984,41.70132622471258,40.412369465497534,62.88224993213323,42.845500240692694,34.19771103815995,25.774990729222978,12.840661117971825,10.961063019724545,18.879933399250234,27.905500213528896,46.572153175495444,26.729336903620936,9.795644180795629e-06,1.2976653595901182e-05,1.5366545459946394e-05,2.0201558181344707e-05,2.1142911123611723e-05,2.081586441821124e-05,1.63742276018925e-05,1.0193553600697192e-05,8.06837365592524e-06,1.0971232379077846e-05,8.53976633614901e-06,6.330480008103473e-06,22.969511020827596,20.742258353004466,22.039295303203545,18.112814974773666,14.824088681517535,13.146644734368664,9.848197950590158,8.366651027123426,8.686238692139094,13.148090517644539,16.228645033020555,15.432963396602364
CA,2012,2.564208976810944e-05,1.402798333776855e-05,4.507857856732885e-05,2.408930838881839e-05,2.619350599538269e-06,4.728802651761082e-06,3.3719293096596584e-06,2.764780050713834e-06,1.4120800032528476e-06,9.559973037059763e-06,3.656541966944869e-05,5.474620823620552e-05,0.003098132809517494,0.0035358147513434228,0.003902685443820887,0.004665306653326047,0.0047943646636948905,0.005337587527472284,0.00692958714539495,0.007636668711598323,0.006280396610438291,0.005418767646973,0.004670755287214481,0.004247289325148488,3.6684734119456707e-06,2.315472252454631e-06,1.2827271425638658e-05,1.4658843407910827e-05,7.515930715363816e-06,2.8046793500579712e-06,1.4612066237182228e-06,9.130170576327349e-07,5.95062229690131e-07,6.05706073029315e-07,5.271890340981494e-06,1.3775873967392144e-05,0.2888857282048655,0.5371383437201511,1.0874684386150946,0.9262359815083784,1.2237758527346398,1.2154945164197992,1.013228189089244,0.7918485542744507,0.48977896466093784,0.5377725997656754,0.3775127834913814,0.4128737926735674,280.7080360636814,281.08723415108614,282.55693503918843,286.3858276542107,291.1040327912218,294.25581154149893,296.98889280913784,298.4937646113589,295.8025856402338,289.82856583630956,284.3051658739693,279.38041989459697,45.95727760331121,46.500980476958354,49.74229121579484,45.5787072813913,19.80384927185968,12.252843266872931,17.48691726609837,15.931933223456232,19.282436831525978,27.27072402349156,44.375394229656436,57.99234263640136,5.661127739836553e-06,9.93552066014423e-06,1.287301366349391e-05,2.0750440939312504e-05,1.8223569110810478e-05,1.4263830893287706e-05,1.135973018791557e-05,9.374187786626788e-06,6.191920226260136e-06,6.119868497767116e-06,7.3722480415745225e-06,7.566277634417035e-06,15.42775094924734,17.65062804888928,18.576284531052288,18.22262986829893,11.622838802365052,9.697271434771078,8.698568181317286,8.593961531899616,8.324499713257204,10.305873184892247,15.41030331607284,20.81356227727655
CA,2013,1.001391270191435e-05,6.455507036327802e-06,1.2678572942339498e-05,6.726040143074049e-06,6.430533385410955e-06,3.951493055308626e-06,3.402238618880154e-06,4.868040125234973e-06,8.152270028154619e-06,2.90841225818646e-06,1.09564679657548e-05,4.9945726284713194e-06,0.0029359834284218896,0.0032256126425457836,0.004248459205330767,0.004258828820640414,0.004868148420533943,0.006055997180440699,0.007391992297061754,0.006787325092923808,0.006256888772676841,0.003782927551685893,0.003907262035400964,0.002731576468422099,5.923209277118257e-06,4.837070189496846e-06,6.361527830197168e-06,5.9959371649181754e-06,3.864779794385298e-06,1.8765572402313449e-06,1.0596366138807471e-06,7.022379077496823e-07,6.797773607590931e-07,3.840424860257266e-07,4.4580817811692686e-07,3.4826208502584564e-07,0.6677059006061153,0.722493938604139,0.6497548975896575,1.251390914453695,1.1272100579844808,1.1436156154172694,1.0653589731807662,0.8903576779351922,0.7812493102883026,0.5241243098799612,0.4614323038270599,0.7108959640509361,277.9364108362468,280.2929444492367,285.1526807292375,287.9109398349245,291.1412442437461,296.0186502334912,298.91542410777686,296.50805268514455,293.7165168029447,287.30924446550495,283.5354724111154,278.5822419885954,35.758284644500925,31.244329699511542,49.025419697314106,28.95773746637006,28.76619590686687,18.713521958849178,27.144565123786297,19.318095312524886,19.088958643914648,17.251590010453587,39.80619663131733,29.81839177730845,7.474439716561058e-06,1.0861921613686349e-05,1.4118074317095463e-05,1.6086946603029338e-05,1.452324308862901e-05,1.2104345522471813e-05,1.1291532103346754e-05,9.305521859766954e-06,8.880784909125772e-06,6.293779515706993e-06,5.8108752689445885e-06,5.911893780273646e-06,19.796798779361826,18.05910644375654,16.126156303601544,13.671915387267436,10.840464736965298,9.132753687758925,8.770151263227143,8.956152717279709,9.864171450915897,10.151758593954284,13.068287700005301,15.614955086422393
CA,2014,5.671977837737143e-06,4.034660572745694e-05,2.9238283496212796e-05,1.1043501373975613e-05,4.13129053963193e-06,7.185005505055292e-07,3.669090075572368e-06,5.233913943074492e-06,7.390931557676382e-06,9.83371162679254e-06,1.7087476519787727e-05,5.2201973316643324e-05,0.0029938939152726477,0.004155517298186392,0.004073265827379808,0.004138663740134752,0.004204905960126153,0.004733644082432137,0.007248845820289356,0.006996460551561274,0.006620018715065375,0.004906183148548488,0.004334361420111875,0.004974560071546667,3.700655575119105e-07,4.1331866754487485e-06,6.685637679728832e-06,4.179460233148705e-06,2.657935487448709e-06,1.4166990930392758e-06,8.793509057939404e-07,5.997284726744284e-07,5.070962063289337e-07,9.010305003881219e-07,1.369845571322431e-06,1.1243087756073654e-05,0.5867436286349429,0.5705947110581755,0.5599059110567073,0.9643540301856487,1.2761679696399726,1.322475366144755,0.9915441721088518,0.9093829458841278,0.6265285420190948,0.255120941473353,0.169586314120771,0.21376041735572138,282.0249822272306,282.79829179154365,285.17231419635135,287.41107098362625,291.5565435451358,295.6007014854613,298.79639103163805,296.87019939397914,295.3286183058193,290.8548494744598,284.4322730829436,281.1916877532482,40.65619544158617,56.32065168858239,49.10730447885201,42.03605085864248,35.3170290212876,15.681175792818774,33.26939999390852,22.27790881417488,17.147258992236356,29.76782180862454,43.92833532795193,64.95249952929557,4.284329216449964e-06,8.634102193511365e-06,1.6735107336780338e-05,1.8500905325250387e-05,1.5711156936825906e-05,1.009019287492549e-05,9.51578595618064e-06,1.0193661416171472e-05,7.614453235412844e-06,6.777358159226473e-06,7.530891074846151e-06,8.436627692220777e-06,12.757661194114394,17.203760506009264,18.10780073814212,15.210380783696673,11.301897081370393,8.331886738520387,8.610748913781391,9.41518582890695,9.316003187521892,10.786950744646806,15.097316064110855,21.912384608106635
CA,2015,5.320287119603141e-06,2.7067126475291605e-05,7.0893165884222684e-06,1.0157447289057483e-05,1.091317437408598e-05,3.4881713438543215e-06,8.11140821589402e-06,1.3189942331396244e-06,4.1623444435990805e-06,9.98151779160913e-06,1.697587416321746e-05,4.1817384298767237e-05,0.004146718199032969,0.004667387228124732,0.004398951388818766,0.003887853367387767,0.005632437135894512,0.006537736104482221,0.00806323713201429,0.007320382325408543,0.0062761538850307575,0.006686398461870023,0.003574524872896165,0.0034475732066302487,4.36696403981309e-06,1.0079763030800463e-05,3.6599757275448957e-06,2.3351030255310864e-06,1.750952874053805e-06,1.1505176570705716e-06,8.569013837629337e-07,4.928696539506851e-07,3.891844296184073e-07,3.8664131800218613e-07,5.507808804429365e-07,5.353474742803406e-06,0.664246723539444,0.1278822341953135,0.4114558059009415,0.9422911446704817,1.2653328774662107,1.0498982930618552,1.0513700230751815,1.031987086807049,0.6940433293630675,0.44422007039448796,0.5695230111265543,0.4706204497915363,281.46235359041424,284.62610568098313,286.9044133852282,287.0215564056313,289.2895443885458,296.7333541724546,297.0346016638551,297.9819635493458,295.44773323677856,291.3176403577103,281.42424554982955,278.6882645595952,46.44059614104443,44.213765848136774,42.049515021365984,32.99468432570784,44.072735656931656,28.219460032531824,29.76166785451782,24.75820684439258,27.468879628904503,35.853152211735946,29.217811200826727,52.35446052947912,8.478998097515148e-06,1.3036267427780169e-05,1.5432414781020112e-05,1.565928645238494e-05,1.619871620924226e-05,1.3161493629969308e-05,1.3382937749242053e-05,7.1106157247669435e-06,7.245191047373181e-06,9.871779266927168e-06,7.828268188238619e-06,5.774646263116101e-06,18.590164913175354,17.740227236420843,15.111255296321836,13.039999769669143,12.511629718577693,9.551829588530106,10.091166069469505,8.33528323567931,9.193661442018366,11.771239132926956,16.02502427646415,18.525009534911913
CA,2016,5.660235830581563e-05,1.0492268802411215e-05,4.5461421194887525e-05,1.6461457365217744e-05,1.0823979141557724e-05,2.968777221545905e-06,9.476510243323506e-07,9.457114300164643e-07,1.3401038282506119e-06,3.505514969141696e-05,2.0756290923482047e-05,3.8536126141374166e-05,0.0043108128993582144,0.003965453960380846,0.004773508624797632,0.0048746196842833385,0.006050881918636955,0.006036132958257976,0.00645317761043447,0.0066568762940276615,0.005443784569927251,0.005561559205591531,0.004541887867414892,0.003739833282187159,1.6279784129101112e-05,9.729638383365199e-06,2.3284548832218773e-05,1.0750210636643948e-05,7.287681403285178e-06,4.225616133302475e-06,1.5078108537574523e-06,8.740810737704965e-07,5.859538098651675e-07,3.7681154047262634e-06,3.0106116509912925e-06,1.3890127253992062e-05,0.34850914473758654,0.48716996140345004,0.9312426771345408,0.948195971317357,0.989924413474835,1.1681683403645193,1.2142614265077873,0.9239351608388836,0.6533805617063726,0.7704395966284445,0.11830361491752629,0.29498072995824876,280.0412496388703,283.5188241326539,284.8114827006715,287.8018525307832,290.2295929180523,296.5640034101265,298.4880614770392,297.8914870256328,294.14791764539837,289.112946668095,284.51005590975456,279.2527223610892,69.07019559913572,42.844981852586194,55.075366917519695,46.66198741964468,39.02238793430028,24.029308726700542,9.641448262667925,12.035760551292544,12.924371054715358,43.972465864513346,41.955173040266416,53.29408847236717,8.137149654921083e-06,1.2781420044188695e-05,1.5894248727903166e-05,2.194133117919795e-05,2.0105885057813698e-05,1.5229961805656226e-05,9.692649077868572e-06,7.1249568046560075e-06,5.535891801549617e-06,8.964819297065923e-06,8.56381251781861e-06,7.089444079756133e-06,22.292720625931945,19.503437572059457,19.034561561977725,16.480715904865594,13.875734905324547,9.659262718525685,8.157532166523755,8.044903799522041,8.162633421284335,13.210491398128703,16.91619824559615,20.813761311558316
CA,2017,9.454762869799762e-05,8.3104863434414e-05,2.517465331551777e-05,2.5148063526372724e-05,5.29836296217453e-06,3.8060382914726467e-06,2.221954966505757e-06,3.1989135380176523e-06,5.2942218426778876e-06,3.3312177500318444e-06,2.9014072874967735e-05,2.560735051917313e-06,0.004235366926188738,0.00509883287562561,0.004671188039390639,0.00457778718936722,0.005563151675237437,0.006486413232459316,0.00751608632700643,0.008224432445172597,0.00691471074882986,0.00395970778289099,0.005079622355925324,0.0026751077025253026,2.972956341502065e-05,4.6009339185285205e-05,2.221672544684408e-05,2.014948579886016e-05,1.900187240223624e-05,1.2099994800583102e-05,3.2109340298564055e-06,1.3928759597396768e-06,9.201883796683848e-07,6.761677959327193e-07,3.147934962292808e-06,1.0953771447845997e-06,0.6080690214033421,1.0176077137500552,0.7395019084040901,1.0060944871061048,1.015091323429949,1.218154265332229,1.0342971768838964,0.7538985585295054,0.5546209837655441,0.6846784067778828,0.5042624226361867,0.7788564969853303,278.61061543588175,281.86209138642727,284.9034222126605,286.6158501968102,291.05038268353275,296.3873415463964,299.6629147824944,298.6916865339879,294.3351575522545,289.63499887546834,284.97233959090386,280.7280106790298,62.168981815691474,67.71647738409393,51.16083855013017,52.02398782754544,32.41540322690702,20.916399029986017,15.879816453290568,21.46382127922146,26.496158783111824,16.774699729623173,54.99728731854927,44.034185176449164,9.938380251071555e-06,1.3414825062776616e-05,1.8515329909791005e-05,2.0555999273232254e-05,2.1111035910176578e-05,1.704169478166215e-05,1.3096858420779265e-05,1.0424697138543401e-05,9.46191611088201e-06,5.737429290782492e-06,6.521150216465299e-06,4.792389548213408e-06,25.84501988873913,24.98631325286711,20.496801227401246,17.918907491292426,12.83713282588376,10.358805937599431,8.521603134499578,8.726714314825829,9.6694571776322,9.602329715699991,14.877492693401088,14.829672052026135
CA,2018,2.904408154077967e-05,6.993031435691073e-06,5.121006643039071e-05,1.852867503897266e-05,8.50346600010573e-06,1.0654402727224098e-06,3.8249901601134225e-06,1.6441443616651004e-06,6.605962463343092e-07,7.084381000621338e-06,2.551491069846287e-05,2.1391288878797157e-05,0.004404992377478318,0.003072796013617348,0.004190081476743552,0.004542069884791879,0.005989989285334059,0.005795081710798323,0.008076593748414561,0.007299148684807045,0.00550545325247773,0.005092619749056095,0.0033514637380658244,0.003931151682093599,4.351051648116153e-06,3.7632833580083213e-06,1.3285666817451312e-05,1.3733940850111309e-05,6.649719538716192e-06,2.794437254965049e-06,1.4712927347647159e-06,8.657256483067735e-07,5.76698829589646e-07,5.240141964551179e-07,1.6368237395346705e-06,2.151557292276054e-06,0.08818502876897856,0.7919082663263595,0.7368670344450015,1.1765926692539654,1.2447517715997134,1.183537113815118,0.958502976211163,1.1508883104513492,0.7821273921412968,0.5314945116928892,0.3204960204199042,0.4274598039513337,282.2248440695758,281.27953375423243,282.67555679610706,287.4882518872351,290.66961498907045,295.679931602933,299.8434028070903,298.07548347222286,294.965181623409,289.26888529581356,284.2706863457163,280.13655406344265,67.53420770451332,31.45490818765826,59.69514061108336,44.19216332252758,37.76869578362559,13.447772034125938,29.63100582997405,16.028518674889746,13.466415955304331,26.0860168317076,42.584969700439245,53.367468011677545,7.973690851564098e-06,9.410074460909506e-06,1.567952135898749e-05,1.9331930945527127e-05,1.833708378253425e-05,1.4720258299061002e-05,1.2020296145159458e-05,8.440112739665799e-06,5.068600144062152e-06,8.30232771538104e-06,4.61254789165262e-06,7.858830053531866e-06,19.22645988073228,15.581335021045092,20.586349788679975,16.370148182966233,12.509518790139666,9.229905378758374,8.67476865339011,8.328905238044893,7.889416338452098,10.8574384479262,11.40143780198609,20.49174016204882
CA,2019,5.056182289612879e-05,9.031508054887542e-05,3.966047660202067e-05,1.4179131293119691e-05,2.821347166402058e-05,1.923667144868314e-06,1.326468201837653e-06,1.276285607078481e-06,7.1122181424754805e-06,1.0100098072295777e-06,1.6557555320240283e-05,4.5429799940589614e-05,0.004197605025106,0.003697169391571013,0.004428172180478975,0.005379419156427619,0.005867062140569045,0.006253988983458346,0.006964586482394117,0.006950642940884945,0.006322390941832979,0.003119577514676237,0.0034597510896653976,0.004363673073232524,1.147020910808127e-05,2.4396836251683062e-05,2.2227073712268117e-05,2.4744545141325346e-05,1.437285427091675e-05,1.1997402090018784e-05,3.3670684554962617e-06,1.518854940063702e-06,1.0477399375407855e-06,7.078374294468671e-07,6.520165271668375e-07,3.887330965401429e-06,0.3949470670791453,1.032901587987782,0.47629891137458324,1.101937094232377,1.1741796568063716,0.95491947412813,1.2601047335104232,1.0327972371953125,0.8634971082406582,0.7472487731244716,0.33601369011114146,0.2804652273921707,280.70065598148966,278.25167163454523,282.8630384964073,288.08967213659474,288.3122561730063,295.50151160066844,297.98410423951134,298.3625264051138,294.12297960669804,288.0201161450439,284.17035320068686,280.04052586138175,60.437902777512164,59.299134928049234,54.352939360988486,48.6605136912348,46.1253186682656,25.53734113458693,20.205983979169513,16.98178911231211,20.290377138691756,13.401698834621234,33.31448416562771,67.83438121411444,9.355859618034735e-06,1.3336773939378555e-05,1.7532082827535935e-05,2.0534808708189625e-05,2.4290531132240266e-05,2.219279627807933e-05,1.3185214334516806e-05,9.557273969197867e-06,9.400323478116494e-06,6.129115750561414e-06,4.875641947154859e-06,8.550006522979696e-06,21.958962880086155,24.451243792188023,21.966388787139362,16.9546686132743,16.168391760454746,11.224254389377618,8.454398880225511,8.260621612828587,9.626559194116467,9.568359093615845,10.628559906981721,23.406815411316146
CA,2020,1.939162691659146e-05,2.3402112255033913e-06,3.252895217613457e-05,2.2267715972561642e-05,1.231495681514734e-05,3.034092242390745e-06,8.599002373449908e-07,1.784925175593591e-06,4.634944071343856e-07,5.323819121310437e-07,1.2178182822277161e-05,1.525693769816476e-05,0.0040194617858386045,0.003169439759841744,0.004436309975928426,0.00532501443838639,0.005385440908251049,0.005999362192349443,0.006201770089206843,0.00724828691122328,0.00571802695509659,0.004088374253180649,0.003520342158160727,0.00302083103658858,5.024057805209294e-06,4.438997777977902e-06,3.6807263829984985e-06,7.183899796627457e-06,5.650584914091627e-06,2.4577109911745726e-06,1.2696855445813466e-06,8.057443352316636e-07,5.430772636055093e-07,4.057940672416911e-07,6.880414667270907e-07,8.766256458305262e-07,0.3884192144083798,0.8135888606584328,0.7272631701624769,0.951302279484843,1.2397339791987574,1.2464485021682754,1.240904787161493,1.0229291517846482,0.43789883244812033,0.6208117663742811,0.41099215978036413,0.5327973948979629,280.41651870867344,282.42074163925855,282.272987343453,286.9955428701451,291.830114203895,295.07870223471565,298.4352500196588,299.3933255087493,296.57446243341104,292.02554029181056,283.14223973785147,280.04648821116746,56.48114564478146,31.14892594582373,52.077466506918526,40.123598826094195,34.53914597236747,28.130884701399054,8.15715259136136,18.126775081318492,10.402313476284174,13.944577717586421,30.451067962109125,42.68765426048683,8.714459455966816e-06,1.2562524537712003e-05,1.7170106618926348e-05,2.489286873068192e-05,2.124408256239163e-05,1.71184083404374e-05,1.0960975402858562e-05,8.810255171281312e-06,5.686378118322373e-06,4.037019822037643e-06,5.24040732412828e-06,4.702912619081004e-06,21.507869379620637,16.440353913636475,19.355113018509325,18.98133440903274,12.62582138541473,10.37222116895435,8.247507762533475,8.237808624154741,7.992289139199478,8.04209621770748,12.195523988764508,14.79483941614954
CA,2021,3.355194538127549e-05,1.5265068241908554e-05,1.704758142343176e-05,4.048934687221112e-06,2.109469853771946e-06,2.0626670251209994e-06,3.1285636259362815e-06,8.785242610735374e-07,3.3504757843206598e-06,3.300370785423745e-05,8.845028222994526e-06,5.972592812540446e-05,0.0036604637448900395,0.0034372447366147253,0.0034349582185587133,0.004040087433607126,0.004862930420625936,0.006196498068260357,0.007815333510241676,0.006990265747383872,0.005945477699557349,0.004746126001791428,0.00465901958198784,0.0041006896415591975,2.9563649461104674e-06,4.8426290189053275e-06,4.1071373217871776e-06,4.550843796607466e-06,3.215792355397915e-06,1.5510536403239419e-06,8.594414371725265e-07,5.210292975415334e-07,4.0503654465384235e-07,4.487753495752282e-06,1.3470910290473055e-06,5.091833097785553e-06,0.14989584990130794,0.911852975420212,0.701480771864804,1.154694221548162,1.359696974964202,1.259942271328983,1.1100358059856426,0.9501418770959347,0.6658343910515763,0.5052309369188005,0.3391914562105943,0.5335619004790698,280.3459578817024,281.5676687302274,282.18426139479675,287.6980868773295,291.46786554425546,297.2963572011758,299.87466461953534,298.4635624889452,295.4580966054723,287.840363057741,285.3242211963602,279.4976734281891,52.557966409599096,38.8096747978493,36.666790227389775,28.57888805304282,20.061806617266413,21.993277016877784,27.478749623144083,12.272500839331052,15.786396280084663,36.92231801293678,38.7878678798063,55.65543451979886,7.109059909371557e-06,1.0653744599116388e-05,1.478754922915339e-05,1.4861091784498828e-05,1.2777238251451315e-05,1.0299484061030858e-05,9.578617595477193e-06,6.6579867853771e-06,6.23106719663482e-06,8.047310276190665e-06,7.771699513504447e-06,6.824035253256359e-06,17.590418991905462,18.890182981409726,17.30974211673319,12.488843534153,10.11499703194636,8.540453123796613,8.456588109803867,8.174289178063361,8.685811927878445,12.670467547380971,16.118492020701726,19.658785882761205
CA,2022,5.214965783866013e-06,3.4796069831547353e-06,1.1455043264591072e-05,1.755171915771047e-05,4.3917102980076365e-06,4.372218194008031e-06,1.7445946776096474e-06,4.1704198639784294e-06,9.742451417261387e-06,1.4310625440822499e-06,2.031191586128733e-05,5.938734546422195e-05,0.0034190386628678558,0.002849457688312613,0.003796507139087385,0.004018959950032159,0.004601902820498518,0.005882878405451232,0.007231924989734857,0.008236766581480842,0.007235896151068086,0.005227733923959031,0.0033123897829013195,0.00409375172912817,6.741887169833263e-06,4.16925270493742e-06,4.126318921378139e-06,5.324486818432842e-06,5.121931149270573e-06,2.464525549618043e-06,1.1773416097693382e-06,7.767217819763492e-07,2.972670175477215e-07,1.8902966060031128e-07,3.132491594691476e-07,4.0070889331850756e-06,0.6272107664067025,0.8940221596419949,0.8042630776287514,1.3032803303219453,1.5131274563294228,1.1867198256513993,1.156754506141813,0.8661604875853995,0.5041063034689058,0.40652100230074883,0.3105471124284701,0.3904392858882985,280.4781579931304,281.4952155272771,284.89246449165,286.86195094825393,290.5618030703263,295.9295040152163,298.8716894113789,299.1193786907557,296.48765324619853,290.8293117417429,280.7754063982664,278.9910862243864,40.55048269843271,21.564881649495362,39.940761984241696,34.461219889159835,29.844296884229944,23.650040930251254,20.138078437394114,21.59562986480873,22.608855122066814,19.475713981923548,36.21002807491271,57.150476991159316,8.588609082884157e-06,1.1019537110237467e-05,1.4031349956098015e-05,1.6940256851992987e-05,1.4973624847820812e-05,1.3661422259503991e-05,9.173523872831378e-06,9.788303198471304e-06,3.27465747585964e-06,1.7576785926953456e-06,2.3284733349843788e-06,1.6174978782656468e-06,20.30878269428276,15.711694517222321,15.461691818061976,14.764683793299955,11.641691384977296,9.773465282889234,8.26348454020347,8.933701237424065,10.500080343871451,9.081784135057784,16.092249959670497,19.958211164760687
CA,2023,7.50395118281032e-05,3.7805277359421605e-05,7.162080628887576e-05,6.335791196983144e-06,1.2226677071824089e-05,7.919478847592835e-06,7.422384884995431e-07,1.4065656204123664e-05,9.87029184115775e-06,4.4444710860657136e-06,1.4892676888385509e-05,2.836394625648818e-05,0.004021683006935116,0.0030743890809797544,0.004156449805301156,0.004275647080572182,0.006191313573493574,0.006721440833193142,0.00703589375077401,0.007937129468319244,0.007314499992866483,0.005380904716165852,0.0038105743434338132,0.004436919136544934,1.2472787342666142e-05,3.4925458684118604e-06,1.1767773651571644e-05,9.13707809176978e-06,1.2900438949380541e-05,8.453141003242834e-06,2.50429823216327e-06,1.2801220427920674e-06,5.920497070546039e-07,4.012396374193541e-07,5.883726201609861e-07,1.5536423264300647e-06,0.34021639595168685,0.3471290159171043,0.9762163165633341,1.0553536861798118,1.1193999506106282,1.184436948442383,1.202435786651777,0.7339671561904961,0.7967873993551267,0.49186123574496865,0.3304827665112529,0.21360693442330078,279.2995011926766,279.09992005786114,280.2888876931895,286.36082471330786,290.16098678090475,292.9313493040166,299.8710500560233,297.9755560107789,293.7391869817284,289.8442987515834,283.9410604978972,281.6875344571351,53.23873691874618,48.22271766145198,60.398530727224816,33.45475043946544,34.617368427216434,32.991416956308996,15.42944007780739,20.92084477492519,23.55254151510422,22.659426484919546,39.09351156515125,60.65794924152041,3.1613540934778e-06,3.174805212739365e-06,4.69682115014849e-06,6.163135941099164e-06,6.527833985632051e-06,6.1992615504335375e-06,4.5181791325653965e-06,5.303631186667762e-06,4.1451450780869e-06,2.478043231544369e-06,2.178111022879787e-06,1.643346098562879e-06,24.264761260202683,20.696309931138273,23.954774636512827,18.00021355568777,14.310941550872014,11.630390795476917,8.476319924315657,10.762308669919408,10.826478942726515,11.093793031535208,14.070279923969245,17.727088103378566
FL,2000,1.9104555192017846e-05,8.731462150876838e-06,2.1485937255081097e-05,1.717999114489329e-05,6.076056947505358e-06,4.131358467222991e-05,5.499774937449789e-05,4.3632134717753925e-05,6.305621861039377e-05,1.427868552035321e-05,1.8247405522708556e-05,1.3373708017205606e-05,0.007422409058927446,0.007644922690194158,0.009858636056474033,0.009572217888891128,0.012936875945141188,0.015496725746761192,0.017430767792741483,0.0171733680975055,0.016785004508964137,0.011095605541205,0.008903131412616188,0.007023723476362485,2.214031184573545e-06,1.5595117277459168e-06,1.4822645019112201e-06,8.584013394176363e-07,5.286102867091391e-07,6.595460120793068e-07,1.0777190539793427e-06,8.695993870104908e-07,1.8574009160208e-06,1.2217242991062904e-06,1.9489205784364502e-06,8.985960999920855e-07,0.5282352498400732,0.7498730967754115,0.21640427599219733,0.5316079053941698,0.6821474919444437,1.1721382980886972,0.7642991157880019,0.4504534110167466,1.1173750893647612,2.568548648575132,0.6850097205964606,1.5414081139028777,288.1565597027782,289.2212834697678,293.18062744068857,293.6355457218987,298.3458142767392,299.58203610930303,300.36611614922526,300.13176305118907,298.97856879980225,294.61619851111595,291.022749718496,287.15883432838325,36.61838350022259,32.11853987493709,40.3040034075329,34.39141892677638,38.58517571695805,53.77819956262516,54.97815538985385,51.393231860737885,63.347480473815246,32.28677534915272,46.075544896995055,46.20982429774984,1.8311664135347697e-05,2.3485859022556937e-05,2.699828933971395e-05,3.441580553677093e-05,2.410324724405896e-05,3.328096143585109e-05,4.623688392338209e-05,4.747420133516006e-05,4.252350097204592e-05,3.174379941130543e-05,1.9045670967015517e-05,1.5196762054003938e-05,12.750074738376059,12.774306718238222,10.618009800286863,10.948575578419705,7.060329315171156,12.019266338151837,17.00874031233175,17.089744090954962,19.212249154173218,11.911112152403126,9.865260530880853,11.729700423295
FL,2001,1.0922847231099535e-05,6.82084633623282e-06,5.657067858118453e-05,7.5188579711218756e-06,1.6597211091997198e-05,5.204171505044933e-05,7.803013772625133e-05,4.992437033365732e-05,9.171608716737362e-05,1.9362957594593287e-05,1.3326173274220888e-05,1.1242064151235629e-05,0.005893281740203022,0.009578778972366716,0.008796707819408963,0.010137858486384144,0.011929866110566255,0.01634449472251602,0.0176159175518043,0.017443819954320147,0.015625667265658807,0.011589188838573948,0.010592810883791158,0.009632435125058639,6.772537010254172e-07,4.6221025471601826e-07,3.0946185546278112e-06,1.3448212135388286e-06,1.0447026268873904e-06,1.3548697672300644e-06,2.3842958355679763e-06,2.2492203425644334e-06,6.489830322038917e-06,7.654283607139451e-06,4.821011438916903e-06,3.173058507622726e-06,0.9280791144035712,0.9877536955487434,1.1460725183931617,0.9864962472634431,0.6241287807158395,0.7409299890246331,0.6666487459747725,0.5232449364794013,1.063374113417328,2.218931886016363,1.97822252674287,1.0228743224794,285.160036978056,291.5128230460831,291.10748581002724,294.41871937800386,297.0370564169481,299.34045004319927,299.8335978088781,300.0012629500342,297.86782556122,294.98145324306313,292.9244340884641,291.1290448969277,48.64337536775572,54.10487365571195,50.06449428637243,43.958637364351425,39.20213338332039,59.81174318984481,70.08972985410689,61.357237119997855,68.89242902890106,58.611298997804326,41.432740749752,48.79456556816692,1.5063273201185133e-05,1.8061912682021978e-05,2.8713072013278415e-05,3.5599028443684165e-05,2.9278295180014552e-05,4.4405352069853156e-05,4.822303052403647e-05,4.94161530638188e-05,4.1221268420517866e-05,3.418939140707664e-05,2.2933133753168025e-05,1.7513705008527604e-05,12.694240320704294,11.207545883429566,14.34007035619664,10.867195315677776,8.884554600931123,15.911568491125266,19.69365081108555,18.409865283171165,19.151779585713097,14.910960860595637,11.938201635914043,11.585013363714454
FL,2002,2.490979263298965e-05,2.946732434428524e-05,2.137609874409905e-05,1.9177466254726074e-05,2.1463847702783983e-05,8.389136921621058e-05,5.747073955423665e-05,5.687080090297645e-05,4.539493031884577e-05,2.8860481186438864e-05,2.4611546854653705e-05,4.1893941111882706e-05,0.008338368411600966,0.007465518018781946,0.009774874321213134,0.012262056294568308,0.013214061064689177,0.01645550063988295,0.017571804188230514,0.017227022577025478,0.01766980076718356,0.014910918727884056,0.009056962208083958,0.007684586267434145,2.5449831419918073e-06,2.1259311732154667e-06,2.7538382082010495e-06,2.217188979366268e-06,1.364447419013833e-06,2.517819806347853e-06,3.1143703123470502e-06,3.2986058819174626e-06,4.713897339987776e-06,5.100504636225657e-06,4.946568669186603e-06,5.705339464587529e-06,0.0781526246814829,0.9937948482932684,0.8566260260880173,0.937839567490948,1.297413221166723,0.9801675364147117,0.6572039450945223,0.8622142033349113,1.69152479302566,1.1101531778815115,0.9879090332985018,0.5748900519701335,288.4894693716627,288.5738206890786,292.4859873923106,296.1683031120106,297.893254221798,298.97997800352533,299.9373429023602,299.75223634566095,299.79866659181937,297.46596744968195,290.83537759775544,287.77190221001064,50.17851348116874,53.01951803075355,46.00052979749376,46.745275679855155,43.37507304441936,68.50151433101736,64.39007926795807,63.77279834369145,67.96807365556406,48.04866907462675,44.63110563728529,56.410949253044585,1.8190585517274802e-05,2.5553209445889967e-05,3.2275682950229056e-05,3.4426309093592496e-05,3.185361666052176e-05,4.259370550402561e-05,5.106738782703896e-05,4.946982567445786e-05,4.4029558404083174e-05,3.491038794833315e-05,2.5571839049617504e-05,2.0211890089699893e-05,15.716287213130926,15.258188247342265,13.616256309768678,11.057623242896595,9.13302369357447,17.922176157903746,19.877675833542177,19.155258861944844,18.957296842922037,15.423144717428396,15.340675495729705,17.42075320137282
FL,2003,1.0297493446208473e-05,2.9895266249895782e-05,5.19864171710229e-05,1.66539408098934e-05,3.3199327078290855e-05,8.047800119282704e-05,4.956931324648853e-05,7.040433461111751e-05,4.74376401212536e-05,2.648393235440548e-05,1.7254953428155393e-05,1.681697307255003e-05,0.005546818676989599,0.0084434481235044,0.011785284907519735,0.010522393631313569,0.014534502821527897,0.01699071046724562,0.017419854669612104,0.01785117790632963,0.016052117824322473,0.01320150853975659,0.010868878373272125,0.006861053561686042,5.054028015230946e-06,4.949821851479267e-06,7.990432635091768e-06,6.154047225880376e-06,3.815689531117185e-06,4.966589544304642e-06,5.3986106904488935e-06,7.718344124724933e-06,7.935461062796364e-06,6.845126215496935e-06,4.7531893986073425e-06,4.040515588868208e-06,1.619312119510109,0.10005017929400928,0.30806033771893193,0.19040090342300106,0.9039893434951055,1.2741779328873493,0.8521524900151906,1.1212768510768385,1.226338700452723,1.347520625455691,1.6647996225926487,0.9957347371120354,284.5757063852454,289.5011184381535,293.9654023400969,294.1686666337957,298.7261888656423,299.3679402942405,299.9655491397927,299.7195626794177,298.7852921044677,296.19119612230475,293.5018530107844,287.1815817137967,40.26500979542708,50.01196212807647,64.56644026771978,47.20356176805324,54.35066609752129,67.41177493992323,70.92203137305408,66.39218227438397,58.65774123910236,45.7834856805647,38.384403322881404,43.33195834964809,2.014919441904849e-05,2.3139017671294746e-05,3.339280186060844e-05,3.840878643174836e-05,4.2437098179159464e-05,4.770627261808891e-05,5.026384461308216e-05,4.8429366976786456e-05,4.343576648120271e-05,3.4782278555664205e-05,2.7342371363740205e-05,1.909240092940565e-05,14.989218670763698,14.811172974927638,17.54395497072762,12.695037596250637,12.500980335092537,19.332569138171024,18.282886265045068,20.983636436618458,17.80363124868519,15.176039241265208,14.732997223396318,14.000140689935161
FL,2004,1.4886668624269022e-05,4.1546184105368454e-05,7.013396320390519e-06,1.6866681238914398e-05,1.346038689978212e-05,5.1153979265437873e-05,5.131455297983457e-05,8.175895761578296e-05,0.00010850678974503213,1.8701768476711688e-05,1.6315643532361886e-05,2.4045495670650854e-05,0.006902286570741007,0.008176420065422062,0.00867272856218749,0.009109152672853322,0.012911491293291758,0.01669364052980705,0.017107525387347288,0.01772723137599358,0.016866057345778427,0.013734634953670912,0.01037556332699096,0.007280773838387003,2.812259738451325e-06,3.95183762482613e-06,3.596137613729118e-06,2.617129205498401e-06,1.5357502519553615e-06,1.7557723995459391e-06,1.4604565879705284e-06,3.2969686604407334e-06,1.5601714790147107e-05,1.1812037714667735e-05,7.762480616097525e-06,5.149237028710429e-06,0.7805262349386347,0.7097339031751935,1.026108340015475,0.17437281257129933,1.3301059124511516,0.8335428171928558,0.6464350964192934,0.5947172610649137,1.45179259456496,1.0979244042030651,1.3069457243612417,0.9813266305009325,287.320996757365,288.718959169264,292.1654063649368,293.5004177974508,297.9954698038462,300.28030551295717,300.5401414827075,300.09438156246875,299.4657075161482,296.79660112817777,293.1513523430522,287.9881017890479,47.35178030668463,64.23811702824904,42.16130888326381,39.38291173832596,38.26516037053234,55.318605435068335,62.295207045886954,69.33340078738274,63.0284039953527,49.85282582721322,44.228076217318964,54.35016680514152,1.8101647535487675e-05,2.4270025105371652e-05,3.070361942772368e-05,3.03076145449518e-05,3.194906583141667e-05,4.435680335833046e-05,4.844669401755029e-05,4.773753842044547e-05,4.904294038514374e-05,3.580130198319191e-05,2.397943753684447e-05,1.8554679708788944e-05,12.64841047519772,16.93417268003268,11.504160646870899,9.127503077030912,9.663635827684802,15.135599004462708,16.430894936390068,20.310877577678923,19.601475536170295,15.950167084783622,11.982497105196153,14.28430581552803
FL,2005,1.592741518567104e-05,2.881912756016688e-05,4.983969824519073e-05,3.6690983934415006e-05,3.865736341248084e-05,8.606109662240175e-05,5.168786596983027e-05,5.549999427227944e-05,2.3111931573754592e-05,4.1328250841508624e-05,2.023236710995878e-05,2.4745056802417954e-05,0.007954514699691913,0.007934704543986829,0.008496158476127304,0.008946094344465803,0.012683120013077113,0.016958233628936024,0.018143824547421448,0.018196727507463772,0.01589049291499821,0.012631857719155343,0.010163100614833808,0.007125832620643916,4.145644756733117e-06,5.341463013480789e-06,6.463289374527847e-06,1.0799613766664702e-05,6.557558779517662e-06,6.282759153710005e-06,6.380500364085332e-06,6.8988399875604176e-06,4.874599066866901e-06,5.724160912275411e-06,2.956884981566125e-06,2.808648527772977e-06,0.8762665766515223,0.6027724555049802,1.097833371752272,0.016343010947336995,0.43540930468240113,1.169541805644442,1.038683004922618,0.6411551240069007,1.4663183290785105,2.024161136241068,1.068942074560828,0.8052311194400994,288.8490273830236,289.3482614505693,290.5523401110844,292.7984511891605,296.6950200219157,299.3016979867485,301.2012989652633,301.1522217105806,300.30871945376475,296.1723318154705,293.1068684445528,287.68393223068927,50.76343479021867,53.8510154517057,57.8308128980044,36.46572698251192,42.77619804435896,66.27059996954821,54.51401676474686,61.740102365893456,50.46699867098774,44.86398233467074,44.34934268816746,50.31982380331419,1.9894577589766833e-05,2.1401579993686844e-05,3.346717651249507e-05,4.458324513577197e-05,4.494720995085745e-05,4.689598596988936e-05,5.6054581323632524e-05,5.180795471252648e-05,4.3793878061311756e-05,3.33732194356912e-05,2.401438808068522e-05,2.0627414148552543e-05,14.871606181299288,12.913094741046903,17.860964797236658,14.835965697757628,13.881316207366831,19.653098014836736,18.538255801939606,18.40780573981591,13.776776216821752,14.860259691519618,12.987798822288667,15.905190226884518
FL,2006,1.5489537018644617e-05,2.3281139852273323e-05,3.779986651531189e-06,1.1793221993537523e-05,1.841846007766079e-05,4.4626076910434255e-05,4.734122752527335e-05,5.2595086147622104e-05,3.962684682268039e-05,1.3081115407066476e-05,1.4950563772703508e-05,2.2973900700341695e-05,0.0077430447297192374,0.006875585250900309,0.007687803339152009,0.010607355713978292,0.011801346416923713,0.015311930021485554,0.01675972912444582,0.01718719304449346,0.01544221993583421,0.010872557749810243,0.008482632410761633,0.009234752760503173,2.716908480754523e-06,2.583134916346218e-06,1.762922381329006e-06,1.3438252573703022e-06,9.68528864038974e-07,1.1534842249366581e-06,1.3549214262746328e-06,1.3017925395458214e-06,1.3879810711919243e-06,7.7172582645074e-07,9.456071048223601e-07,1.014185276508522e-06,0.11481130874640802,0.4396530383042295,0.08366561834695604,0.28276369915659444,1.0392076618102748,0.5662691894339286,0.8724204377467691,0.369543479589688,0.2851521171767331,1.0134136316516036,1.3367001347596128,1.7220735828268947,289.597583069707,288.20860729168055,291.8657981937709,295.89863561714236,297.7799368381939,299.9790792957044,300.5616866066399,300.87200964484754,299.2918340290405,296.19803905950045,291.14410549637734,291.60013187833636,45.29550942027555,43.03198297248679,32.78530586914252,39.861177302917575,37.74633164134297,45.995618019606155,62.3010450790909,51.921638072226585,48.22150915623003,39.011051323982684,41.569513394228366,59.961722376567764,1.9607807299464803e-05,2.4960870684735798e-05,2.6519697946427007e-05,2.735903662918992e-05,2.954167921089948e-05,3.985662113134084e-05,4.5138989646017005e-05,4.458503337578995e-05,4.303633789928813e-05,2.739044077670686e-05,2.0461589421264085e-05,1.5319773406203762e-05,12.845878966285792,14.920534021714596,9.132447668420394,8.366065174587426,9.238660463705786,13.00761907000184,15.743631382038489,15.385326931427493,17.526309766848478,9.41347713777932,11.64225897480651,11.943186742917918
FL,2007,1.8287498136831635e-05,2.2018356813133095e-05,1.2863398744886202e-05,1.403615356669271e-05,1.0569709666503425e-05,5.149825196044068e-05,6.797499904260027e-05,3.965277122694537e-05,4.7274053004768064e-05,3.6554866052049394e-05,6.516635617633254e-06,1.873807032990888e-05,0.008059101526392927,0.006657255908999682,0.008279233504781432,0.00845133525016399,0.010939977499590688,0.015192305386481173,0.01706021487745665,0.01749587992065999,0.016196323447609243,0.014347403755248723,0.008728341620656282,0.009524177776333857,1.1239378886505261e-06,1.2298924516383402e-06,9.379943302911148e-07,6.329014174164543e-07,4.0045974580534866e-07,1.2225257773745395e-06,1.9904498069449204e-06,8.923392154279837e-07,8.371689347074558e-07,9.513137537886132e-07,4.865387666655132e-07,1.132335955441983e-06,0.9597773868532966,0.7134098808338389,1.5964001079703134,0.334473608948592,2.0414935798631992,0.3381055337463229,0.7522380466740346,0.5755723073136675,1.5991514123278718,2.480269311515341,1.655446506027322,0.8065870694192276,289.9653364834905,288.2855044968915,292.5880815813983,293.9990364360744,297.41526214427927,299.6798082829222,300.6790488947976,301.57078825122795,299.76460486498615,297.8042082704844,291.9783914621868,291.54209543540145,61.250915531850595,48.88991363468491,44.50926975791995,43.405689503476346,36.98532730833552,54.094802735408734,67.63588821542717,53.087938105145206,57.20929615159407,59.20614371555225,33.29415590298184,44.41765996230471,1.843391131072135e-05,2.3590633573641047e-05,2.6885866243031134e-05,2.7283415464473174e-05,2.307253356384355e-05,4.209329692049137e-05,4.851271277484551e-05,4.7895293052140566e-05,4.365709569579657e-05,3.390662670971361e-05,2.1836536864715582e-05,1.666330358868455e-05,13.576472352309866,14.695464034012877,10.773743413973012,9.203073167814756,7.8751945486499055,14.138937061273717,17.76690257908462,15.383986920892967,17.266555238344385,16.117250066711566,10.832449935708693,12.272933661098754
FL,2008,1.8821072587739664e-05,2.6555482129146e-05,2.7419268697237965e-05,2.642973044470925e-05,1.481654289301779e-05,5.0085243995652654e-05,6.220664984186543e-05,9.692865827773407e-05,2.525656742085862e-05,3.143902922099546e-05,1.0020308235759427e-05,1.3788352729554767e-05,0.007093075793013497,0.008292049046431558,0.008503470226989034,0.009905997551385626,0.012189712125151369,0.015673402244716347,0.01666199953776755,0.017299940421322657,0.015715401876167153,0.011290144780698817,0.007703474148090745,0.008515935131719053,7.858897450483462e-07,1.1384585867247933e-06,1.0494111536708422e-06,8.480505748799847e-07,7.692707415610051e-07,1.2177998168164508e-06,1.5354547418658527e-06,5.510939520755146e-06,3.0578368176604157e-06,2.9241334374260823e-06,1.9645913568742263e-06,1.930952642187144e-06,1.114373579064331,0.45545662452832825,0.7029868942108837,0.4603790237631697,0.7730911775822724,0.7599211820611899,0.8774373443523726,0.7083959280205067,1.891015195653991,2.0539325476265318,1.2260527640362215,0.6673807146987021,288.3647002738901,290.8154566511995,291.7971517058315,294.3770946574988,298.1606002993401,300.02096918632697,299.9396458366853,300.1308771464764,299.5410423062113,295.2572525589034,290.0336631539459,290.3596575365984,55.85705688647658,42.0768112001778,46.03019686861921,41.31418046061768,38.86523108628189,51.84810287575522,68.13372147117906,71.36684880026331,52.319984599383154,45.95174992330169,30.74460042381366,41.50752922932641,1.824115537187349e-05,2.4741679477307985e-05,3.307197954625327e-05,3.684642783592121e-05,2.9561159502293806e-05,4.066174031546585e-05,4.763640790463398e-05,4.8212687372523055e-05,4.461298113244549e-05,3.3941210043675215e-05,2.15968880362352e-05,1.81031857974362e-05,13.651054272457898,14.30806624569531,14.367306485114796,12.127401232359226,8.729145861051121,14.239664057937366,18.173993844063663,19.84450973036696,15.334110887414548,14.909970640772142,10.829947987028039,13.216390690172071
FL,2009,1.4905459123192561e-05,1.0928794405394203e-05,1.8751949197804477e-05,1.8912193968729748e-05,6.460458695494139e-05,4.808232436027693e-05,5.632697766796937e-05,5.303779690211316e-05,5.561890903863835e-05,1.3560425377130278e-05,2.2420144883784913e-05,4.093461135547947e-05,0.0066355248304222495,0.006125963764178632,0.008452497301016717,0.0099015294345564,0.013808374645198077,0.016858098294145037,0.017103460761434524,0.01757338702163879,0.016768636922541234,0.013659075869076711,0.0096182533982262,0.008603009775517128,1.1984029190177603e-06,9.505062729731991e-07,1.587300437770795e-06,1.684359442122892e-06,2.2575392603062817e-06,2.0208738117550634e-06,2.7459692880203436e-06,1.9728811155527152e-06,4.0058292482293385e-06,2.928316095837811e-06,2.6715645982405337e-06,5.708075551077897e-06,0.49515821931173104,0.41441847441957624,0.9448343526326294,0.7541462092095307,0.9894755085627576,1.313666038583352,1.2196320371623421,0.7482574883436575,1.1122145384637872,0.4470908038553583,1.469831312260562,0.7902419103088363,287.74582427013394,287.94295451259,291.9598484631051,294.66411222165783,297.73891604141846,300.48590242551387,300.4282165758952,300.4936503305905,299.58700191079697,297.47532176232573,292.3565894621654,289.5751301131573,39.756399808307876,33.782876657798134,41.63620796244338,43.158574117600566,59.47886031120843,57.076010298409194,63.473408967163266,61.99244079902071,65.64013478727281,50.088401161690854,60.52499316373889,69.55182433716942,1.7158029760462985e-05,2.083587684891636e-05,2.2539599390650248e-05,2.9572374039558614e-05,3.387285488745516e-05,5.2325379035842085e-05,5.15362504299307e-05,4.9160818305097874e-05,4.379018969686352e-05,3.2143943428975296e-05,2.2879248621311553e-05,2.0065341837725774e-05,11.511589915862597,12.143356608765233,9.957289889330672,10.705182282934821,13.986062219572156,16.441932578993605,17.97729374694046,18.69982242513014,19.515105209519703,12.656477604005179,12.813414469878161,17.433700236108045
FL,2010,3.186640089904273e-05,3.650255027343407e-05,4.443366093503264e-05,2.0253651229818204e-05,2.4008937503971787e-05,4.441051799800545e-05,4.8959047118435906e-05,7.440688855641689e-05,3.445294971031016e-05,6.0519917766599755e-06,1.2308792694488136e-05,8.46549069607212e-06,0.005530588180198166,0.0055733941016028144,0.006883207087283908,0.010137277534312863,0.014338354296077762,0.017023835249421977,0.017605382723529607,0.018513382005127515,0.016143893500480642,0.01068439444001067,0.008859520183632662,0.004696330861133423,6.387017118850038e-06,9.264750929803184e-06,7.272299331212396e-06,3.791162306261302e-06,2.390954107456207e-06,1.8877943650355938e-06,2.0057420777070194e-06,2.889510568316216e-06,1.969360360803464e-06,1.1643805416700065e-06,1.0092594185418431e-06,7.730212453663001e-07,0.8859003497112834,1.3415543778697552,1.248888464958662,0.8875930950749135,0.9309294888793042,0.6736606928345215,0.805283316473835,0.794468675556261,1.4869748619856666,1.0031759582520272,1.1154364448074834,1.720207510058729,284.9068297445815,285.161293354392,288.63317963362715,294.3861874314303,298.97132643724154,301.27202990527917,301.3817363561104,301.1857332934308,300.1312420811049,296.03431849081807,291.9766894263751,284.0092605289678,50.54061307776689,52.84386754696418,45.42357256948553,42.565813918762515,41.17756817491632,48.65618942793512,55.48855590118471,71.87402012471681,49.460583074689076,21.71365033522158,34.24572346783392,28.773407857500565,2.064107355590312e-05,2.596385707072441e-05,3.4928075084604104e-05,4.275455262828953e-05,4.162678827209037e-05,4.844167767292568e-05,5.08688779115296e-05,4.7025915933087315e-05,4.3841604968122265e-05,2.9974983734852666e-05,1.971666407180913e-05,1.3250950585825038e-05,16.649143948258665,18.143868989481234,17.256404842583226,12.802090542534962,11.492428292508079,14.557831217379766,15.981644186178608,19.260944016618126,14.78046431357534,10.001284783218052,10.201309439350682,10.116698605111987
FL,2011,3.089579432549818e-05,1.9976921915098085e-05,3.2037576868046846e-05,9.933628367222399e-06,1.1749416284319043e-05,3.641346748089403e-05,6.0310979541015713e-05,5.501625790012944e-05,4.6670341133767595e-05,4.325942982120702e-05,8.43278005484519e-06,1.090889249823224e-05,0.0064768083519250695,0.008334146781708724,0.009054593932822434,0.011305918445303454,0.011935629999353157,0.015482234126612369,0.017410016936187357,0.01797304725944676,0.01582336261962108,0.011034233658970112,0.009823591642204938,0.008872082318460846,1.3985813982873141e-06,1.2557935776867392e-06,1.6314869886855628e-06,6.991482595026203e-07,4.859262493225183e-07,7.933770298991298e-07,2.167501330969414e-06,1.6386359760760461e-06,1.950603080549155e-06,1.9514130221921897e-06,1.4963013776818022e-06,1.3707199632267697e-06,0.6898559605268578,0.15544432340481382,0.39413105678088445,0.8663686450718145,0.406939278447498,0.4607070944514817,0.6236940657293066,0.8443530666101121,0.5039869163553089,1.6545362391738505,1.5800122571236779,1.4530699773881188,286.63707543844424,290.04410519746745,292.76765370341525,296.53527220120856,298.17102391461185,300.890654527733,300.9846311737876,301.40478155233495,299.4924659435874,294.90744647139195,292.6002575942188,290.7843681651553,45.40173709841517,45.477953017639535,37.46192775416953,27.787260574394217,28.165544064354265,47.206281513593964,61.38412121071228,59.330370674408464,55.26837734227902,45.15401016212655,35.79320596928219,45.81027680519762,1.7138104844755132e-05,2.2242593207705408e-05,2.5913527114908533e-05,3.5993353747076064e-05,2.994571839047037e-05,3.147964793158546e-05,4.8769022853208184e-05,4.88723412261671e-05,4.0387490338052515e-05,3.292404531633575e-05,2.3303939250048028e-05,1.7085992457069024e-05,14.550007540972597,14.242201935333613,10.950050305942902,10.81634385844031,8.425368410219672,10.776727379273924,17.79325701221382,17.55170993412196,16.194666471040712,15.24143632606016,12.633444917301137,11.526308540943907
FL,2012,1.0248311095293382e-05,2.0236588262497295e-05,1.79372345893407e-05,2.6822968568919382e-05,4.149348596498317e-05,9.622802308284756e-05,4.933135652438893e-05,7.405834659660857e-05,4.192756011877873e-05,2.325932303702387e-05,6.79614505986586e-06,2.2130378117293288e-05,0.007006014312757419,0.008997215138710778,0.010360409486792382,0.010118048464836753,0.013559267840961864,0.015700353909567467,0.017071578799848306,0.017443247828375318,0.0159140789873939,0.01227584491319386,0.008048771656443136,0.008686826480958247,1.0892901261729312e-06,1.0795758972381665e-06,8.986801385086776e-07,8.708883995244109e-07,1.0357537903446744e-06,4.286439265021634e-06,2.177939007643343e-06,4.567754670523077e-06,5.050134701144711e-06,3.820060589651311e-06,2.5158549978321464e-06,2.0736351961903145e-06,0.1232879585405748,0.4847042221863707,1.1945237540882607,0.19956514286230959,0.48123081303259524,0.8752121526460804,0.9114538660378793,0.921039975995878,0.7914583495856239,1.3932135837303148,1.7058827117344957,0.35632127229208554,288.8350857424142,291.33827126312997,294.55737779141117,295.2854555438978,298.48396388432155,299.3304264431797,300.539054019152,300.1552057546631,299.2158486263262,296.21623198637747,290.4758219711518,290.4382415523648,45.01083336688029,69.35151278699219,41.11397771336562,36.18408551067942,41.478739397380615,62.431153947890074,55.12379608846645,72.58038641687948,58.51822976474135,45.01487655758051,37.84013649861523,54.45394276092183,1.6488421444732447e-05,1.9363487042853544e-05,2.7306446042852243e-05,3.262683431266919e-05,3.927016723783434e-05,5.012999837803072e-05,5.3363421994938e-05,4.936726089823443e-05,4.563458197018172e-05,3.6278371122242706e-05,1.9668007567860904e-05,1.7739292275113604e-05,10.818591962932874,12.380895207312742,11.403513412860354,10.976824896688946,12.83427920574961,18.502639703386738,17.326207488562407,20.054979829892908,18.37136692678833,15.046608805665535,9.440912151565742,12.966725399422888
FL,2013,7.114901464013231e-06,3.086089552264544e-05,1.922364532887729e-05,4.0744453540456955e-05,3.839631197221069e-05,7.463875250460665e-05,7.853454299647575e-05,5.4320742220060655e-05,5.172848092868913e-05,1.1622208382261967e-05,2.558978570912642e-05,2.1080631950524626e-05,0.009105165037590872,0.0077284060490531645,0.005970810025480363,0.01168261095121145,0.012030370968299254,0.016958154572870227,0.017135884878645192,0.017376759406252582,0.016336304898071405,0.012614601863425452,0.01017941800461783,0.00969883733219193,1.4039776438525752e-06,3.605257680185123e-06,3.119033549285654e-06,3.0639471295478408e-06,2.3656257535306793e-06,3.5741932796301327e-06,6.827292826709487e-06,1.0439608014386329e-05,8.121761476845242e-06,4.408507297625471e-06,3.2808829419312658e-06,3.199528396990208e-06,0.8723984153850587,0.2574620051095846,0.9451939922155738,1.2844161153493354,0.7437368176346106,1.0811363010913007,1.1185976040428511,0.8842967276495588,1.035715226011828,1.3404987200594833,2.420595421377797,0.9459838848656494,291.32795799751386,290.1793813242836,288.79099581801677,295.30482646145464,296.78938946283756,299.8983281199274,299.67164314189375,300.4966515899652,299.2946425045306,296.4522321944935,292.881118888529,291.54936022654584,57.278864522577486,49.314812473490356,36.92670214317814,56.664157972831056,45.27660788425998,62.11114218391237,70.10603082604308,58.55693529224612,52.87693171589207,47.16646680737373,63.890695931047915,51.701971491968045,1.7491548418172636e-05,2.196565531902501e-05,2.764493184898377e-05,3.8569742745358764e-05,4.396885006850404e-05,4.8803402970660516e-05,5.0241854155051073e-05,5.0440046579648204e-05,4.340941834651232e-05,3.405209118486919e-05,2.2401071234938793e-05,1.854782005257762e-05,12.434818054896965,12.500205405774818,12.036700570697672,14.920414931010557,13.560276974409728,17.714795294912705,20.221087599834984,18.355888281364216,18.117033613780663,13.176286188640969,13.160269290537912,13.633710232473799
FL,2014,3.4937868636377367e-05,3.178527016131236e-05,4.36447828534948e-05,3.3283161361965076e-05,3.2425049098413413e-05,3.7640157500558886e-05,5.218217571606925e-05,4.150505169137826e-05,6.882835374172513e-05,1.5312732397604168e-05,3.512054379091557e-05,1.7367321190173096e-05,0.006342378971694778,0.008936961526414633,0.008535046171586853,0.011063545672938071,0.012791643451079257,0.015587620779434583,0.016710674771649232,0.017071471896517646,0.016432182215805842,0.011994065902147697,0.00791583810110838,0.008781771716127987,4.199423341527248e-06,5.131497868731483e-06,8.118443794691989e-06,1.098382295982149e-05,7.590849592810429e-06,4.101355829802407e-06,3.347823322999146e-06,2.391375259104551e-06,3.1915361687136432e-06,2.1307024460765938e-06,2.592105332168513e-06,2.1251782473342345e-06,1.0249554127586047,0.18397036955970722,0.353689125339911,0.4818246979167175,1.1026719196682595,0.3465242177658866,0.875986726868941,0.2569606934539782,0.8766870529952211,0.6376574425651246,1.4695837158339287,0.8141488566540335,286.29984791052476,290.39814768545193,291.05970053990643,294.7950722265161,297.6932732880218,299.68794380612655,300.4244472953047,301.0056106985939,299.0377372471481,296.06463086670885,289.86886439820626,290.0570190500011,57.52169702328621,50.35778483051687,49.87283994265027,54.01613862224936,48.48491013557156,61.40016593205235,67.77250728913717,55.10767731442948,71.90925566100094,34.451055420899486,46.7036419512271,51.542146423208635,1.996872043993394e-05,2.5984691988232185e-05,3.356587763128276e-05,3.8572840449395635e-05,4.4639091508985947e-05,4.6479753539221865e-05,4.7796094605383804e-05,4.7962274911393975e-05,3.868019204639956e-05,3.574724085346364e-05,2.2078221026187557e-05,1.7854686760181416e-05,16.838141401965814,17.35872021912638,16.635088045267867,14.078538175520137,12.839987202439525,14.94627313525564,16.44510532677894,15.612996455295372,17.6762041625183,14.08065170783851,13.053561773225706,14.383727192063107
FL,2015,2.2062575468204288e-05,3.382099193278468e-05,1.3313096657988848e-05,3.443826325692056e-05,1.3832425581659858e-05,3.877079411871589e-05,5.543880882844182e-05,5.983465451985744e-05,5.8952118119551474e-05,1.8353891773929677e-05,2.3853745828690965e-05,2.985985370156885e-05,0.007515314085040639,0.0065662466558118835,0.010691105986426044,0.013301230341807845,0.013006949278844111,0.01608534238220434,0.01730078911629837,0.017927545508551808,0.01695287353278139,0.013044440475229369,0.012453383065838316,0.012100170030123945,2.329595048241473e-06,3.0143683841713878e-06,2.432994236720799e-06,2.833860863324729e-06,1.7211556602135463e-06,1.3781758596601482e-06,1.4464882423681332e-06,2.0784019844595703e-06,2.4943426565538403e-06,2.1317681971284515e-06,3.019643234149555e-06,3.72094899001901e-06,1.1401274463499749,0.798404638534322,0.28978529774130113,0.5561687602751344,1.4717037043786447,0.7018118619766337,1.2066147572771648,0.5383566162950315,0.6995682470160807,1.3017201291860905,2.004278543792368,1.4903303966521602,288.4745204619413,287.3858703564975,294.0737219524952,297.1146165051647,298.5723662874085,300.4690742793003,300.9481077799019,300.75575891823036,299.5808273717098,296.8454229786637,295.5828144229457,294.1142460768116,60.08377088932805,45.24026817873407,52.11763263910548,63.07749526311554,40.81771366591674,51.98661368954258,61.60224279768146,66.77953750185611,74.51803268357881,49.90545891341242,48.5493993068389,64.32989111319513,1.9910999855666355e-05,2.4871101207211844e-05,3.1119516921713866e-05,3.513189352641643e-05,3.807405544602703e-05,4.347113508764991e-05,4.511158694374324e-05,4.748208504776843e-05,4.124975548529175e-05,3.423004544178167e-05,2.5191598051885195e-05,1.9921134757824218e-05,15.7611036561385,16.24124781768372,13.520184942349271,13.088465913221192,10.449564608747828,13.492633252123506,15.45455447748231,17.93360849293459,19.127131845884488,14.138994068045825,13.532288798432306,14.976954564761298
FL,2016,5.01972763398287e-05,2.6630589644353083e-05,3.2297790947648176e-05,2.3741604103520996e-05,3.909705510267227e-05,6.526085198220571e-05,4.594615890379018e-05,8.679461398374053e-05,7.423590112188555e-05,3.0365823159403374e-05,3.3336883257602017e-06,1.3793942435351525e-05,0.006974459031669826,0.006957349231949792,0.01018975909148939,0.010330462863209936,0.012289156880554947,0.016574749252033595,0.017531323255519735,0.01830301968463809,0.017389562750141436,0.012632201874443423,0.008961641967911382,0.009846853237795994,5.947587166774866e-06,5.1694881746711685e-06,4.45414490878595e-06,5.311722241594199e-06,3.7872359249629352e-06,3.706072772476258e-06,2.905103338986334e-06,6.0162082150138735e-06,1.0200318785418926e-05,1.4748144119841068e-05,6.929086266812417e-06,4.104675266648908e-06,1.0351991017274427,0.6022486745049197,0.7697573634110966,0.933355890089961,0.1486481761972888,0.5916191514536671,0.8377939430936198,1.1141081194431781,0.6567912742801907,2.5749329330931934,1.506446264953601,0.9024958063471655,287.3308765726551,288.8173660454389,293.7822912252209,295.34949649742055,298.0257064609654,300.65454751545235,301.7182402105729,300.94592458127414,299.9827043598437,297.0675176125843,292.82994269698185,292.258195557009,66.6984157687821,42.36312852142438,62.30182504002594,45.881718055908635,44.37611927828119,59.424243004437486,50.807789057353524,67.96667879482199,65.45166265557884,50.20515951738555,45.360976680083006,52.145018403278755,2.2250688329407197e-05,3.008108080401562e-05,3.3034334940913305e-05,4.2237127175983085e-05,4.4966602358778135e-05,5.091016195206838e-05,5.165971457098656e-05,4.924839140461083e-05,4.545722259764287e-05,3.6410298361901875e-05,1.9669265915648727e-05,1.6981692957604393e-05,18.393628174870756,17.573171828608217,13.76352520739056,13.429761464493708,12.684406668793002,16.81948672730505,16.309884229321224,19.746403004665062,20.30345002874202,14.251019298514086,7.673455669104706,11.07127303471484
FL,2017,2.4902901547378614e-05,2.1642524755813432e-05,1.1126552036000704e-05,1.216963192317379e-05,3.502657916654782e-05,0.00010356665376598879,7.358319658666501e-05,7.826264877577105e-05,9.852328207166005e-05,4.618257323660866e-05,1.2239220930127043e-05,1.4222140195506595e-05,0.008521776150562611,0.009267441626953112,0.00834804199063962,0.010545291662127216,0.012896441863812067,0.017223355634003953,0.018161931713812772,0.018500653233980643,0.017065108144815353,0.013556027799841677,0.010949349693857711,0.008885834820424737,3.395064298620383e-06,2.7806654712647763e-06,2.038190894388444e-06,1.560012027458849e-06,1.6487649261749301e-06,5.827300416706713e-06,6.387785670537575e-06,1.1137836038738295e-05,4.5577581619761306e-05,2.02604965545399e-05,1.1394508766099387e-05,7.079683299229632e-06,0.4592038914103129,0.09494354387934976,0.8335372823489674,1.2063276880450853,0.9788472213082422,1.26366657911409,0.7015085786063988,0.6826811762865087,0.9631264005090805,2.248044436150167,2.005451581743231,0.630847109024206,290.6214547985308,292.11959136458785,292.633269028256,296.0913909521588,298.4786510208345,299.4490300514929,300.85640269830577,300.9371182367638,299.730746060611,297.0055304067011,293.15863330296025,290.0186855065184,51.88879247402366,39.94158443318671,42.285733936969955,46.201527656194905,45.344385178486455,79.45406356651687,68.71624077900005,66.51739791610426,57.37321751945789,52.224917436256746,39.30885557321277,50.086071968976164,1.95402835667945e-05,2.3331096246977318e-05,2.8127480797528147e-05,2.7717162559584435e-05,3.766003554496308e-05,4.534328634655189e-05,5.217451539891596e-05,5.107452480617666e-05,4.6840390984828774e-05,3.867951371832184e-05,2.372737566697371e-05,1.9144283769985542e-05,13.153531632113227,12.547489017206969,10.507626612676642,8.800015542990808,11.385065696266365,20.23253761061847,20.25687424859766,20.66402819138833,19.422247033809708,18.110395935066286,13.21624703494844,13.899897853713329
FL,2018,2.389142025080704e-05,1.5151863480983551e-05,1.4704083485873664e-05,3.1679820688513675e-05,8.771256477397405e-05,7.099739742455497e-05,8.570205329259972e-05,7.350958553876921e-05,5.005619670137185e-05,2.0669949584561426e-05,2.5261632564561435e-05,5.5452123784713765e-05,0.006283194087430625,0.011399654567119305,0.0072160975784971845,0.010692458242179025,0.014158993006641411,0.017495561111786604,0.018180514903936847,0.01818928540864209,0.018282589526559666,0.014345346745701563,0.010625192811598473,0.009098759617369855,4.9018094349228665e-06,4.2249245044756276e-06,3.0142169188379333e-06,2.598687425430992e-06,3.817718843753366e-06,6.068691321787955e-06,1.4124171043339005e-05,2.2947238965502682e-05,2.5030614276626946e-05,1.5113785633849333e-05,8.946553634108005e-06,1.6516316960082566e-05,1.8746724450241423,1.57697924767273,0.759910045896143,0.21987337192286147,1.7036717816342328,0.9370892922049857,0.8078518011220955,1.0075130271739612,1.253822306745701,1.499017246172653,0.6415735559132976,0.3025127425836562,286.387666024647,293.8993801672028,291.03953313027,294.9082066285568,297.79300137936826,300.11955325563576,300.5202123219415,300.4943254789163,300.72616442150115,298.0587881834372,292.74220890605744,290.11574437702996,56.974953805199625,54.382826495454196,38.07066855076188,41.13533249666426,71.75994981989932,74.92533352759818,77.07656993800606,68.66620145102239,60.64072521127654,44.929779864295895,64.57134735056336,62.779826999132126,1.94429975948736e-05,2.3323879245328136e-05,2.9006129380518295e-05,3.968173825190204e-05,3.8039809403893084e-05,5.2726529147261574e-05,5.177283166114894e-05,5.044007977307647e-05,4.636585832586521e-05,3.7682976521153087e-05,2.426718055428575e-05,1.957641773886869e-05,15.111492571295134,14.020990838706838,10.722113540857446,13.557505674867855,15.842354207701213,20.71117520040669,21.360275557320115,20.858563013005398,19.702640645948065,14.600945627261053,14.973849183367085,17.219746102705106
FL,2019,3.126418157544747e-05,2.1378518415886832e-05,1.6264543429866775e-05,2.678791155174027e-05,2.9859096832979328e-05,7.015233705057543e-05,7.135293550301668e-05,9.152224946847091e-05,1.7517170644552334e-05,4.182874507570832e-05,1.5132584953589739e-05,4.269433260533719e-05,0.0074058802384912555,0.0109097612476123,0.008978248140364504,0.011097959768751069,0.014354228344206597,0.01725590777374064,0.017833449765701493,0.018563699918633842,0.016250199154981767,0.015397983650411253,0.009579575459999833,0.00953431663268049,1.284011204348558e-05,7.713163009424029e-06,5.615998378817823e-06,4.1898300547682556e-06,2.8607946912030437e-06,3.4581048990481137e-06,3.72442990715967e-06,1.2610850035324835e-05,1.2187334577172225e-05,7.377847601359027e-06,4.5443688226824416e-06,4.552863946772389e-06,0.6896283577706779,0.9703362052007769,0.8393763062889189,0.8342606066701074,1.18583271306094,1.1018886664897771,0.668001987239046,0.49727350554574135,1.6807774335031818,1.4426109265119271,1.411182320909877,0.7432949609070628,288.26500702285216,292.94091475961216,292.30649002662085,295.5927105357546,299.415367176259,300.8548357837251,300.79348664963464,300.8004863951347,300.93883004990516,298.82183332296853,291.9764389183005,291.3972794726568,50.504933020673995,59.94253931201581,52.435960818941396,46.72721210141535,41.395714472945926,65.33248281756492,74.18636785800553,76.08014156281956,45.42488223900553,57.16457277242871,55.492343734827124,56.913306116187954,2.154981254671747e-05,2.6558245628326695e-05,3.3266762697079277e-05,4.1224546983021855e-05,4.3667712299251483e-05,4.789715136391981e-05,5.153223941457329e-05,4.7745270888018184e-05,4.593398464362354e-05,3.275337539141651e-05,2.5807048203524768e-05,2.0556834615111378e-05,15.37035062605882,16.915180184868344,13.689881887368951,12.905283323693066,12.534155263565479,16.40061947268395,19.652292123582946,21.011231334009278,13.54849637332494,14.72765524405265,15.389651087054661,15.418508362036214
FL,2020,1.42736428529469e-05,3.183884444213692e-05,5.578347578269309e-06,3.3828713537019064e-05,4.908471264977847e-05,6.826842820298599e-05,6.160771857623157e-05,6.719610112932139e-05,8.43652397799109e-05,3.775601955785367e-05,2.7216655156018326e-05,1.8710489925891016e-05,0.008028512274615497,0.008900823394753335,0.010635806580839697,0.0115610987099062,0.012637262115474163,0.016655454119795587,0.017836450831458045,0.018315025881695566,0.017123591880766113,0.015309872581384477,0.011877617534506285,0.007354108684617125,3.625725144116502e-06,4.910980263532364e-06,3.716329823826661e-06,3.238041342269269e-06,2.749431780847832e-06,4.673953514894029e-06,3.612066454052979e-06,5.09382103684859e-06,1.3493748891345802e-05,1.4970409883431133e-05,1.3747838037272587e-05,8.90572693034132e-06,0.803392497133129,0.09106252317240283,0.8665612427254475,0.7362610673937283,0.6406760336493038,0.8677136892418943,0.6073502257122171,0.8591769164697689,1.4232312085240824,1.8138911390793877,2.453982984493905,0.667982660254125,290.2741386344276,291.1464190068905,295.3699859439299,296.5648522293807,297.738133837302,300.31574119656324,301.0801793301526,301.11315576446884,299.85799887726665,298.2039977110992,294.9484926003071,287.9122496865158,50.350944020846946,56.7192993345275,53.738638973162125,60.216246354669714,50.612485915447714,65.30197100796308,67.4399607258185,73.6069054355435,73.91593171902139,60.23817872290257,48.805753153266515,46.20810106506177,2.2866524800687354e-05,2.7264584706943374e-05,2.8777898035534424e-05,3.6607963548986425e-05,4.2152118507160606e-05,5.0755469142019074e-05,5.417610225257814e-05,5.026136733754069e-05,4.536462858988157e-05,3.672766003626242e-05,2.860901300104068e-05,2.1157147536057618e-05,15.096713056840551,16.092342472192172,10.431281949817802,11.606889911568237,13.487155054087285,18.52112867819198,18.80578702589876,19.344124777574876,20.49263360733068,18.40921494259279,15.658388661591058,15.987017011791664
FL,2021,1.7077631463094033e-05,4.0927366117816216e-05,1.5836399078667203e-05,4.369974932636174e-05,1.2876954270996638e-05,7.4654000850889e-05,9.462171482218974e-05,8.314182885733691e-05,6.894711916348492e-05,2.695041135738725e-05,2.513708133839068e-05,1.2874758250791974e-05,0.0076125621377124515,0.009310625275123503,0.009870995879533233,0.01041837467918004,0.012322601361118981,0.016682260255578205,0.017902599895923556,0.018365596167898766,0.016611137690529486,0.013898433811063557,0.009034690042046272,0.011085530486095792,6.361160686733877e-06,8.72374718096128e-06,7.466728085585864e-06,5.7737816370130205e-06,3.5544528475199336e-06,3.829862959069016e-06,8.049630622410337e-06,1.640930706969586e-05,2.364385573199556e-05,2.1478831849206983e-05,1.1662284815320211e-05,7.534457035311993e-06,0.6201730365691979,0.39311489347489326,0.6127919768709209,0.3078445027520251,1.305091882948154,1.284524326418118,0.7034925975394253,1.10745221515801,0.3763684551928855,0.712761220218376,1.947844561826999,0.20004149293252022,288.4107258310006,291.0325635558495,293.27550062153273,294.6857929726303,298.2692696210223,299.8989627475323,300.4265035075894,300.8520821359333,299.39298504649287,297.4955714869708,291.0918147164508,292.6960430538376,56.98298861835165,51.76772130022833,53.90506967804555,47.04965938356229,50.020486142338704,79.75328083384098,78.4885678076923,79.67844981920969,66.06606253330085,53.361160583235446,47.33153732025136,47.95364055793814,1.9261312055928827e-05,2.5513218448132323e-05,3.0871408449555316e-05,4.074053803855155e-05,3.806907222747461e-05,4.367357824926751e-05,5.0758697342445084e-05,4.893700321421454e-05,4.3014238491936986e-05,3.652978244553343e-05,2.626654013353693e-05,1.848276388981586e-05,14.071128476260318,16.519164174773312,12.048748204842111,14.255021203498638,9.568485167695307,16.94038473060632,21.504641160412177,21.41273365753474,20.76883133507209,15.501327962225291,16.151950754463925,12.81626663262042
FL,2022,2.3185208958332593e-05,1.4684011055532995e-05,4.256616248511281e-05,3.0742301077119194e-05,3.4757545813276364e-05,6.318590035854758e-05,6.698884886242335e-05,7.186784950307877e-05,9.148479240996136e-05,1.5214636781972582e-05,3.114184763515569e-05,1.7434084863057837e-05,0.007146572264396508,0.00871427806864322,0.010071533543907591,0.011167800015893018,0.014144637340947138,0.016806333548214567,0.01791096725139726,0.017842394150876836,0.016316970970817222,0.011383303842728653,0.011782766170873048,0.008473162046033132,5.4835076325867125e-06,3.9864569163683965e-06,4.461677862306588e-06,3.624163986137033e-06,2.9351918425564834e-06,4.257162585619737e-06,3.851029001908195e-06,5.754406229328237e-06,7.948651783529308e-06,1.2879490697072452e-05,5.25650839204665e-06,3.2883983713940743e-06,0.9210736086215435,0.9885270747052108,0.7673429317833766,0.9994716754928626,0.7383219846982131,0.4663358104245609,1.1899953138897155,0.7826512239369232,0.9220803185212364,1.3861046900605063,1.6121154513649854,1.2873872504586512,288.0330488428765,290.91853456389833,293.8448856340197,295.68021960790213,298.72142107190155,300.70837449754384,301.14268976194074,300.94142852101373,299.50899321106414,295.6203868534381,294.24942898388656,289.9028130658872,46.551445369231445,45.358246604286414,41.426062369480086,45.675903004688436,45.77389409950687,62.49124375314421,60.25136663162275,72.98107753714888,63.492338323077725,35.122065771037065,57.366626684054935,47.80830011847116,2.153128729833045e-05,2.544685366021813e-05,3.529438924150124e-05,4.1929955034868433e-05,4.349638179936752e-05,5.182773921941194e-05,5.4050491375852604e-05,4.8844682132273655e-05,1.5055262718486276e-05,1.0723276836222712e-05,8.598716254822556e-06,6.702918956792373e-06,15.149344446040253,14.486990993909433,14.477750587567355,13.844932308392115,12.518750270715875,16.96156570659094,19.831213300528333,19.13201181590331,20.037246253647687,13.49548478635332,15.266578248774094,14.790220354404765
FL,2023,1.7113156788620075e-05,1.3973754308235034e-05,1.6653067925441257e-05,4.0009084354662465e-05,3.4029211093182534e-05,6.342027887724939e-05,6.300725828195462e-05,5.467417923621669e-05,5.388858479457544e-05,2.0594920487245233e-05,3.387140554761675e-05,4.744054755187291e-05,0.008382153302724377,0.010320424974977984,0.010198137271821056,0.012028101724560836,0.013134150366160944,0.01649316106176977,0.01841008425913138,0.018823407135637547,0.016237485434702735,0.012437573006438819,0.010280408253524222,0.008727609688254487,2.6867461201514e-06,2.2712241605918515e-06,1.7398143421350736e-06,1.391442168336001e-06,9.216491079594339e-07,1.733840752517804e-06,1.4829275075217962e-06,1.8356190581840498e-06,1.6773799131945477e-06,3.507736787933308e-06,2.324770246303521e-06,3.4018450014541743e-06,0.2893503634433999,0.578875841834688,0.3324310569227892,0.872543435665821,0.6188464377604578,1.0532935951274414,1.027823559135258,0.6262637014007576,1.1055380112137343,1.5256096508352608,1.9520756833951,1.2384687984065885,290.2242402445712,293.170734470044,294.2055940513542,296.39197058978084,297.88678474119354,299.9979832457001,301.6892736105706,302.1532963561461,299.9647333504964,296.5148406182324,292.78572863873643,290.0765559263579,43.198680915338436,47.88175622132568,44.268406960294385,56.90409949910631,47.49632819783529,57.91299650829013,69.20623380515687,56.31575667915683,51.02957245098047,46.57448989767542,57.87248506246624,70.73357785200211,6.4470084702553125e-06,7.172583969070063e-06,8.88814778020362e-06,1.1678110469286768e-05,1.402516966861759e-05,1.608521744482173e-05,1.6667544164554706e-05,1.6835247899666612e-05,1.4294003334611716e-05,1.1635425193631998e-05,8.32824093835511e-06,7.373645172912394e-06,14.176188960060172,11.908902537441524,10.668340037192575,12.668925849719445,13.514392409643593,17.251473945214606,17.96725173416386,16.930746176854495,17.215620536883183,14.16535694865439,13.233445333454771,17.345275306654287
GA,2000,3.883895093039065e-05,1.4412659049758042e-05,3.6874248707910637e-05,1.970273314442221e-05,1.0570291108811636e-05,2.9862297931360592e-05,2.7468562611549178e-05,3.287111445982007e-05,5.899864318231272e-05,1.7871420727974791e-06,4.707062165828409e-05,3.0139727056580757e-05,0.0045773655118290036,0.0052773592659417145,0.007017247799666323,0.007349301524598412,0.011305751573455234,0.01364336721354496,0.014767954387099966,0.015020545781518096,0.013332654245573375,0.008180916510648981,0.006309749746255687,0.003711659576321768,3.1995825863490843e-06,2.914299610117426e-06,4.656057162860299e-06,3.930600834782717e-06,1.5821488942948596e-06,1.2797649529587625e-06,7.737565216422024e-07,1.0254755360357945e-06,3.406964540083815e-06,2.3047672150422971e-07,3.3602909316062656e-06,2.4250470382251823e-06,0.732338303906882,0.4429833443257857,0.33786192727418707,1.1020612653764903,1.1029300389832513,0.8793983621553244,0.25290114654780066,0.14825395564429408,1.0615575386421798,1.244270901801564,0.49089728364929586,0.9543933948391671,281.15904141965007,283.9831117892836,288.3571389001572,289.33760580426457,296.6202693487689,298.5999110405922,300.2430762818134,299.464028592284,295.57051369397476,290.494339927412,285.1721273304003,277.82220325449964,51.438110500814936,37.20040961019984,47.42024325002244,44.32845682802937,48.36628340284162,44.84726906171982,46.281994799542936,48.130964285914054,60.702053413398986,27.068955434671132,55.94546382402271,54.53640668775609,1.504822894600535e-05,2.0812143950705922e-05,3.0000706098990666e-05,3.577317734480744e-05,3.0772126952131746e-05,3.194414588392674e-05,3.493082335898835e-05,3.717506605210105e-05,3.4702868531022887e-05,2.043952703823168e-05,1.5005053771824215e-05,1.184705743392784e-05,25.939320946430218,24.944217731257613,23.90523679831165,21.90301220730143,16.83099578401439,18.67225174530653,19.128912777050278,20.99253047314565,25.259176523556363,16.846720057138043,22.39023276665359,26.446959280710015
GA,2001,2.3431834628790302e-05,1.6493974444316215e-05,7.40887420410825e-05,1.3258828753695098e-05,2.2168690087200425e-05,6.051895340329073e-05,3.9584006236603775e-05,3.0038097758259742e-05,3.533676640707689e-05,9.418478467920746e-06,1.3016967575705555e-05,1.9286570638110194e-05,0.003999501430333714,0.0061284551175136495,0.005631089834259247,0.00822576606914398,0.010111231612716298,0.014655064891595035,0.015881689403320295,0.01568269421420813,0.01219950867103035,0.007186670017486094,0.007099538142832003,0.005772679180849265,2.7131568153050723e-06,2.3434750465221793e-06,1.4140583306116494e-05,5.419179320611342e-06,3.016547959150051e-06,4.275577577360037e-06,2.1673797015566753e-06,1.4431137324315193e-06,1.663700087335491e-06,8.924884056156873e-07,8.401079912253628e-07,1.7432393070055136e-06,1.1348255706402943,0.19227689284321434,1.1604412010885008,0.6808637571192175,0.5868004652115429,0.6709374352050375,0.19138306418953596,0.5279934810638327,1.1392076239498978,0.686298571132058,0.9277525833175396,0.4026270499133178,279.4745563416716,285.17689067056415,285.26143954696437,291.2589258675568,294.99197123296256,297.39400848432206,299.28455134331375,299.2103735283516,295.4167188836522,290.0011380519305,288.75071249412883,284.6804289024012,51.76720403561554,66.17393349079045,58.591467406802025,54.501473569387926,43.02830409213293,61.82155017667985,64.41856612023659,57.99734188903833,54.53291766181499,30.250899947810023,40.87022452629703,49.68437888399746,1.4056439742462032e-05,1.9294836843232296e-05,2.9011927563113876e-05,3.919702073432347e-05,3.6160215914607305e-05,4.621681221374558e-05,4.7965964335813526e-05,4.1731631041197674e-05,3.416396152247697e-05,1.9872116474734363e-05,9.725922156626138e-06,1.2345200637561855e-05,26.849421064385407,25.021892705140846,26.721490650622947,22.109452084218706,17.647023261893242,24.803169639966136,23.661608132688357,22.327895314589608,22.815188017558075,18.066288528322616,16.64959108735473,22.799211725985252
GA,2002,3.4130256292547156e-05,2.5788405744765248e-05,4.632346468226507e-05,2.31273070670612e-05,2.2475393894405277e-05,4.485743043211448e-05,4.449600729548106e-05,3.773545061532232e-05,4.786397042129886e-05,3.818731728637237e-05,3.85137909482968e-05,4.3730468718506373e-05,0.0052513282716535915,0.004320524142970097,0.006431608386878514,0.009468848246743648,0.01049529022773294,0.014236559661227333,0.016309616289605002,0.014904381472955598,0.01503117130986957,0.0118931001059068,0.006168519956723187,0.004712860854952829,3.2835341877885127e-06,3.30302487019199e-06,5.782979389259159e-06,2.9296040846719735e-06,3.3715531010945438e-06,1.685999718967771e-06,1.6585479751045217e-06,9.717269108618649e-07,4.469131110600814e-06,1.8162362980946956e-06,6.665698260065649e-06,1.0913773190446737e-05,0.8950146458974098,0.8865174017049323,0.41922052850097247,0.3630980362740634,0.36463976793929087,0.5249204132891115,0.6934777663183015,0.6023500966601778,1.5739731871216,0.7067281594362222,1.0059749600486496,0.763676117900556,282.3846174899254,282.3801878306616,287.3802363129073,293.2756923585967,294.82959582292983,298.2426116146398,299.7490863768834,299.2622374126855,298.0073492674493,293.1418101651685,284.598956765783,280.90894937714444,56.085149459918156,48.22590450409538,57.870495279485546,54.09705147858593,51.03443121580251,57.83194836272687,55.13085462461691,55.96772212810131,65.88408532676424,66.3868940277429,47.69816881686278,59.03972148330471,1.374664907417739e-05,2.022863865632555e-05,2.970078312106876e-05,3.896587004071731e-05,3.541861842543956e-05,3.963885175480529e-05,4.895374400835975e-05,3.689159310351418e-05,3.439521318375886e-05,2.5033820464547324e-05,1.9082679297208e-05,1.4203139529207127e-05,26.319015601818535,25.21369528283855,25.55317340397286,22.483761716122988,18.28926435799031,21.68229156869007,24.23839355433043,21.157941187122397,23.99253045227467,25.428730364179142,26.698430268627057,26.67030752964172
GA,2003,1.9893030764212745e-05,5.047545870764478e-05,6.30374795529999e-05,4.334759722669933e-05,3.955044573783513e-05,6.493783742337785e-05,5.669127192239888e-05,4.0986859096963006e-05,2.4150909581207267e-05,3.027503935055814e-05,2.517722911125905e-05,2.6908564478933028e-05,0.003354883716264174,0.005115474279954317,0.00800378648373556,0.008725963422547013,0.012100634105010543,0.014540579979572294,0.016325165271563778,0.016898973863806503,0.012336249296142078,0.00928540354481572,0.007471289684315858,0.00409838996805622,8.169277752268856e-06,1.1037850084661725e-05,1.963214233718552e-05,1.4075448241996263e-05,1.1677719679965585e-05,1.1406290556118074e-05,9.278896199540423e-06,5.480433892437629e-06,3.468586727901383e-06,3.0461689365059486e-06,3.5167632503778485e-06,3.1808396208209327e-06,2.0609904494394184,0.6444408348814384,0.2890091075247295,0.48752406491205424,0.7689698474344524,0.9219459641054758,1.4013201534824802,0.8073062072757696,1.1190485692611056,0.6716353189860009,0.11763311720568377,0.6293391557550718,278.99090915265674,282.946497678768,288.14071751779204,290.5672552978208,295.42857564926277,297.80060367907146,298.82281112015863,299.11745546194567,296.30069515596307,291.46690902769956,288.190114256428,279.9128677370576,43.199796929359955,63.72403397649703,68.98236400722296,50.92784395448439,65.7176455040444,60.47686324587773,61.82565068949284,58.182115684824645,44.89815440793805,41.2119241576506,41.31273646892223,43.4435092344432,1.5315219519001655e-05,1.9676421479263237e-05,2.7014141453228948e-05,3.934328217333699e-05,4.3064821126507636e-05,4.974950437970172e-05,5.0302512323641424e-05,4.6867649189098736e-05,3.7459865535088664e-05,2.4549085388028897e-05,2.0597234553238485e-05,1.5036593752469405e-05,25.6517695373196,27.079717007624723,27.835093014127715,25.203623544162102,22.460337480994777,25.37036434068803,26.107746148347033,26.29277291264315,21.340646400776375,21.288399309863603,24.080952090925724,26.350482207762493
GA,2004,2.3019484343355513e-05,5.0614056860800594e-05,8.794315755643362e-06,1.9818744172049394e-05,2.3255585747564995e-05,5.7213018018664444e-05,3.580435598639044e-05,4.248818188407553e-05,0.00010267341667042918,2.1102792858596304e-05,3.852856128636802e-05,2.7302737019746232e-05,0.00414209205456776,0.004769465787642441,0.005872938023604505,0.006569939780997587,0.011910983280416091,0.015443169576864585,0.015775381066559103,0.014744737797658527,0.013674394645769198,0.011390951353952058,0.007333420761696008,0.0044366023569816886,3.843204785589386e-06,9.217562807998961e-06,4.489650808226089e-06,3.0986423371067766e-06,2.490386701477762e-06,3.0551935663869443e-06,1.7270716797655764e-06,1.9525629841559715e-06,1.7591584281901217e-05,2.8736027700810877e-06,7.752357138704135e-06,9.800470225705986e-06,1.194799961674269,1.0737460329591415,0.6446242601788376,1.1351109608786074,1.1011649375814663,1.0109280530854983,0.7552772707759213,0.2700708200894441,2.1105734628105073,0.3467359690010216,0.46729954227703624,0.8815069607986582,280.7179105379969,281.2895671921604,288.61329089769646,290.8181369094267,296.6954028823455,298.52770827723873,300.0203499977347,298.7858179727589,296.63545292958406,293.1220789140631,287.7117430366671,281.493299356986,55.420181395787736,75.43712126581079,44.465521962554625,43.097273772804265,46.190914066487956,73.36585533607132,52.46504690741608,54.52815326182952,57.89480858906908,59.59350582529888,52.78374325124666,49.282480529640196,1.4965433928391391e-05,1.839270803960768e-05,3.165523602362213e-05,3.4749409971145325e-05,3.853541641052914e-05,4.302669211186619e-05,4.731485256833041e-05,4.0074904322777296e-05,4.101933114604787e-05,2.8053866318328883e-05,2.0379517218339744e-05,1.6045205996413334e-05,25.269929224668946,27.735598965721465,21.993437271205984,18.92394140943218,19.506355530449074,23.90909909984398,22.675596641267138,22.955844600880134,26.14033313117682,25.04389818928502,25.250759927801017,26.042442651860448
GA,2005,2.1483467829795496e-05,5.0932205314508734e-05,6.15323440898278e-05,4.196244871444879e-05,3.124432951523476e-05,6.621188108105606e-05,5.856405566118541e-05,5.1082633609811716e-05,8.956304978623697e-06,3.260980881514288e-05,2.540843398644944e-05,3.959100517207269e-05,0.004964735015390537,0.005310692532052484,0.005529152851546066,0.006698044266161984,0.009535923850105793,0.014959652084788092,0.01702903547394378,0.017136145827706936,0.012842674593095085,0.009329235387776672,0.006261625806970636,0.0042877487050391825,6.3556692729082975e-06,8.710448796604182e-06,1.6041839304169192e-05,1.8716316865437072e-05,8.075172465448418e-06,7.1488692698413355e-06,7.849832022296855e-06,5.986850395382414e-06,2.945092649445983e-06,4.252505993687176e-06,3.2628672005390104e-06,4.298252359761313e-06,0.3738741758338423,0.4532882086750062,1.2949794784938786,0.8855067063926808,0.4281108386069696,0.836882717711652,0.7731012193922477,0.6310904683658772,1.268684873346901,1.3312432207056084,0.12577282309686508,0.9246840673449808,283.1117474816797,283.97794115046935,285.7836708951488,289.79412497911784,293.8885920861946,298.0241570457917,300.34591884490965,299.8848150688372,298.86842872335166,292.01779088480095,287.5315444369044,280.6728951699845,58.94886388436304,67.51016041904583,55.62126949913766,45.929018031335694,44.16646996795425,60.34089336404599,59.67025622021921,63.848262265056654,36.973239779550774,38.067564434098664,44.9766065045846,49.75914648119577,1.6080205148610046e-05,2.0833136012475187e-05,2.95918002802276e-05,4.396256383924393e-05,4.565313124785011e-05,4.728174713426822e-05,5.3516940717428875e-05,4.881579755628977e-05,3.7027058303311e-05,2.629347182608259e-05,1.6333785427079916e-05,1.5520396683715715e-05,25.728356066549154,27.316584729917885,27.294941546982766,24.597207707169638,21.15112373969466,26.15148845158089,25.612221283608854,26.65848027195563,17.714572782680737,21.849990667949022,19.36320160751271,27.14563403364163
GA,2006,3.0003505772874652e-05,4.099173310770391e-05,1.2415047048660724e-05,2.0037988355411905e-05,1.9830092930707188e-05,3.299654042470675e-05,2.2877403917186127e-05,4.2254917584888e-05,2.8710366720556118e-05,2.9107118638270172e-05,2.6687858140334688e-05,3.3136337011207375e-05,0.005545541903142462,0.004265349533425958,0.005083468441154277,0.008033177940618138,0.009989379001502674,0.012299976658058568,0.014347116267439662,0.01615646257294314,0.012362697604851272,0.007924838198569062,0.005926678631370189,0.005396849133719929,6.582137534628787e-06,8.732987605341978e-06,5.927165036056275e-06,4.123141439111902e-06,2.5651121674992175e-06,2.0954199643801135e-06,9.70326585687398e-07,1.2978884191534744e-06,1.1560483884208824e-06,1.7632734032369406e-06,3.0113864711734463e-06,3.905203008431331e-06,1.2871998513364757,1.1165315484688907,0.850550085810411,0.9700218986614525,1.3431582489318938,0.09527431832206043,0.7346940425777151,0.19683737853947492,0.3376748168013033,0.3843003935925262,0.7725384791878611,0.512401188343471,284.500459331178,282.2618982525384,287.17727845979164,293.1167135848144,295.04067777367254,298.7471456010722,300.5030327226224,300.54277036208305,296.30935730260927,290.6624368424349,285.64366152934457,284.42075547858053,52.95495920879735,56.666093163356834,44.35925843677918,44.80392524286065,42.288844734640854,40.751308042109066,48.65322637963859,58.624187738168445,45.96379091369977,42.35751801190408,44.02757121608017,49.58491612776295,1.7933564365316473e-05,2.132489496881493e-05,3.0457860112733427e-05,3.756825997829871e-05,3.7282869034756496e-05,3.782676371072613e-05,3.264580115155954e-05,3.710210332245562e-05,3.570322632565315e-05,1.9425847391609344e-05,1.821577332468013e-05,1.3503089086179319e-05,26.71355810757062,27.174481853906894,22.37706008386882,19.141781451254513,19.29423476927285,18.683472330017548,18.03542365025799,21.519370878655376,23.25541126893417,19.67209472676178,24.052285804925322,23.483217629644486
GA,2007,3.504148374124665e-05,2.4540512576797964e-05,2.030874686735081e-05,2.0924507266884796e-05,7.541678654345751e-06,3.532613334427219e-05,4.7951077134185116e-05,3.5852694250611584e-05,2.944369740218987e-05,2.9638792696438336e-05,1.2220844430319163e-05,3.682373757830261e-05,0.004792891573834162,0.003637249056325041,0.00594703365883099,0.005926823176886652,0.008853259380876473,0.013156766224991286,0.01463827886275991,0.015984749947698034,0.013199157792582994,0.010279171900487006,0.005396658523056515,0.005969313300985708,5.674501508436833e-06,3.884827358925371e-06,4.778488368820849e-06,3.4734104530835896e-06,1.200459552555276e-06,1.1626188232672413e-06,1.8032599038069298e-06,9.800477476575833e-07,1.3888437174353767e-06,9.962251743023594e-07,8.7326702759945e-07,2.8996474438130678e-06,0.6894466029658434,1.3967811743371832,0.3934434325647383,1.2147973495549438,1.549280292388417,0.39777646722538273,0.4046126692568919,0.4723101009052604,1.5475540194898254,1.420427921859491,0.7510667147402023,0.1548652772308005,282.94002917933796,281.87511500748,289.1377377494267,290.1352202706365,295.26338161346877,298.9131392866853,299.3894168884354,301.5886426991607,297.5535554409433,293.26118619498783,285.83950714823015,285.00948155351034,66.3176898846506,50.02996666634755,49.60173118021486,50.714578882424945,39.831810376967205,48.18375433959742,66.05899877822517,50.31818504199271,46.767583074759415,47.34932229308714,33.26311551029086,58.18737045762027,1.6581472237131885e-05,2.191170634763129e-05,3.0134805497951102e-05,3.320972750659125e-05,2.5967341291986196e-05,3.822298838744898e-05,4.178703913453505e-05,3.5922435203833995e-05,3.524502540358663e-05,2.4559456434619213e-05,1.4568182050484737e-05,1.2185802605150776e-05,26.903699076041875,25.956254889468656,21.668078628238018,19.17974742824453,15.589889953799737,19.571427538014305,22.24064490973708,19.58722177028961,22.050054391642067,22.185538055290955,19.155169381303164,23.405232395069344
GA,2008,3.280597394463106e-05,4.2594634137641966e-05,2.8778536971937575e-05,3.0318710591799785e-05,2.3263418427810267e-05,2.070404868808753e-05,3.3969278563638715e-05,6.763529305064748e-05,1.5430503984879244e-05,3.57052260196849e-05,3.693018390424224e-05,2.9313683420788472e-05,0.004015996631552542,0.004999077707969767,0.005496905252989228,0.007656487534808634,0.00993013359590711,0.013092671220403375,0.014455377581690717,0.014994720268913044,0.012677717720007371,0.007912694998797626,0.005244119111287858,0.005775277807183828,2.2174456045336735e-06,5.60643380730184e-06,5.2414086403877364e-06,4.872739350440445e-06,2.6712077706502053e-06,1.200759023587676e-06,1.0033284928359896e-06,4.759191924792825e-06,5.454494532404343e-07,2.1940786976260446e-06,3.2287243354313693e-06,5.259545738085216e-06,0.6526791299371398,1.3780288006589263,0.7260138739525187,0.17231701846582428,1.2152858865440768,1.1426352436982754,0.6762631950352302,0.30422042263387583,1.2631741107552856,1.207965341069635,0.7982660774497214,0.7955337495629381,280.6258471112649,284.21641120641556,286.82026545658954,290.8519601720224,295.3489650466008,299.8351528275502,299.8566076650841,299.31405383149075,297.25485253501256,290.500289857533,284.49763617689916,284.62128983589224,54.220205710394566,46.745404794288135,43.63689717198654,49.065401944708555,47.361527504567896,44.37252472233276,57.24890368136197,63.703442367393336,51.17258317996808,38.82111237715621,36.11415103133198,56.487606852907035,1.5049265116192327e-05,2.2943812656613003e-05,3.2296791075232824e-05,3.759723308059995e-05,4.0110921128659256e-05,3.5069531041904744e-05,3.684434826788998e-05,3.969750431303337e-05,3.537919149079205e-05,2.424005695314015e-05,1.666744162508574e-05,1.4517473225559913e-05,26.66297298171454,26.368995844289586,25.183847336707114,22.475305660115136,19.50191793314733,17.700577103728087,20.518724695679165,23.2768405501756,20.66295069437223,21.862120207041944,22.25930762133204,26.096159557599183
GA,2009,2.3967390593373572e-05,2.70905799752999e-05,4.871370346403058e-05,4.80654886249815e-05,5.298414004533504e-05,2.3865404454141026e-05,5.296701803666033e-05,4.507055975752968e-05,4.212276426722935e-05,4.8720552881412854e-05,3.7706094707316914e-05,7.16291590429676e-05,0.004201104415458256,0.003880614381280049,0.00625026679471793,0.0076328498452013565,0.012081919562194702,0.014784297170413524,0.014524600165825836,0.015846574085267136,0.013825982346237666,0.010113590653728839,0.006837436500251277,0.004901104505351425,4.643509577870649e-06,4.221846517086067e-06,1.1646766663826369e-05,1.600844683247369e-05,7.490425324462523e-06,3.4588419021960466e-06,3.4003782999652875e-06,2.0976543550160423e-06,3.2112670168469964e-06,7.949361364319606e-06,1.0026890524925662e-05,2.6671876001615084e-05,1.375386635233543,1.0587618254526938,0.5471640440153761,1.1516862433284094,0.5495429524458246,0.966017576515353,1.1966250564848104,0.478709103310607,1.2276461456516192,0.3061341723061158,1.0127352654528672,0.5687114895274311,281.6511637895034,282.75213606027546,287.40377944793903,290.7860836010878,295.3884836802642,300.24090946609897,299.2890639659844,299.0466611891312,297.02228760733266,291.45008594846945,286.3548864272061,281.65249793225917,47.918509157104175,44.60660568235226,50.38497507849189,47.570274079067794,69.75342463391249,53.92341664966421,60.347258035676745,59.06301539069617,65.73652679073433,64.94072713681933,50.517646470070666,74.53956387595662,1.5371952887716282e-05,2.1237465258942775e-05,2.7133916495902176e-05,4.203670355394714e-05,4.056505836211005e-05,5.086638933396117e-05,4.6644533117878e-05,4.333898773335448e-05,3.560034415636129e-05,2.557375412872604e-05,1.9843949033246252e-05,1.4623761287238912e-05,25.350933906434722,24.306081097748397,24.230800775683335,24.40476902205181,23.82574662531731,21.122737512886914,22.47673448144859,24.32354828458798,24.2779065091562,25.258083378499727,25.516186733486148,28.02678054267999
GA,2010,5.2205776355451856e-05,3.719299479002415e-05,3.368340653660604e-05,1.9511658068933828e-05,4.292898470542437e-05,2.912999030586879e-05,2.505157851485329e-05,5.4505720634790415e-05,2.739873944803865e-05,8.815299553271827e-06,2.0481994733950903e-05,1.772816302160575e-05,0.0035740832486080933,0.003651905619088576,0.005372149820302727,0.007613698256470022,0.01257576586979031,0.016134513791540944,0.015976821805533403,0.01761044082656421,0.01251729272701315,0.007907026391749632,0.00604888613648837,0.003168588928539252,2.2066290590969238e-05,2.628721867378102e-05,1.2388120791727968e-05,6.831964064124857e-06,7.123750453536939e-06,2.5565375751752478e-06,1.5925316906827e-06,2.4587574815123837e-06,1.5768319471593784e-06,7.715577879344468e-07,1.4865971906388812e-06,1.097599383716275e-06,1.2112526792325204,1.7365991557575469,1.0592105198099782,0.8219717759397431,0.7039996798327721,0.9336480940409486,0.5914033684764783,0.8563983163150295,0.34298767357754856,0.7580025682864685,0.2606887394830959,1.7723256202641429,278.6921845986537,279.0166750542582,284.58445824898337,291.74688637302097,296.43012065408203,300.3410440615091,301.3002180830849,300.8805685883531,298.46351930328865,291.7527167704143,286.170625269603,277.9338762385157,48.04611830489474,51.52702502145272,50.25147603518166,34.3061664817776,50.926386525304224,47.84287477830675,48.37490088856762,66.98816296908025,35.205948907372594,21.22494775749246,39.60851397810462,42.72468351497495,1.4462191295433656e-05,1.8484691415644432e-05,2.8555073701933754e-05,4.17018287935873e-05,4.383085781055908e-05,4.681986248379508e-05,3.959967844104849e-05,4.0883043047256984e-05,2.9053925971800624e-05,2.4084323649107435e-05,1.3806635045371467e-05,1.1195712111246427e-05,27.380429671461172,28.0269478571796,26.89532503285451,20.452869869663434,21.525668361508618,21.299737964950676,19.371761508226644,23.9859901691051,17.538109658894086,18.310339868957932,20.34366279729628,23.614980612006093
GA,2011,3.0855736126680765e-05,3.3927841113664154e-05,5.275669434656392e-05,2.011376490372923e-05,9.266763014044651e-06,2.5492187380265183e-05,4.1047617716076026e-05,1.8667075314038893e-05,3.4177648418963205e-05,2.8696695637629773e-05,2.4565297001044373e-05,2.6363494141913394e-05,0.003747093129854152,0.0052483990799626805,0.0066745734977343195,0.00824613618741844,0.0099613380211283,0.013931184994876696,0.016440208885605295,0.014744136619555736,0.012034021263669743,0.007587866797038352,0.006504190253740614,0.0058205969878693895,1.8925262412609784e-06,4.188338460716548e-06,9.519469372827972e-06,5.11266358025774e-06,2.05911549701751e-06,1.280028874756353e-06,1.401834982476384e-06,5.891349510185022e-07,1.4688399851205278e-06,1.4388717523730989e-06,2.0727338975780196e-06,2.790672365043847e-06,1.108992795862318,0.6678220824510455,0.3890110714770875,1.6204778095784278,0.8792108955395417,0.5776023084298149,0.7962609948861553,0.3709995650774702,0.18002424190329547,0.9244028202231404,0.4163805038311868,0.11982900111520493,278.99820634175455,284.2601807896737,288.1205166010401,293.1382074963699,295.80367628832164,300.69327712791664,300.8880347068538,301.50541612635,296.7431000690674,289.72411277869355,286.91213820753717,284.29804834412425,48.26502533125755,46.70181084575768,51.801788288459726,39.24323738007728,41.11617988356887,47.12419446796068,57.781986568922505,46.163666331433035,56.67130666116731,30.56228051723871,45.35820706450014,53.61278913396069,1.340211372987478e-05,2.1418982585915597e-05,2.9320194755093404e-05,4.3783190128557345e-05,3.162789907493434e-05,3.203581140429902e-05,4.122877708981375e-05,3.4498686689632397e-05,2.2526263967762664e-05,2.595661072170974e-05,1.5703440981836478e-05,1.3760861744926458e-05,26.756454782307983,25.788678802927972,23.96980390539643,21.75033512192412,16.75973953402215,17.702558171193154,21.689065559350304,18.689786904051733,19.55378047085897,22.283382411201902,20.892678183762964,24.672770317041238
GA,2012,2.7898961876688928e-05,3.2548773814426694e-05,3.509051043935249e-05,1.642889521507037e-05,3.603128069818183e-05,5.7648101610890445e-05,4.588556084230675e-05,5.931344098738104e-05,2.7167231546668536e-05,1.6045509200646556e-05,1.2500612300782289e-05,4.073043120210338e-05,0.004911658240390066,0.0057921197070685,0.008303497360471292,0.007932085930416466,0.011623304167073925,0.012918989906130123,0.01614119628133731,0.015871160737307443,0.012959886340816611,0.008729776074682793,0.005367975635031158,0.005981302117887804,5.02779397830735e-06,6.487957003624172e-06,5.932029139270386e-06,2.1379271708858215e-06,1.6323361429649457e-06,3.7730143149872052e-06,2.060605885976325e-06,2.842971785449196e-06,2.251677729580536e-06,1.6494284940444945e-06,8.690403401868259e-07,4.151510102662365e-06,1.4773420474204155,0.3768667230016319,0.7831266111695273,0.878386032895652,0.5249732433211057,0.6976432261859791,1.2092423475788978,0.6222004539577357,0.41439058260638184,0.7275384834947028,0.9266254636386925,0.5386094728852986,283.5084350508208,285.31592070847415,291.59302552566567,292.51543204263817,296.679532476878,297.9885875061153,300.7967634245131,298.49766185709007,296.7542393476981,291.6849643255307,284.9703325641985,284.46097555957454,47.35226949532347,72.76451995086262,53.76238708423809,38.52517794238282,45.59168785342098,51.69118260066898,55.06078725323243,67.40631753912683,52.65128951206475,44.89886527853419,38.35330638321026,66.62372898653702,1.6145009350883232e-05,1.8859193208851303e-05,3.3010747128188375e-05,3.5888545014621507e-05,3.977998061301543e-05,4.5896088487576115e-05,4.7110537627806655e-05,4.376290153716666e-05,3.763118797498648e-05,2.3209281684938274e-05,1.3228058249046728e-05,1.3037461758952525e-05,25.0958358912122,25.085630235656538,24.228906749552372,20.014060234436393,20.334867078796773,22.586147555962707,22.08190065581076,26.38654392999875,22.92789513008943,20.21691426963374,19.65385715031563,24.10490861129212
GA,2013,2.5451355722384523e-05,8.61316417599673e-05,3.359555905111193e-05,4.523829520178445e-05,2.9987883740190896e-05,7.022643413253027e-05,7.2267642677831e-05,5.669723409233855e-05,2.1521570098398064e-05,8.598715877642069e-06,2.923814161600756e-05,4.400801067651674e-05,0.005887082351801345,0.00468798914412595,0.004300841852764419,0.008339359439824827,0.009734335604637382,0.015542225226031062,0.016576340579521138,0.016156404042939682,0.013448241387541466,0.009364816901496674,0.0056192914740743165,0.005977603910680409,7.856464987154521e-06,1.743083359476313e-05,9.158202004885512e-06,7.678457236061344e-06,8.43635665927267e-06,5.836281528977675e-06,8.252022082573898e-06,7.578494278391183e-06,4.209002841400676e-06,2.5745657221386905e-06,3.4697649519571415e-06,7.05863964630345e-06,0.3407458378553021,0.7024029797182767,1.6065225852215994,0.8113755884056864,0.37181705167336637,0.9702080619591991,0.9139577573406806,0.3785725463814575,0.9562281539490631,0.644697652441351,1.488647741962242,0.29582467659398726,285.0888555992547,282.9955469594811,283.83497186487415,290.94174151040403,294.4485082052139,298.78630546720683,298.60366757001117,298.69161721519635,296.9294306833738,291.9026368103994,285.3651669476241,284.33632049536925,66.28924875213723,56.08912359352001,43.997922403760924,58.29601250625211,53.91502344008223,61.55882068600151,76.50978555051825,69.36135540467751,49.22010067288513,51.57635499072251,53.526081249038015,66.72188910857298,1.5045633826237401e-05,2.0862301804219035e-05,3.030144201550828e-05,4.175426486174308e-05,4.69870386437874e-05,4.999436253239021e-05,4.857391612664232e-05,4.634502203935089e-05,3.894980862520389e-05,2.3525199422800884e-05,1.5865191123854974e-05,1.4350174991560723e-05,25.01073633064347,26.58747071908144,25.42848003683623,26.06311132244602,22.07067681642011,24.968092222326057,27.892452093495535,26.427023111040608,21.872784556009695,19.44280012326361,20.852702315255627,26.719967681594166
GA,2014,3.097332792153303e-05,4.321759148987284e-05,4.3393499092213124e-05,6.477249138460959e-05,2.8614689044763176e-05,2.7707291110076336e-05,3.3231264761327006e-05,2.3655275503950372e-05,4.1911410226721515e-05,1.639653714984415e-05,3.4510986998262166e-05,3.786001659773338e-05,0.0031096204678479054,0.00515772103570375,0.005367573052838394,0.008168602689337263,0.01083729322905624,0.014453089033274271,0.014613802667430453,0.014536639112233834,0.01449735370580947,0.009024686019430102,0.004770980862007058,0.005962188298373888,8.51752623836131e-06,1.1104777029732469e-05,1.1215908846320957e-05,1.6669504494113307e-05,9.258842984276825e-06,4.859020302475027e-06,3.1478270467252053e-06,1.7022449758764207e-06,1.5743741569889152e-06,1.738355812094831e-06,2.4340243090392933e-06,4.517470022092864e-06,1.3182067162346656,0.7052908619780671,0.5541999757225267,0.5858146115241833,0.8537096128949404,0.7828404266612983,0.5856708697362937,0.2723014954303754,1.0577089969457873,0.7354007019510258,0.9698396371457538,0.6345234027112404,278.1472626222658,283.4464716702383,285.3783602543618,291.12450312014454,295.4741156903456,298.9884135086264,299.52509751364204,299.67135580186596,297.1884184543777,292.2308564339613,283.5210158345252,283.9510761194636,49.52708770720123,63.44972757792381,56.5169604999017,56.89151180754389,51.252722349787206,60.08635547409097,59.6457638934215,60.03865737457041,69.60604577750694,34.057011110891224,41.734192150504505,56.88669864862612,1.42929849222892e-05,2.0657878530152098e-05,2.923124902881399e-05,4.1488237079771254e-05,4.9847026222487065e-05,4.59892927095712e-05,4.168563776748171e-05,3.719364210467048e-05,3.16489009548073e-05,2.5816496923025194e-05,1.2683180402750828e-05,1.275280725600271e-05,27.15711212260406,27.6971555422268,27.01261695945184,25.924555922137344,21.488447297079528,21.00825474244515,20.898849385147805,19.67886295054696,23.213135574799512,20.515087661354492,20.099479165815588,25.18494342708037
GA,2015,2.9968416345017753e-05,4.7882799440999775e-05,2.426565916614233e-05,4.8399515692130066e-05,1.4688150622744766e-05,3.4692807574537244e-05,3.323715629451785e-05,4.559912180513479e-05,4.292708740172862e-05,3.8175492375562664e-05,5.5675383990069896e-05,6.598425408856911e-05,0.004135222301858623,0.0035950427718562956,0.007292709819871181,0.009872727223702638,0.010927026992664558,0.01505538811211974,0.01624812778364966,0.015601356204770891,0.013760607710960854,0.009726692185540797,0.008302060224204693,0.008329058090644865,4.338599488933578e-06,7.412325700516906e-06,6.21314255162801e-06,8.467235015522294e-06,4.297603299650875e-06,2.839098335991263e-06,2.2464153022716354e-06,1.8806377924132552e-06,2.0277799722472465e-06,6.1043774871291375e-06,1.54028064415443e-05,2.2180072012449465e-05,1.0798773970780617,0.9737760498925566,0.10813074114781866,0.49281967243517183,0.774884023166252,1.0982892802714321,1.0443160248198982,0.30067756169121734,1.1822161304934917,1.1623432084853862,1.2109178487658978,0.8063960296844863,281.0108772637152,279.94477677367644,288.531483408809,293.1812627542431,296.4996491342652,299.7415582365868,300.9237947591452,299.67790146818623,296.7955439593849,291.8935574421689,289.1753636705947,288.56855636863634,56.37564175786155,55.20215973025986,67.30668288206215,73.34327847904986,50.15624241461556,57.88179698198146,62.45885545031052,60.429994453486,65.41576352904517,51.090071766119834,60.22873930207901,64.62786944900947,1.5801852696319617e-05,1.9383521312011026e-05,2.813649643369003e-05,3.9897372875727624e-05,4.351040156109057e-05,4.632134075947506e-05,4.2631038668396405e-05,4.138948533922179e-05,3.227369740402127e-05,2.690008200946843e-05,1.982365121072405e-05,1.4662714209981264e-05,27.132583152805203,27.38923010355355,26.341813553256134,25.481107626949782,18.840438030382696,21.44052811590084,20.49687402179356,22.709323885814026,23.539486859254694,23.975470005443462,25.875579442022303,25.983110294558575
GA,2016,3.615902040086015e-05,3.847658561306007e-05,3.299459610196015e-05,3.590013192877864e-05,2.4859193851267988e-05,3.531683512814059e-05,1.9638171950939575e-05,3.5521664795240735e-05,3.1894674558881345e-05,1.4325102640384789e-05,7.516962124626736e-06,4.3046886008936046e-05,0.004083526680440888,0.004623011577462391,0.007302377650835513,0.0076465656445615145,0.009790381769404577,0.013840286386472158,0.015592546116159348,0.01660990548185351,0.013839114873032538,0.008864502178807705,0.005748041409120988,0.00567935313054525,1.8528077354568676e-05,1.6858726579612916e-05,1.1050506777482737e-05,8.789420368326291e-06,4.550062877990142e-06,3.2311409767754403e-06,1.425539273526163e-06,1.3841855900749502e-06,2.4075175647262062e-06,1.7581048902746302e-06,1.1413338179344276e-06,3.8840401503178726e-06,0.966126025612041,1.360426988835573,1.1005525013886068,0.3854965745940188,0.6774642237628378,0.6132483618560091,1.6305684000744614,0.9807227095950318,0.6031157402181915,1.2742990000656829,0.3606239442116432,0.5524487307238655,280.5233000580975,283.6305801852337,290.10261777913627,291.786869409601,295.80820777748374,300.3421011738407,301.8734058519222,300.8932633245296,298.88437640493373,293.82522641611286,288.1203924460383,284.74293363165,57.27069498388593,43.64488015954276,55.512549068516456,50.665949732160875,51.123557446671356,54.72957612645575,50.80952152535059,60.46412483442876,46.7415505677743,35.22893874360838,45.695385249319266,60.478790440324836,1.6481712232551352e-05,2.2796851156668235e-05,3.2027175373440796e-05,4.463655681649317e-05,4.2601558014971416e-05,4.552988599758797e-05,3.6659764211303576e-05,3.793723914140797e-05,3.241926377290489e-05,1.6889622011779242e-05,7.449339856201983e-06,1.3784838211430978e-05,27.820727245218418,26.568445056898323,24.478929994822266,24.19764478528148,19.558675608974042,19.821600301115573,18.302615776946123,21.179047352488627,19.91179713498722,16.28370704362026,14.103927236238059,25.276296208546714
GA,2017,5.438760545485449e-05,2.0297919216027113e-05,1.8898432905409885e-05,2.6210422382833097e-05,4.8828789745842284e-05,5.472764986212087e-05,4.239341067268781e-05,4.4558322268539155e-05,5.6831630605623856e-05,2.8510828421750134e-05,1.1111436196500544e-05,3.1995389021404474e-05,0.006072376324181799,0.00612415802361482,0.005562834382329513,0.008760670776755205,0.010678821192674826,0.014919878461401437,0.01642119506232883,0.016088930950382104,0.01326318138351517,0.009916019940046678,0.007058256786552747,0.005492959587234167,9.236435275028736e-06,2.526956405428245e-06,2.6044054805086598e-06,4.410966127821831e-06,4.787669677355878e-06,3.8952974299656604e-06,2.4410187142550263e-06,2.7634957909733807e-06,9.710097073606564e-06,4.143688773228583e-06,1.612015384729748e-06,3.0094275135285097e-06,1.3902672630136332,0.8083659420585612,0.4587544835880952,1.1859197390473775,1.4889430572148905,0.6984154454938118,0.8967079775401867,0.18374187534458158,0.7551898975130162,0.9571860804545054,0.7602017383051056,0.9025630459590128,285.4597417757205,287.5956179959033,288.5706234294042,294.0397741924322,296.0922515698159,298.4337048151251,300.5472372081806,299.8733170396047,297.1279960599232,293.11339348786436,287.2954088222624,283.2228539721142,58.18101997786339,49.03531020486943,52.075384679562845,47.06039314083978,52.139877027813895,74.58250597021654,56.017015968831416,69.04722091307669,43.46009540025456,41.65614463654235,45.46929557161582,64.73117656794413,1.735362295744823e-05,2.3225114743160877e-05,2.9291716064047424e-05,3.415791530886486e-05,4.280082139931791e-05,4.5585268824286546e-05,5.1794059312097896e-05,4.3175210771577437e-05,4.132326314364115e-05,2.7486714375942364e-05,1.6474996518652663e-05,1.3707417020635395e-05,26.600935343230855,24.804927605381444,22.13658877141696,20.044911519113686,21.64008077722215,24.76786562171723,23.96854819077799,22.903321367004516,23.254467546622863,21.24571268489546,21.57123156117832,25.454298524608078
GA,2018,2.71753061953772e-05,4.587893192464043e-05,3.737515062883421e-05,4.2526659352087644e-05,6.107349705729742e-05,3.4850153298905396e-05,5.250486300208166e-05,4.533737062559371e-05,2.7214427023500636e-05,3.399556929966359e-05,4.9919586233098904e-05,8.559464514671106e-05,0.0034202666581620643,0.008262762660392059,0.005226225011198082,0.00722002106732964,0.012649464002953675,0.015907977620403205,0.01666222301898746,0.01643394786453041,0.015886640575259223,0.010498122787845824,0.006754814044630938,0.006067975445227531,3.8036351477245647e-06,1.3214849465295278e-05,1.0533293716547183e-05,8.300324701562865e-06,7.941838823077461e-06,5.092286449939008e-06,3.878200215578304e-06,4.942781354359046e-06,2.3233476573092312e-06,5.432990333488894e-06,9.598081415163596e-06,2.279396123477583e-05,0.9455308687499078,1.0232685991821173,1.4806960495006436,0.6712677691199349,1.2046230561763747,1.098300026685431,0.36628473559358116,0.8323522758911251,0.8157950010220117,0.6691676853020706,0.502736218173001,0.26336911938971047,279.54421596900147,288.78454279861796,286.47461482223116,290.1949168921177,296.9141753313958,299.7205549974192,300.191864967352,299.76793060554024,300.2514655256299,293.9433155377939,285.44563898306654,283.7246197753219,47.28725594736603,69.26636426992738,51.793544532479366,47.433645699921826,65.34222205749218,61.62556518936525,65.67862333936803,64.63570123277204,56.48929969160673,51.244154113218066,67.21095438063406,70.46169724146517,1.4161954677083445e-05,1.9634515300679157e-05,3.115783845094625e-05,4.18556778029087e-05,4.110668482985538e-05,5.577535205863916e-05,5.091116147525147e-05,4.757663698164685e-05,3.4525766080902523e-05,2.8466365860551617e-05,1.7481407912488012e-05,1.3825767713655802e-05,25.910524906542168,27.10455470586057,25.238303858263535,24.847101359552095,22.887283120439047,24.57940587535693,24.55446498419676,24.525276462740646,20.324504215603696,22.21739682130233,26.22568971303297,28.43541951177741
GA,2019,4.2838253970067435e-05,2.936700698419926e-05,2.5677336013450593e-05,4.069094991439155e-05,1.8261141247277458e-05,5.3008055040914905e-05,3.4918553309483755e-05,4.7584101027006555e-05,6.187793871491155e-06,5.692841806359014e-05,3.196318677452113e-05,5.713967097716551e-05,0.004932461217763499,0.006819322813993514,0.005632990280032272,0.008484740483103258,0.012184351969317163,0.014586091165602982,0.015426879142886148,0.016192623417787794,0.013392878350341742,0.011322808005526357,0.005848205864617369,0.005958987066154986,2.774244218472147e-05,1.672333611007643e-05,1.3303301659423213e-05,9.208605191394535e-06,4.55641273412462e-06,4.434257660108078e-06,2.369668636624212e-06,2.050550146227068e-06,8.064417660466058e-07,4.775067216664835e-06,3.1725948023370136e-06,9.029121876995964e-06,0.882937659771006,0.24454046439520943,0.5323382108375334,1.0473616931520195,0.9631748060698714,0.7638763132103957,0.5737770650334217,0.3216812097806421,1.051835209476706,0.7541257426847625,0.7952816959995431,0.44872138095339303,282.5270082402879,286.9946231020473,287.2477871349394,292.2450469123809,298.4909529735515,299.31955454389214,300.7612423348156,300.47698045205306,300.17315067826905,294.7818130082194,285.0652511405789,284.91082605692816,56.75078504133547,77.32820659820972,59.430306041746405,57.30109470920903,46.3834736433706,66.5946611567465,65.4887656930524,57.06988099087397,30.7609573767407,59.813262910572675,49.57778569998279,62.59541202515133,1.7177575370357714e-05,1.968063647259059e-05,3.0825472630494106e-05,4.326091349073979e-05,4.1697732183937385e-05,4.621611753781647e-05,4.714792106850224e-05,4.463832668509007e-05,2.6908839428449867e-05,1.972582576515351e-05,2.0613385555813984e-05,1.6335525137523678e-05,27.35177634764612,26.766071269474455,24.564802803924835,24.196574951666655,18.46178262087998,22.513295220356028,21.708772018591773,23.062918599259763,16.255959265025343,20.97873459699214,26.49041758152656,26.86861248319407
GA,2020,3.7855492629091894e-05,7.912672285761522e-05,4.67966709424014e-05,5.252840166268462e-05,2.485106862367605e-05,3.177118028392708e-05,3.72275567846616e-05,5.0590113947343594e-05,6.644067856818563e-05,2.4539631528450913e-05,2.704687614732374e-05,3.207758164662938e-05,0.005488410286997203,0.006035396477397374,0.008743585770787937,0.007601429476632545,0.009928229843089604,0.013726093508310885,0.016117715744925227,0.016599772244501498,0.01378683712187478,0.011158546650604173,0.00765185866252695,0.004736440115077375,1.1277051623663812e-05,3.759633684961725e-05,2.8393723900088128e-05,1.566803592684641e-05,6.5191030950236245e-06,4.681273690016558e-06,3.0153562787375353e-06,3.085000990859235e-06,9.459770124529064e-06,3.8127215719971115e-06,4.055786189801707e-06,6.4175610003729894e-06,0.3686648566394668,0.8076361346134447,0.8868702095586601,1.1429182766714854,0.16056519731667224,0.5444203394413554,0.6755388356472675,0.7870495997771089,1.345170685672379,0.8459723005370775,1.1898721189412809,0.7917080644798787,284.4512001258602,284.786084987798,290.96151326954345,291.58246450129604,294.90940900940393,298.82746027657856,301.07505113254024,300.1615458217307,297.20714177853637,294.10072178788397,289.6461243848693,281.72813526275036,60.39120139199829,66.02656716050173,70.91722236631568,52.220697524707006,53.95316875456854,64.46538684513826,54.200613329578715,62.49439446815968,63.999585552395835,50.30989741989287,46.09516608714066,45.44937223996134,1.7277700932757532e-05,1.992881914249854e-05,2.94398896341245e-05,4.4941688409658545e-05,4.58624422620957e-05,4.430139833404068e-05,4.603264812503258e-05,4.2447855051722286e-05,3.747516623893083e-05,2.987418122177283e-05,1.9769981963812597e-05,1.5355775185777342e-05,27.53640092906632,28.08341375642089,25.771313625356935,23.458511366660094,21.42928141395915,20.93359127859519,20.994721883060706,23.55618487577771,24.568064122322326,23.081116056248703,22.634063230979308,26.4650389310844
GA,2021,4.498259758822912e-05,6.344380531276807e-05,4.519121082407962e-05,3.0104262158413527e-05,1.6177991640117085e-05,6.380472365692216e-05,6.035384574587771e-05,6.031016636233912e-05,4.460952329711454e-05,4.399281204518338e-05,1.2892719144025897e-05,2.8682736616583408e-05,0.005015952888641166,0.0055206347196325506,0.0069880130164509235,0.00698154072536408,0.009595379848516347,0.014566727028019064,0.01652026235653953,0.01693185975348061,0.01339500670852798,0.010754374179119097,0.005318530659850251,0.007682408663873256,9.44868958915406e-06,1.6817004919866904e-05,1.924841028375951e-05,1.3245609280335714e-05,6.154952458562844e-06,6.62452254873263e-06,5.641211590690801e-06,5.91581996011699e-06,5.696097398282916e-06,9.301187604828072e-06,4.136677467163981e-06,4.757499814765683e-06,1.0756852200015845,0.49545201411861556,0.3893909959555934,1.0000032587294743,0.42279013930668724,0.790178306951149,0.7284505764124669,0.6779305417054541,0.29080657525188136,0.02600417989372851,0.9428699563063871,0.942753984481774,282.5856713298875,283.53843501180756,289.14828339495034,290.8618596653948,295.1817925539611,298.67919339707413,299.5438776806736,299.7947580312301,296.89772513908554,293.06397028468746,284.8682795937606,287.27617225142797,57.198949482225125,61.321835215116494,63.534997183183705,47.69314860908469,56.006536593269175,69.30447156730332,69.33196545914764,66.38680612014902,54.028676868129246,53.6192225623603,35.58414394476829,61.9838281468425,1.6073714411200747e-05,1.9432991533596696e-05,3.1614126587795163e-05,4.2713936965145474e-05,4.1554608566286213e-05,4.5670386861027454e-05,5.2037401898450626e-05,4.798593144464339e-05,4.143465829464719e-05,2.9850330159642044e-05,2.1491400668954355e-05,1.4036075779917202e-05,27.830244811086473,28.4965958940916,25.393407558891305,22.92166090235319,19.05345403439703,23.412179829958,26.539213146297442,26.085582906154027,25.323141692564793,23.97852733866676,23.444077628569453,24.40633104009949
GA,2022,3.507512293703565e-05,2.3958791579810587e-05,5.031542806934177e-05,2.6617924845958195e-05,3.435004622960429e-05,2.331694555036764e-05,5.532789650065349e-05,4.726270141258511e-05,2.860334546789869e-05,8.711289641480205e-06,3.660494707364665e-05,2.9221578520722742e-05,0.004269507184119233,0.005342645255564856,0.006289594218319373,0.0075092906535867785,0.011747955404858842,0.014229888539337794,0.017048487611497486,0.01631614459632818,0.012327800598829234,0.0073093387407822405,0.007135258083522197,0.005190888770418405,9.731252008230848e-06,1.0972704818079398e-05,9.891270714817136e-06,7.5629629138727005e-06,5.021963519604788e-06,2.2569718396632465e-06,3.6432108094028534e-06,2.246859992991518e-06,1.1163318929604543e-06,4.5381997402393253e-07,1.5838063786767129e-06,2.392147973663897e-06,0.9252542780436881,0.2596921481973185,0.9073957505113065,0.695135572986515,0.7568725526237001,0.25172121687510446,1.4935594232531113,0.4855906773493591,1.068716934015852,0.7365037847692495,1.0827459382710023,0.2862231459960958,281.34948784732086,285.294883885187,288.87171532583466,291.6050337897579,296.68611286274046,300.4828753640951,300.3374675905087,299.33594513868377,296.8488839466615,290.5788333076521,288.06122354717206,283.0465493962316,48.23216047000848,47.44448580731438,46.30358132512216,42.52819866263886,51.87720987211015,61.86236839170517,70.0199180731509,72.5074569651423,48.654254555215424,32.24356098384248,59.13146297134932,57.44646569316756,1.7863885197591254e-05,2.20550498325399e-05,3.3481542610076784e-05,4.27008218043043e-05,4.1674179281374436e-05,4.156029411341192e-05,4.913099137231457e-05,4.2146700174742674e-05,1.1980204644934601e-05,5.6396452960950635e-06,5.545036915419904e-06,4.385606718014427e-06,26.592858392197527,24.48709117061721,25.131052886601765,23.105073039756334,19.895586377293498,18.770714305150964,25.285440737579673,24.558661006885163,22.45306803438455,16.154888505995512,22.883141305679462,25.693343586597262
GA,2023,4.588362897357703e-05,4.022638119601179e-05,3.7810729036910104e-05,4.648629367910234e-05,3.159846328813681e-05,5.996474836113592e-05,3.522067597563412e-05,4.565487592030591e-05,2.1456034983054796e-05,2.32574477928913e-05,2.354442768077709e-05,4.941509604573801e-05,0.005787683723612575,0.00724827756619365,0.006478853932945432,0.0079814703415403,0.010412181649028362,0.01352239849995886,0.016406741004224346,0.016505317042747734,0.013070031047277436,0.00894048704371383,0.006276777166689005,0.005438292610783508,5.021604208259027e-06,6.434129177407725e-06,5.179301957287302e-06,5.1548352835332745e-06,2.6284445786295977e-06,3.1488803912271172e-06,1.3199916677707481e-06,1.290250279008367e-06,5.256150320401579e-07,1.212105593170057e-06,5.702507187259772e-07,2.3043899955587365e-06,1.3660199373030935,1.2009754319730561,0.7858585948790319,0.25758311213244806,0.6235512169329241,0.8012592351403157,1.27241440594851,0.40544966280005185,0.7123885117303965,0.6216682879757603,0.9935239044575928,0.29545154294981685,284.6911171621485,288.0581010484099,288.9487151276602,292.0971144915743,294.660189704143,298.0328247951978,300.9660565314451,301.04899126785466,297.1686707035775,291.8334759133221,286.59893126243816,283.8617390809872,56.560835652741495,65.0755435875146,50.092482784361835,58.84516635897934,63.455191295288635,56.733533925646775,61.250357074452175,53.85238065584469,46.68929784606543,40.7766100486552,54.092675602537334,62.25880559080783,4.880687246045554e-06,7.2028331974968e-06,1.0032116074598843e-05,1.2738609775372645e-05,1.3975288290781913e-05,1.499068826415379e-05,1.5472774494890327e-05,1.3695884954410735e-05,1.1367647938680213e-05,7.540057809192537e-06,5.411341960283544e-06,5.086862260857432e-06,26.21020856313296,26.590632736650853,24.849273262746696,23.843741432733644,23.482323517297655,23.31710304853825,21.795552163068784,21.196988392372237,21.640696679281206,19.86389183718335,21.018643935479044,27.115562810973653
KS,2000,5.78132465152393e-06,1.663460965862723e-05,4.0942289326796464e-05,2.339802115097568e-05,2.965005085994146e-05,4.854876197507504e-05,3.648751525185141e-05,5.635852382875883e-06,8.917192698154899e-06,3.632034522185906e-05,1.3421996946682547e-05,8.076310474180115e-06,0.0025568298235966115,0.003384799106870773,0.004597611086753679,0.0054079677769946054,0.008975834360896906,0.010842954123113802,0.013998637768550646,0.012338473979244615,0.007595517478362955,0.007106019864200366,0.003105130702093753,0.001979961241646641,5.318039609616861e-07,1.308046023410327e-06,2.265097882008063e-06,1.554139426765084e-06,3.514279604268106e-06,6.98675993738953e-06,3.576841782469172e-06,3.581274438508584e-07,2.92641579847806e-07,1.5944760657873868e-06,7.186752004453031e-07,1.8648150017782824e-07,0.5640504727759614,0.9888362094559769,0.5395037679429441,0.3410813114461355,1.441168372469867,2.0072967442941247,2.1325358379603414,2.488339196581521,1.547647580230584,2.2282947183235216,1.2143120596452035,0.9101464954810491,273.7447796320647,278.17188770773805,280.74877425750225,285.5131754229945,292.6851223477253,295.5011072164247,299.1958500339018,301.2994718697323,295.29517480974823,288.1827699795349,275.39785153376425,268.99261707172457,48.30822744582295,48.74574529060956,55.46250510902245,39.13930921959598,48.49248231013535,50.81193844512889,42.56601899551885,44.78989454118122,24.748558233299576,46.7728527474336,41.52309059849927,52.049295594189715,5.367903356561595e-06,1.116222028484761e-05,2.0153681374007684e-05,3.224424168929626e-05,3.9097992015379335e-05,3.870343160476399e-05,4.41252293942715e-05,2.965738747888475e-05,1.3925686134532159e-05,1.3716878307680097e-05,9.579239523494137e-06,4.024668739541089e-06,16.654888735453035,19.132003678349417,24.34882721408194,19.849558282409564,18.166990015308613,17.999164685269943,17.374641449533343,11.588534650655019,11.396569411183537,17.97655374018842,22.55330516688262,19.500523311962315
KS,2001,1.5273445984010096e-05,3.084675484154049e-05,1.902610583119827e-05,2.8030571337648766e-05,5.5990496901700916e-05,3.977760517287562e-05,2.292647673668187e-05,2.1572836514644523e-05,3.397265460032625e-05,1.4315049649080155e-05,8.197982398818986e-06,5.5878868981388075e-06,0.0027644835867556175,0.002827407525982775,0.003914265282893667,0.0064586741097695695,0.008981297316854995,0.01143606985974874,0.014238527552416442,0.012466528739491263,0.009830625914401191,0.005607804843431715,0.005115386320976294,0.0028582950268882423,6.32870895268266e-07,2.5496526521243513e-06,1.4053697299214045e-06,3.905024531799662e-06,5.026120715602697e-06,6.443654777366273e-06,1.6430809457161818e-06,1.4363501298147622e-06,3.243163987779325e-06,8.246206227315653e-07,3.0474607864323157e-07,2.8450294567421337e-07,1.1841458771741926,0.4032890772960091,0.32745955831410295,2.1774195584372524,0.9592058943266695,2.3198183035262736,2.6759097520679687,1.7739478322603055,1.620919754359761,1.3552119614899059,1.3477936403601944,1.269525961722565,272.590696520815,271.985430970659,277.7650229634836,288.036443035348,291.54809399948704,296.2023879074954,301.68624794407117,299.4507149983168,293.0408743284857,286.8762461510118,282.7582367537291,275.8452212828677,48.8052555414768,61.997642671215026,60.7473927380705,40.277501473440395,53.64307621694929,40.29300557793605,52.44788524813379,36.37690636206046,36.74504232103196,33.871090692056804,48.033603840753656,32.10690562501138,4.650680518964926e-06,6.382104202862081e-06,1.6977275699432912e-05,3.5432032874352534e-05,4.313240819536332e-05,5.078846894796729e-05,4.047956021141363e-05,3.241259395391487e-05,2.4796004270471886e-05,1.6545212315892835e-05,8.22247176694283e-06,5.4718825125680145e-06,21.5968355566304,25.413389126125733,24.753267670463785,21.973205074133745,21.28381121036934,20.22418285090658,13.414709895979483,13.840241012988264,17.66612074506968,16.864582182124686,15.154036786707612,16.96221225499701
KS,2002,1.2267825320981409e-05,6.513260002718576e-06,1.1074236592196976e-05,2.7640534569261845e-05,4.247626299958341e-05,2.334344339667589e-05,1.4560568590104563e-05,2.5417410014766907e-05,1.6984051002215433e-05,4.011427890075574e-05,4.012139632308164e-06,6.20145302228839e-06,0.0022384350136535106,0.002527850442831529,0.0027464153842776985,0.005787682708755852,0.007820004115417983,0.012096752063782865,0.013100270793013152,0.013114291734743174,0.009696772127720646,0.005812705366078646,0.0036519001528190586,0.002856790616663818,5.493310967384946e-07,3.4195384890528965e-07,5.173188497371883e-07,1.4367983757986683e-06,5.5023466461318846e-06,2.287498291739037e-06,8.947925419617252e-07,1.565348555311118e-06,6.568890377800593e-07,1.6767036305308809e-06,1.5290230719362755e-07,1.5987554594592858e-07,1.17256865321116,1.549748360371932,0.3925384821296143,1.6813877165944802,1.6241769630793501,3.4033357079109536,2.7032502576765944,2.3671477560322662,1.50951446976707,0.46318306015269906,1.3950947718593816,0.9713202088646036,274.2504050600522,274.8601657418668,277.02878347423024,286.9272966465299,290.1855762789411,298.3264903058987,300.6136778252896,298.8930341371421,294.5674322532792,283.39438182666,278.8007702971216,274.70539607085414,44.62290594081175,42.00077730738342,45.261776382995244,47.22825636007528,52.098050836901436,40.43799297680091,39.557075319592194,46.848580608089534,33.15256120518831,53.80117241785292,41.58542588585371,41.99364725175498,4.781769500687439e-06,1.0076317295804141e-05,1.30560115403559e-05,2.4849299669390894e-05,3.321914212073418e-05,3.8948464318711444e-05,2.537628886971999e-05,2.6073031898302118e-05,2.1284792877223758e-05,1.5672142080787184e-05,1.050146702875069e-05,5.20726361510837e-06,15.696677537338436,19.40462878126604,18.214110898273702,17.883254699599046,19.630053446230644,15.660899135950867,12.178580003058327,14.203283475504094,14.317743698651974,20.707968640329742,20.246794685931253,17.998395113099765
KS,2003,3.716479016645295e-06,1.5171781822684986e-05,2.2762830451442273e-05,3.256798975172376e-05,4.1865289642656654e-05,4.8371410689441054e-05,6.934726714570238e-06,3.182403195458646e-05,2.571773396058453e-05,9.66046416943686e-06,9.560224575689608e-06,1.2343566761501207e-05,0.0023222837735281,0.002625413248344841,0.003974204405787237,0.005776287459673565,0.008545726193808473,0.011329899887235938,0.01266324860267179,0.012507801540580277,0.008473487265929749,0.006258632972535836,0.0036980033831472427,0.0027686647468028332,1.3116503155749438e-07,2.617747712242102e-07,1.1487705013404892e-06,2.039276867851419e-06,4.909733100909442e-06,3.1535532767902022e-06,2.76141586897088e-07,2.644629655774562e-06,1.3692558393775748e-06,8.032800280355406e-07,2.465285679084859e-07,4.517464629648041e-07,0.8957741094019164,0.5766940342623978,0.10981424235786709,1.2202414062180005,0.7993686705992368,1.264448647511045,2.303526930297841,1.5873618472391475,1.0242600870414453,0.6413592374747212,0.4837835392038808,0.7786988248881969,272.572858069551,272.6304515284646,279.4072329701149,286.61178956753815,290.51990022868875,294.55238073311165,301.09498694991066,299.9736835813042,291.73660658192813,287.71585148316007,278.8980034272598,274.81934444778585,39.86759043621332,61.5552580208505,48.08441197027091,45.39716859289235,49.95439343899656,53.56895434321428,27.562829921342093,41.80537588022262,35.44765224871861,35.675448865243666,55.02346068594268,43.05640348632408,4.474650288953318e-06,6.401994879013187e-06,1.7091018199633203e-05,3.0365988859301516e-05,3.826580511572781e-05,4.438308769088408e-05,3.71730101797655e-05,1.9864876339478758e-05,2.727478365289186e-05,1.5019848800852338e-05,7.157541944652528e-06,6.093442771421664e-06,17.446241585706478,19.369279611161524,22.044831432177137,19.996821811398544,21.01327137236683,20.85268944808757,12.524802614834837,12.014017657139348,18.147586550910905,16.372536172427008,16.152508943728883,18.715058412399877
KS,2004,1.0437891971889858e-05,1.6148715768469348e-05,2.7245453790696678e-05,3.151846399492922e-05,2.739280774627323e-05,5.317628577405565e-05,4.504297108218694e-05,2.156081039616992e-05,1.7310954133645988e-05,2.3058740942636207e-05,2.805502783405969e-05,3.1718897306151648e-06,0.0023579532461106287,0.00271497531315572,0.00443705122841188,0.005606196921921837,0.00887002242944255,0.01088106136431971,0.013466314405565451,0.011653396362361243,0.009216813101240182,0.007021357509070726,0.004661645631106386,0.002852804968702389,3.540793983540771e-07,5.997278480671697e-07,3.137820314562572e-06,1.5867445434633305e-06,3.7290600011474376e-06,4.79510349291068e-06,5.06526018790678e-06,1.2116251156208437e-06,6.990581570726974e-07,7.784486726328744e-07,9.7740947949217e-07,6.793823325220552e-07,0.4796004690478167,0.38127017457415924,0.7086396574091473,0.5882034139899208,2.1299164311865533,1.6243973718272626,1.2504249788233601,1.2583594845914619,2.9513497878286903,0.6657387466052922,0.5542667096255327,1.2806539446567518,272.2618557553858,273.1200436568092,282.67231154197117,286.2880949029054,293.0146789061972,295.16173140653115,297.44693298468263,296.0079133801866,295.23869761652725,287.72090748335904,280.08309534397273,275.22830053266085,52.33274908511147,57.42468220533732,42.32183580736196,54.678489487800164,45.282447499623984,59.363003341627284,50.4448232021835,46.5463047444648,29.33853340173093,49.80420549749012,68.83644438293965,36.261869800898154,4.162178597240084e-06,7.513383301879826e-06,2.041211775777515e-05,2.8724641581666607e-05,3.606760221368686e-05,3.596722782657104e-05,4.707559244476687e-05,3.57566360793769e-05,2.1715002988634196e-05,1.6704161023001886e-05,9.958106586806713e-06,6.498923548222634e-06,18.449380236261263,20.616835927914362,21.380598444423732,19.448847327905877,17.55060928351534,19.773285078784912,20.075887410011866,16.182780873898746,13.359853736363762,19.03882556080815,21.665476573285403,21.179383879118664
KS,2005,1.7283599254810068e-05,1.927525104174463e-05,1.6824896088482618e-05,2.4862986462107814e-05,2.861605659952658e-05,4.526572776810391e-05,2.4996083712134236e-05,4.5519410622335636e-05,1.2137848713336281e-05,2.4053590408823073e-05,1.014867082286724e-05,5.3363466264927745e-06,0.002747060441227142,0.0036749646137887795,0.003526897349389051,0.0055710021774236194,0.008011864026639899,0.012064293629910485,0.012401130612729452,0.013054620551858345,0.010432803476661704,0.006555805188600719,0.00367667197759496,0.0023905243397689666,1.467967937572392e-06,1.0283363150123896e-06,9.444420788290649e-07,1.4616113652895253e-06,1.8565083716367914e-06,5.078061213291901e-06,2.829089763474453e-06,3.7987984747287432e-06,4.988678966290788e-07,6.610433536712014e-07,2.4553688213800547e-07,1.4217721027484441e-07,0.37175535856295383,0.4107286936251095,0.5544370131885814,0.4373809657903139,1.767614426146188,3.036235349221241,2.560907256159326,1.4923350477228028,2.266480728721463,1.0514904852650366,1.4565955377693849,1.5525355752171894,272.14179985570166,277.09917046707653,280.3741415167061,286.2436131493775,291.5227390718487,297.2912840068654,299.7379561025598,298.31796158505534,295.72960612832594,287.34056823189536,281.22664396200986,272.5983140318284,58.54791772159231,56.230661839480454,51.371346047909086,47.96294550863561,51.179801667095134,40.926786041217206,27.607664627148864,48.45971845782945,33.02829383011309,36.69787103999983,38.51169628142891,42.75390398643096,4.502955013627044e-06,1.1232019601725166e-05,1.972639264394512e-05,3.148322172587007e-05,3.649901060360243e-05,4.801966985233717e-05,3.7811253266328314e-05,3.065954169654761e-05,2.5321451475757956e-05,1.6462888959407472e-05,1.0840171596586454e-05,4.8867510454749506e-06,22.481776767239673,24.044091451155733,19.975725362889566,19.818975123367213,17.4833914190099,19.36949566775214,13.990351209201922,17.46396022388853,14.158635407697172,17.777908752266832,16.20982368434934,18.66510129873318
KS,2006,5.168893344476115e-06,1.043359415580169e-06,2.574577305965631e-05,2.6310692088622892e-05,2.7106568840555288e-05,2.5178255031523967e-05,2.213632429159754e-05,3.926326897207585e-05,2.029628988915134e-05,2.153612621020002e-05,7.072784737836235e-06,3.2031868719356025e-05,0.0029458115359021785,0.002009235645717942,0.003502469888480696,0.005556468700741016,0.007787725503536637,0.010588330131858543,0.012294505400057045,0.013375642827891554,0.00799742975167681,0.005681556870562978,0.003766157101915403,0.002870161632638152,1.2674356864734695e-07,9.398384512298169e-08,4.695125177082385e-07,1.932098618957221e-06,2.5241655882981874e-06,9.827702908258094e-07,4.1970646997384796e-07,1.5132216855959128e-06,4.996569614045867e-07,2.466564907247744e-07,1.069976042730239e-07,8.255923184386318e-07,1.6295737760106181,0.9867968561985861,0.6518107285563698,1.0742449573037913,0.4537427745017827,2.157333099635939,2.1907820038638404,1.4058263793023345,0.6272005972731893,0.21442216576328402,0.3804488216430255,0.6857569269985896,278.45635487633456,274.6671736157264,281.0647227799407,289.17116954299837,292.51138690975114,298.0177800862406,300.94413231666164,298.95917155885826,291.5695842170414,286.1347234943651,280.4151686566807,275.75424282327543,36.333160827668884,38.456020148421835,56.053021531438965,39.89110783110425,48.43534690900857,40.147916407121784,43.384249681335156,55.6209712336932,38.832119415112906,48.370020674416644,42.71061079078247,47.98421630361111,8.15908407642681e-06,6.1446634588369024e-06,1.4356827831905459e-05,2.682525117773523e-05,3.042679085076709e-05,3.752451176981943e-05,3.0510064737304687e-05,2.831064447336945e-05,2.6035507917523044e-05,1.4331457590062357e-05,9.460285378048926e-06,5.6855255668897605e-06,16.537911168975036,14.088743266907287,17.390659031005146,16.25569052627826,16.952414845387743,15.21639119035262,13.343220240162397,16.314672231523463,16.97282629496996,16.881696070517105,16.354044049346662,18.865769684412783
KS,2007,1.0531464314245358e-05,1.124562358193749e-05,3.719014125761487e-05,3.1442543586654796e-05,5.307122708201189e-05,5.3806550717279254e-05,2.290278859302156e-05,2.1830596525010983e-05,1.341764515701443e-05,2.5556141502116557e-05,2.4865089148791408e-06,2.361275660300773e-05,0.0022752559474776214,0.002490300283095034,0.005440356337309169,0.005213291714151492,0.009540874307282095,0.01196545367579933,0.013334915417266035,0.014053385460920888,0.009762706669509486,0.006349554042452959,0.003139236883366412,0.002598571428591854,1.5182386440800132e-07,3.6120914584979243e-07,2.7050096657835806e-06,1.547620135749557e-06,7.826173957182078e-06,8.471185405921907e-06,1.7241830663854774e-06,1.420212434836712e-06,4.589852270220564e-07,1.7269984582571478e-06,1.6524242010454293e-07,4.1263296232742753e-07,1.739630798059638,0.40323130890635306,0.9980177331142588,0.6002748889450754,2.361449768367185,1.7422701760205705,1.9224146117949328,2.732082001257259,2.2959589665045206,1.1560613169982534,0.6009343109091728,0.8181877577641715,270.45054533019504,272.5063268994666,284.36532388245007,284.1499054167203,292.2961435372069,295.8274786685173,299.05084517174316,300.78710704881604,295.0788033479895,288.7727592460215,280.22978977755514,271.9764745594813,39.04315669076781,51.743805881543736,56.597536391297446,45.76196201812338,60.26213352223952,50.87369430932595,44.458396191049346,39.45683448034224,33.75953909912304,31.677581378415592,28.038644817444553,53.21831144478898,4.920428151510872e-06,9.044417564768068e-06,2.1761149876800306e-05,3.209838381621786e-05,4.116721825016055e-05,4.434992359529842e-05,4.020144950462828e-05,3.543002226669127e-05,2.175837432223382e-05,1.699865936734113e-05,7.170638839109964e-06,4.938685685397132e-06,23.210587842153572,23.77339081991605,22.039238293011955,23.821256812882574,21.868494406770235,20.22540530412013,16.017888317821548,14.585482099740192,14.056606924242399,17.15117568157179,13.28188131586058,20.541214009904966
KS,2008,5.962219790068559e-06,1.573775577497693e-05,2.0273983454255892e-05,3.564598812010107e-05,5.795186524992439e-05,4.245275898113089e-05,2.6070062422564513e-05,2.756366668619262e-05,4.1440859687763864e-05,4.130163189268097e-05,1.002885831136899e-05,8.240966503410295e-06,0.0021934493812989673,0.002505214171494337,0.003409890364168808,0.004543418336238643,0.007540908959985554,0.01114637153602321,0.012714843713407618,0.012757508186959268,0.009415315340760132,0.006116441622657112,0.003830142199053974,0.00221914128406944,2.5302867933788203e-07,9.279973231663024e-07,2.0003050742712095e-06,3.867134671770965e-06,1.0389606832823859e-05,7.951396724465756e-06,1.4935423756602563e-06,1.4698693316466422e-06,4.92300050181804e-06,2.442463457757501e-06,6.949656199133401e-07,9.684422328726561e-07,1.3862686733720053,0.8752948968161991,0.5524196650343065,0.1446895362595023,0.7427272876556813,1.7968979077151859,2.6099044760472023,1.9857252843206736,1.3198188176408068,1.0183150790463198,1.013324477524702,0.9362806800756359,272.49640383295196,273.3836662608451,279.61989185274683,284.02753211752537,291.0369050629043,296.9610055388106,299.4805776232834,297.59361376453126,292.5670312825589,286.4567582667465,280.0280450965665,272.63181065603146,37.23664186426339,46.8261544149485,49.298505417690556,49.34897026575462,47.51421646606267,39.61431478066209,45.6450722553816,44.96190867335166,38.842949916384676,37.883432282174034,40.1223183331625,47.2743041021922,6.717982297524935e-06,8.629261890327917e-06,1.6036369561189905e-05,2.8867212100600975e-05,3.803190727624798e-05,4.7870582002130037e-05,3.735403723222912e-05,3.475528246470196e-05,2.706680353085009e-05,2.0795360971394336e-05,1.2518026335450215e-05,5.456952177431776e-06,21.532051162087036,21.74249866629305,20.025208046541067,21.621259571938218,20.027253980709244,19.480338191107197,14.908248497763026,17.093154794547832,18.93979339440428,21.318782622477755,20.276451409336865,19.69313839602007
KS,2009,2.2436660212463694e-06,8.291595164400176e-06,2.1734310322626014e-05,4.4403552357883074e-05,2.84611652795832e-05,4.716045956918976e-05,2.397794270591752e-05,3.4099826764995475e-05,2.524329808999226e-05,3.95863084995498e-05,1.2915037478639896e-05,1.3486813003161727e-05,0.001953923371707398,0.002634173152506733,0.003322731494463538,0.005061543705283557,0.007764020464894535,0.011940141695504817,0.012153682902370096,0.01204249837986519,0.009365481375311223,0.005384017164927178,0.004756510648500449,0.002194263705235098,4.3184410715645726e-07,5.71401637708955e-07,1.4320447967855793e-06,3.3009603574907246e-06,4.492195703715449e-06,6.005007405069641e-06,1.3484056457472272e-06,2.8109306932087503e-06,1.671524030899131e-06,2.4286189947336216e-06,5.440185334328456e-07,5.392961086265701e-07,1.4812527616034674,0.1501362127444696,1.0034572808404147,0.7703268121146888,1.0802978734310897,1.461327929769581,1.1210213378729332,1.6047900545163265,1.2198029661053789,0.16371046357024963,0.492100866421622,1.5982441367104234,272.8214537330289,277.3159648647283,280.6210562782686,284.94016292338966,291.02873191931997,297.0992529127706,297.93179937213495,297.00737394368394,291.8244749567228,282.7363335884811,281.4940720451364,270.1287166796947,37.26143111544647,36.456518058101295,50.94685779876803,54.78971719156996,53.98192677684042,50.26868122590859,45.05131301167998,36.86800775476335,54.2229187331838,56.91300413448192,43.87518450736433,53.41355475757044,5.0739642963730216e-06,1.1276062934682061e-05,1.5735922449077122e-05,3.0087211707185188e-05,3.885772003110922e-05,4.827019959278783e-05,3.496973730554972e-05,3.5153981499135195e-05,2.4062906476202258e-05,1.4135989515079326e-05,1.2168318600803349e-05,4.283848097329941e-06,18.435969042469317,18.331428035673998,16.920811787771584,22.249206849355783,19.91637141480834,19.443631352655192,14.020782144283357,16.467091630872442,18.44061959532957,20.913685648742753,22.87093667532295,21.697867161752196
KS,2010,7.369666995844151e-06,1.3881075953713616e-05,2.4663754232296072e-05,2.4912626002321904e-05,4.776680142902697e-05,2.821951294432505e-05,3.821521929863566e-05,2.1745776396290933e-05,2.8290028547891666e-05,8.792950457054005e-06,1.58017148729117e-05,3.90355737245261e-06,0.0022789866694073123,0.0025362327527693788,0.004103632621064995,0.005715185772010429,0.008087010764059101,0.013200051886017326,0.014986433403579214,0.01285379108757923,0.010123875129735494,0.005572737432893814,0.0034877293089096042,0.0025044442846136423,6.468175494948725e-07,1.0001229910824407e-06,1.6287573590107406e-06,1.8741110231117112e-06,5.758704608688931e-06,3.129900351075645e-06,2.464164610981846e-06,2.345893977156965e-06,2.699970294791e-06,3.424898903574394e-07,6.47186627332444e-07,2.415957153352129e-07,0.3662052050549355,0.8371513896764089,0.8149062966343488,1.846206133970288,1.4435817845888577,2.4445310204745954,2.6560844363684404,2.1837227583877192,1.7532872578915095,0.819760254186333,0.6957314693295888,0.11861231781625813,270.37599962628394,272.09948034008,280.09304899833046,287.9204625402047,290.327385287785,298.861938783994,299.9912657444345,300.1306698153111,295.22332730225344,288.3251217607586,279.77163337794894,273.15321065634964,56.37800183160013,60.478134805576325,57.28621851034487,51.63071779992136,50.4827318931593,42.06464336915979,43.32015663375476,28.80741998670564,27.5684506451787,25.490619266808178,31.93444067849268,50.87442008909141,4.012117468695929e-06,6.659208654138331e-06,1.9786229676745765e-05,3.4506985008498104e-05,3.890254344908389e-05,4.8697700474276366e-05,4.1473124689054635e-05,3.160617426101306e-05,2.2814468595275466e-05,1.4938932907985714e-05,8.847788247853442e-06,3.7002133020982477e-06,22.365411415072337,23.741941522805785,23.964592746678417,19.402127251162625,21.04662374484922,17.1158745836965,17.477267859518836,13.421141855333163,15.939287166937616,14.575753430897143,16.964688512305678,16.06101856112324
KS,2011,5.9194690041455715e-06,1.7382667765899563e-05,1.6561380840686135e-05,2.424065032909082e-05,3.797143422026794e-05,1.8090576389016514e-05,1.0586668199041733e-05,2.062154674847612e-05,1.4784323050900632e-05,1.6926474187403465e-05,2.65826385793282e-05,2.3999577109560978e-05,0.002105559604237129,0.0022919797391523144,0.0038777116052325505,0.004914035762541333,0.00684430879150939,0.01082873247142449,0.013500806453817052,0.013532491437101203,0.00720891807453633,0.005164903377191549,0.003525650219812201,0.0029924290087218882,2.396564785067688e-07,1.100187014038756e-06,9.970712139178938e-07,1.8210765420172368e-06,4.640236167449058e-06,1.2965779619628336e-06,4.091628436922879e-07,8.999655378163717e-07,7.118898521227204e-07,4.639151216905084e-07,1.0956843108383883e-06,8.120978187516545e-07,1.2060032150962243,0.8771757875778057,0.7762357713331346,0.42066824244161183,1.1714189792181149,2.02549943457485,2.526053675024673,1.508779669708491,0.6963765144423855,1.3312715712577037,0.8334363772836808,1.1053589679145732,270.64350108782946,272.6796074455482,280.0608923070435,286.52175632980504,290.83236590596215,298.79808617189127,302.9491916238128,300.4826131192399,292.6736579471844,287.7189292240849,279.8583568137471,273.8711744302203,42.39919731661287,48.56232170890577,55.759027130947395,49.24197276127358,49.62761704558935,35.21503032314727,37.368492761288046,38.04527135934273,33.367098624153385,28.309499803334987,38.1952770427018,41.48551515333323,3.698125803548909e-06,7.68028193807906e-06,1.597977535459232e-05,2.561548276125117e-05,3.115503456017048e-05,3.726816728575367e-05,2.2394913825997948e-05,2.3861632610905342e-05,1.5011098287237077e-05,1.4340793582662034e-05,1.1446493672176033e-05,5.865637919254339e-06,18.313253548618416,20.007305125346022,19.950421526690825,17.933870375812536,17.421179124982203,14.419024409982214,11.101473042800736,13.16239096912858,12.893264981666928,15.015923752197613,19.82471953636663,22.884982238217486
KS,2012,2.0986556447414447e-06,2.2581326652075424e-05,2.8874734196817673e-05,3.7768476009025194e-05,1.188823886398786e-05,1.7328035861148284e-05,5.643744094470914e-06,2.3887127526656888e-05,1.8494713761979082e-05,1.3635056508262714e-05,4.584285506637861e-06,1.1514832550572186e-05,0.0024774032982792793,0.0029354024163072276,0.005395057098420483,0.006708055434064754,0.00804767380127546,0.010440099013099554,0.011235276171135357,0.009997436012097407,0.00792182260295545,0.004994349366054963,0.0036562168768614865,0.0025931753062661757,1.1101550925616129e-07,5.980914047095476e-07,2.9272621597523867e-06,2.787524796533903e-06,1.0148156435904907e-06,8.821619801510777e-07,1.8923156122278317e-07,7.37748107649624e-07,3.8885343974794605e-07,7.868524914460079e-07,1.975787010589378e-07,9.701969621007897e-08,1.4047270657981248,0.6522697055445792,2.1297666703544853,1.0431689183221884,1.7377885544765568,3.449781809562734,2.363187172020277,1.177550745724671,0.6920152332052686,0.6850795180680118,1.2091235773693902,0.6470487560082362,275.37680535826644,276.042972324896,286.56766071956247,288.6492238102105,294.6112735465185,299.5272460437161,303.0170325079458,298.4168704697099,293.71724179117933,285.8784367946482,281.69347906756485,275.083890288475,29.983171889084936,50.480425171413934,37.49633204290032,51.271095713074274,38.16442884648359,36.305937461279534,26.160077999663528,34.42629869776741,39.27157014502589,35.1478123608353,30.768700041245182,48.240943102743735,8.49118770991739e-06,1.2055378129509306e-05,2.4417413118977643e-05,3.3931692159622096e-05,3.379420561203097e-05,3.153606101068122e-05,1.643904992922619e-05,1.841212231562407e-05,1.976723923354226e-05,1.3568843244610244e-05,6.4878108195816596e-06,4.277373483084244e-06,20.1271554225214,22.749653844820433,20.173537509861095,20.69138430498182,14.240433231200965,13.104216274745246,10.062350449089351,12.61184688604609,14.503650082428798,15.468754431888527,13.288895546597402,14.698922166580168
KS,2013,8.036916433992817e-06,2.26270372519251e-05,1.4556750827983203e-05,3.667044949838576e-05,3.779578987232945e-05,2.565657582762364e-05,4.038789663081026e-05,3.946639155715131e-05,2.3409562976111925e-05,2.8416044528764133e-05,9.067104482135413e-06,6.748728386440236e-06,0.0025408357961830535,0.0026810825122599957,0.0033210462789985294,0.004343914783408767,0.007656268193426275,0.0111398001019635,0.011980615557079112,0.013738168549551247,0.00986111815722753,0.005591527207695434,0.0033481195999657664,0.002126418978676471,5.419131213412176e-07,1.5511692973840405e-07,5.398816221449626e-07,3.3475771240070617e-06,3.7101539180604747e-06,1.979005632823961e-06,3.789517511262279e-06,4.8162951508188025e-06,5.580519541070225e-07,1.7300346594219071e-06,3.858095792497067e-07,1.8920525508444707e-07,0.9948923160851129,0.9312771632488314,0.5772172129011987,0.26368487611501545,0.9396309899851848,1.8817259918783333,2.233925983666885,2.3507456579975594,2.3929518034421218,0.9849694978802526,0.9878136045376669,0.9684664105359003,273.4630592905093,274.3236784015845,278.2326700305589,282.9639464593062,291.0053941035326,297.79574855806726,298.74275510529196,297.81112103038646,295.4921820563913,285.9837934176593,278.3720016978459,271.337831968708,42.734239768886304,45.97459688981056,50.00927317055919,57.66507194284648,52.086715419217875,42.428508806560004,44.704324890673504,45.94179960477101,33.66404592997294,32.47898709166865,38.411423057276565,39.49558133827345,5.036095643642764e-06,7.620034316933958e-06,1.6902432276730153e-05,2.6103929067858505e-05,3.380435782270334e-05,4.205084423373465e-05,2.6225564828855922e-05,4.023188547600096e-05,2.567965476733792e-05,1.7377242450222255e-05,1.0876569886685753e-05,4.026950048907842e-06,18.47420300824989,18.42597831486957,21.855121048318264,21.491672389048972,18.947558181201508,16.9019520342794,13.814067090856408,19.95523807883639,14.992581819968926,17.527981555595574,19.983446697461897,18.793099914885968
KS,2014,4.191757635807497e-06,1.3111607465626304e-05,7.1121487532136854e-06,1.7912016404286418e-05,2.2466851057491547e-05,6.360183383665713e-05,2.2912124168597445e-05,2.3522788132555122e-05,2.3960961957973633e-05,2.9348081498107685e-05,6.046401517284147e-06,1.3604630738817492e-05,0.0019094483582444868,0.002066616728516458,0.0027395061729344793,0.0044777392984901325,0.007189937589182015,0.01246604820841858,0.012160301373457551,0.012576546488524637,0.01002080383064277,0.006428609676497165,0.0028307457481365327,0.00321438896559746,1.7932035007119044e-07,5.11934944932436e-07,2.523710066262992e-07,5.750333422025004e-07,7.832533631486722e-07,7.2748593391192356e-06,7.521562656152849e-07,1.040671885797259e-06,6.74967155098459e-07,2.1863591531837247e-06,1.8133439656671868e-07,2.1706862347423406e-07,1.8311786500787743,0.466850100683196,0.5244145169554707,0.7912977333133636,1.098218993323856,2.5104312280579126,1.7448879787010603,1.9757487066224249,1.986526710199685,0.4345155550481048,1.1113507522373103,0.18740755733134976,272.0848093416337,270.85302623808633,278.057811655459,285.7277824137591,291.9595046012518,296.5861601212058,297.511304088596,298.92591085568307,293.4398289796692,287.99061926123,277.3349689165395,274.80390132888715,38.53701465320616,50.3130073737024,45.21215296779003,55.59427499371409,49.82080413038869,51.74473748699319,47.31814499771261,38.89312192665312,39.072157297411316,35.87269401201325,41.88734631385994,66.59152516636743,5.522408515577614e-06,7.899088341950686e-06,1.566862116399258e-05,2.2371094274001914e-05,2.7703364167116004e-05,4.515787890505543e-05,3.624005288415477e-05,3.113695035052635e-05,2.3537123594229992e-05,1.8649766418083166e-05,7.188570145210623e-06,4.57627322434731e-06,18.891549427610393,19.848684609495795,17.82476134466196,15.513895384471773,15.486777265385918,20.246909487011525,14.974888985537293,14.424456500209876,16.619795142599223,18.590869083501012,15.007171374888236,19.48311202630711
KS,2015,6.673756486367864e-06,9.679670453542936e-06,6.611051699889915e-06,2.684976021532389e-05,8.339171917614596e-05,3.480990715237587e-05,3.40139005759913e-05,2.7381802518150164e-05,1.608517680741284e-05,2.1612975983564128e-05,3.239858541861604e-05,2.7116524606263042e-05,0.002331390840918413,0.0022414364013703197,0.0034553636070670606,0.005569499574196092,0.008680652541527422,0.013129330664651833,0.014220215857053457,0.012654439701555935,0.011077936792116603,0.006181659042358542,0.004459857357269379,0.003379087773080209,1.7684476378480833e-07,2.2387565531465636e-07,2.849951573640157e-07,9.001995850753152e-07,9.47858255359986e-06,4.071644067162724e-06,2.1729098167564928e-06,1.3795939273081571e-06,7.450028038726569e-07,6.54087196445769e-07,1.7655490839241273e-06,2.6222637205616535e-06,1.441283608155794,0.8244224657505397,0.20486227822945058,0.9407433847017311,1.7937108203613452,1.75100615720429,1.7846988869671077,1.8670422968795513,2.791543015220305,1.2369422511138928,1.658147100458016,1.0380925317225775,273.8374347985,272.6610838699393,282.15670778112803,287.13741559721166,289.9531428245862,298.0768607058666,299.66832674367146,297.53177301614977,296.55765740114276,288.43208363449037,281.16541535451427,276.5635205971067,45.55839168699607,43.527265323396044,45.542503665542185,55.67140482556483,70.38354685689676,47.59251780284716,50.108288174732216,37.96556241748441,37.53556684829922,44.378688554242,37.363488606826714,51.13299781534859,5.72994462375407e-06,7.002617972978642e-06,1.565241194491986e-05,2.3646154101065052e-05,3.576949240236109e-05,5.152038230962945e-05,4.487601183193055e-05,3.530519476896467e-05,2.1405042615193098e-05,1.3812528372782914e-05,1.1589143820039723e-05,8.688261754926186e-06,19.398115050459282,19.50948166071574,16.942931476831188,17.797501522482673,24.325623327807623,20.160050110488015,16.878593608034528,15.913710224353169,13.831557328565399,15.15250168465026,20.55381392798991,24.090658743478475
KS,2016,5.7232969167189575e-06,8.963002809533078e-06,1.1582795538602054e-05,5.2784981507354756e-05,4.492610804889878e-05,1.990031875138581e-05,4.3299377675855156e-05,4.440073140987803e-05,3.0089003798784678e-05,1.4685238244322634e-05,8.15347891657595e-06,9.085887370708686e-06,0.0026264875097118437,0.002859011254936682,0.0038018438150683605,0.00549773158952593,0.008082791574988712,0.012581704483516002,0.014761323629599588,0.013546340086727756,0.01089371028697269,0.007223380139899999,0.004688507205491979,0.0022479584108811733,6.6071474545649e-07,7.529275913181253e-07,6.715583262462857e-07,4.104758083960403e-06,4.551471791245907e-06,6.960312805436329e-07,3.699527216098349e-06,2.0720931097979172e-06,2.873480875574917e-06,1.5539388621998593e-06,2.8283177884847316e-07,2.24767417789617e-07,0.7885996225365017,1.5027638991227799,1.1083592171943306,0.4910166088583094,1.2870631774574834,2.13012869709616,2.4838304775109945,1.6934512453145765,2.049569606996921,1.760979464636152,0.9586028377503142,0.5360699961436114,273.29383195314506,278.3653849403333,283.6080847146699,287.0763946956806,290.14367021962835,299.062193315974,300.0529037140859,297.9110786787013,294.9880217992815,289.8137571972453,283.1289164303938,272.46542939697736,48.638709951388556,41.07034235619961,51.46621437287047,49.17523124998585,53.07016209552267,40.58347734081013,43.830537175540165,53.461223688017924,39.296061733431465,38.6010039359195,40.49339933067073,40.64073223193617,5.7455286397122926e-06,1.5024963615211571e-05,1.9497051060195626e-05,2.7994176399559324e-05,3.955588809894267e-05,4.805008353980015e-05,4.5596571796691134e-05,3.3567292476652956e-05,3.200312245015939e-05,1.7333463041944944e-05,9.50666905459803e-06,4.622617935299052e-06,23.058872872146072,20.514744459142822,16.188510841354027,18.64649477296856,22.644701454115967,15.845863625710118,17.708914233375733,17.84937430876114,19.853275977834567,16.60910686127126,15.550838214606028,17.835844120689167
KS,2017,1.6388668911988438e-05,5.252906489506178e-06,2.5831993833901443e-05,6.073446375286269e-05,5.0475211516427956e-05,2.743626356035776e-05,2.0227042892554622e-05,3.973476686954717e-05,2.5791594102636313e-05,3.121112186867271e-05,3.6456942876497965e-06,1.9603966811805968e-06,0.002723931363002558,0.0033531447517791335,0.003954755565556217,0.006427192320314757,0.008265395565774275,0.011949699051462639,0.0139018604440702,0.012761128797358556,0.01006607632640873,0.00618987741572056,0.004147382501715853,0.0023663964718977663,5.583138456841625e-07,2.2250897251665217e-07,1.7023149267547042e-06,4.145084153687814e-06,8.41261649528326e-06,1.8645421471390352e-06,7.165195763589113e-07,3.487372111550668e-06,9.708401323333136e-07,3.5415884837940705e-06,1.8953214731504976e-07,1.6383220207550377e-07,1.0065086202029683,0.39453253878929223,0.5781483216922941,0.407646404833277,0.6080633713036347,2.3013426759078905,2.1056830443159376,1.308651943022947,2.214517243637133,1.0156695606311064,0.36863415779887954,1.2268600988519103,273.87649306118345,279.53970162529185,282.9023825370542,286.60390925860105,290.616947787485,297.72770577364173,300.40661828507467,296.2925363130166,295.01174135171135,287.4535127919462,281.1857040454174,274.3446249825704,55.98504313106232,48.95057094028875,52.41837025201772,63.38296459538233,42.429078622969044,44.9327164142249,45.573579478692004,44.343674024317416,40.80628705289461,35.466457231895866,50.87145567151845,39.92284891726446,6.047807507545634e-06,1.193729654661404e-05,1.5186654715361686e-05,3.106929967470734e-05,4.6525271121237154e-05,4.708173221953454e-05,3.723831837883971e-05,3.602569735656632e-05,2.1608507999124348e-05,2.233982601159312e-05,8.714163348111657e-06,4.446965459488081e-06,21.237401700428297,18.15834155498399,16.144549360409105,22.745654484987817,23.828419324869564,16.445105418998942,14.26516388349809,18.84477981463029,14.58211954375757,20.78057248255043,15.817516481599371,13.40370557261977
KS,2018,7.427452003808187e-06,1.1979184549642153e-05,1.2074852764611106e-05,1.646906486003857e-05,4.0022896889554904e-05,2.9353161768690062e-05,3.713367182129872e-05,4.060051529357871e-05,3.259787577835093e-05,5.697489738028464e-05,1.361847118310728e-05,2.3322042597887062e-05,0.002110532876580561,0.002365642495565515,0.003601679723167247,0.0038575480140175897,0.01027867664863192,0.012939787615424777,0.014288507993343113,0.013181229641661026,0.011496539730579155,0.0064261862861058686,0.003437850231904116,0.002951263230994362,2.172527719838024e-07,1.1677279834027856e-06,4.2460090686561286e-07,3.512255720376882e-07,2.830949259383786e-06,2.1988896422306155e-06,1.803907795594205e-06,2.2421617704061874e-06,2.032280876349655e-06,5.844900756623357e-06,3.4846494059358916e-07,1.9140351398175358e-06,0.9771510030263529,0.17274059264992161,0.12230817865702395,0.23856199352441929,1.7758882771003555,2.8440693390280556,1.6903054093119978,1.6240672139138248,2.2852288385577575,0.09624899287846074,0.765640568631856,1.1410994708608093,272.57812852397615,273.58548282825893,281.44846253005966,282.7008199405885,295.4920446191597,299.54199667664955,299.48991680784366,297.79055816228885,294.4021108049262,285.2800943623096,276.68537938123825,274.5705502887325,40.817627396783664,58.71965947672834,43.215490190262486,51.30876471131894,56.06702137186603,45.95613127399816,45.70168037430801,46.4047818692948,45.262025103521175,56.21304635381724,41.504627943534786,49.862951976211114,4.477667702640577e-06,6.603509506860796e-06,1.4973145324425235e-05,2.1524380746413543e-05,3.6169824639095276e-05,3.758717348474472e-05,3.580546148269137e-05,3.897639505727397e-05,2.7284538649121565e-05,1.8261396622328808e-05,9.793507085046553e-06,6.8390294710522915e-06,16.72306843841769,17.58907974788349,16.891227285869792,17.005220493703987,17.353045863882315,14.872116101299989,15.892033518181927,18.816132195078797,19.033658435905338,23.470583303240222,22.53946822349515,23.375744673950066
KS,2019,1.283091165256087e-05,1.638768383288323e-05,2.688491511243564e-05,2.3370157246446765e-05,9.936002458686199e-05,4.087141376845329e-05,1.776046449618858e-05,5.557600162056875e-05,2.1268916371114834e-05,2.2299589959805337e-05,1.0827812408791905e-05,1.379356682484159e-05,0.00268360777038293,0.0024260242055693802,0.0035683123114131194,0.005572782624981463,0.008731804288555517,0.011845976196117025,0.013409020127738248,0.01458062485392081,0.012711820695941501,0.004737151161687822,0.003241802764760437,0.0029486025615306807,6.815708230479422e-07,1.0653921608003118e-06,2.9622879645121076e-06,3.6413463277300727e-06,2.424186285995353e-05,7.777568768946463e-06,2.7646720373295607e-06,7.103093151322441e-06,2.3395764878391936e-06,1.8904882284961885e-06,9.297468099608004e-07,1.479453098195144e-06,0.9204498407542892,0.4324463908470832,0.1925102712518822,0.44571433621731715,0.894363137988083,1.3683834431210253,2.564638065951215,1.927860203610426,3.24141195435195,0.5793699181387034,0.5190642110455819,1.3652457157295605,272.92663939480474,271.2220366154328,277.6339010263845,286.9516821884839,289.63140196153245,296.2990308196459,299.8420772628838,298.56279634721136,297.68891355015626,284.18413932460817,278.44015281354376,276.02322166866753,52.510529378299765,62.81259539544195,57.10842903030836,55.037279413242935,61.922986875964,51.08956724739282,40.32063842618915,55.36739664831003,39.3103064589239,37.04503474556061,39.17380792956129,45.88917511100518,6.328916626311512e-06,6.622257335650039e-06,1.7178821458059724e-05,3.3202123636619915e-05,3.977131058826279e-05,5.4520947473598845e-05,4.5880693476234744e-05,3.721425769512785e-05,3.0289112909010582e-05,1.8072948544963535e-05,8.707832569280258e-06,6.921363816822597e-06,25.069913402450993,23.808181144724898,25.055601517777404,19.660902445163096,24.974858200911516,21.901254464189428,14.937005781451465,18.69559122538313,16.729875665956598,18.86153081199994,17.01825637427856,19.397992258092945
KS,2020,1.5808642325356998e-05,1.4712272465106628e-05,2.7236126851086328e-05,1.695629779515326e-05,4.4535588147026754e-05,1.6873695337967935e-05,3.614895235065039e-05,1.470397058417903e-05,2.012398433659064e-05,1.485876067071788e-05,1.3576790371363159e-05,1.1541513902302028e-05,0.0028730843359891095,0.002804601988269245,0.004533253334261657,0.004641093477187524,0.007844431883274262,0.011137363232810536,0.014842503298567811,0.012634380328032251,0.008721970569696258,0.004706071280661424,0.004147655912665388,0.0028088526414965487,1.3853771213558892e-06,1.6106915115163463e-06,3.3768856520839323e-06,2.666766042625018e-06,6.546861707540172e-06,1.8523305222394857e-06,2.4227544344914676e-06,8.960425141916894e-07,8.328585335750691e-07,1.1262457518299226e-06,6.209597357634783e-07,4.78825737117547e-07,0.5489652824497913,0.8368436344810578,0.8677290161712149,0.21164988972882873,1.2845805877685188,3.5137663882750365,2.030611228959767,2.220444597787459,0.7181508408402085,0.1665944812950047,1.5846586759447263,1.3696847876096236,274.4727252851412,275.125080358629,282.35335138435295,285.29387209486725,290.3654127669373,299.43324488739665,299.90199958269193,298.19587696275113,292.8870139217958,285.23689813927047,282.42688732137066,275.4515882607113,47.741584351405045,54.86746174535978,59.512225915657964,43.99987931504076,54.010054825290965,41.261574211381216,49.48907156519229,31.422331025152335,28.324588747905,38.57143681121197,29.13794942341983,37.45116631777626,6.817100353625489e-06,1.0450402731127501e-05,2.0467687193600007e-05,2.856107059757169e-05,3.28309772017153e-05,4.2780094360077424e-05,3.167931439643516e-05,3.0401492863255256e-05,2.242567754152712e-05,9.42220403617095e-06,1.0219884539157452e-05,6.599539003822544e-06,22.28900340319622,22.54070418474353,22.683449960988348,18.511042504819923,20.140243728970567,14.534193373421338,14.865175988817203,14.574990642605943,15.62373032957933,12.727135502635383,17.400247981650075,18.57107272577745
KS,2021,1.5380586054885544e-05,5.253374419262633e-06,4.7091543462520334e-05,1.8242467598324406e-05,5.754518477765285e-05,3.0155506428426787e-05,1.8620923251175213e-05,1.272922520272014e-05,2.2754950259716553e-05,2.995484323026664e-05,5.167710353396195e-06,1.7681672448773527e-06,0.002806272060753919,0.00181217606911472,0.004200006030803489,0.004568201613525563,0.00856586256591204,0.012431280064513252,0.013815098118342835,0.013347596937583374,0.010206703389619386,0.006606343969312191,0.003731308677675894,0.002870762450056747,9.800357945916103e-07,5.170175359059924e-07,4.27116492757062e-06,1.3007271078374122e-06,4.783042754272311e-06,3.4725144397275663e-06,1.773061468641935e-06,7.180657704417165e-07,1.0467388539879056e-06,2.4236502780336217e-06,6.578129473500194e-07,3.259175106611435e-07,1.3183710983874628,0.7205672671228961,0.7472874052287485,0.5227578300401297,1.9547635940416566,1.9975714860000369,1.9504567708889755,2.8659146706416414,1.9315445101660327,0.3268951651470105,0.9445314057312961,1.2896134898939084,274.5079396997227,269.19454906088913,282.42550693843765,285.31348484120673,290.24149334911243,298.21736556272737,299.1281452450407,299.75880319782357,296.4387205426322,288.44086522100014,281.74892605352204,278.7066717648103,56.01012318132115,50.76084592032425,46.42028773464659,44.91773055765593,67.40909432525335,44.85224667876174,36.012268482556856,34.55492802924021,26.413489229270642,32.238844608121234,40.27195482823277,33.295371825385814,6.342317724550181e-06,6.439549098995425e-06,2.2014563374346685e-05,3.101651841260187e-05,3.334558665199321e-05,4.700714119168404e-05,3.840423434116459e-05,2.604394652422401e-05,2.251766272992315e-05,1.773162824411322e-05,9.378368229513268e-06,5.098169842590196e-06,19.789381295014316,20.805908247486276,22.69394296538647,19.04445744663703,21.870688507596963,17.874656135720464,15.806818653494252,12.544093762078832,13.382154695087753,17.74133164856434,16.468314790451334,12.953087383123744
KS,2022,5.739584245737296e-06,7.224674827944375e-06,2.2445227143712892e-05,1.6887840632114753e-05,6.269304833116088e-05,3.0465388300239053e-05,2.8241086543079905e-05,1.0135921876448582e-05,1.1469347161587678e-05,7.597468785080354e-06,1.75442236848027e-05,9.677079916114217e-06,0.0020001739479090603,0.001900802540737813,0.0031207858351644698,0.0040845010113314765,0.008257312420143497,0.011710342362392894,0.01315620474243743,0.012241063633991342,0.009147687055144597,0.00481640450237273,0.003372038348246652,0.0024402468631485623,3.0250200750114386e-07,3.4621169072110336e-07,9.752314119079748e-07,1.1930623257630192e-06,8.20425521475138e-06,4.318582720895632e-06,1.3089998585609122e-06,5.417942567948666e-07,1.495316114306395e-07,1.1802786356918844e-07,5.291690643535025e-07,2.031206764179949e-07,1.2183219423492266,1.2309810869486681,0.8599439963047624,0.7629256783472901,1.1803111322226358,2.3466279452727434,1.66791925628088,1.7976732448152508,1.613417138078762,0.6171472956165384,0.9298766163718045,1.2335002822119159,272.17409366639214,273.7423037062823,280.13336648867977,286.3497349945159,292.0598233702952,298.240701682561,301.0946635826322,299.9153509467826,295.78090228236124,287.95132308062523,278.71325028479214,273.3826154927331,40.59496967239661,32.839290012498694,43.84994769245259,44.59142279253566,54.91681673280199,47.97083119540718,49.51759808662908,33.57096521728031,24.60684230113733,30.190857286831907,39.108266932626435,49.509933755053574,4.4674236100676005e-06,7.268534063283512e-06,1.5540173164487032e-05,2.1268308799421906e-05,3.694677714318623e-05,4.3609544054961444e-05,3.0189167441325438e-05,2.727791627439077e-05,5.0726123129556845e-06,2.673249207806817e-06,2.5262083133722587e-06,1.4661317439610125e-06,15.30848688044908,16.029136648389645,17.166763329659425,15.572927554252328,20.04128651802682,17.441742971136804,13.329056527536391,12.47940298032343,12.367602824121171,11.626916136144297,16.660334569758565,17.740852409188378
KS,2023,1.3610535417634755e-05,1.3897462956691238e-05,1.0985315415478196e-05,1.638960091090844e-05,3.469611971850579e-05,3.4552728935738786e-05,4.4678627712625295e-05,2.2448138711756124e-05,1.874379822770765e-05,1.9821854365732738e-05,1.044862507326916e-05,2.2663165166134126e-05,0.0028822585657648494,0.002616474012440205,0.0034419562420840116,0.004143727177548491,0.008891723926527002,0.01199099910756109,0.014291086457922063,0.013003318188569613,0.00964557476113508,0.0059493708935840885,0.003893102065316057,0.0035376502864731883,1.8031927811779043e-07,4.1135363058896305e-07,2.4301849195908603e-07,4.628183063777294e-07,4.5446834011701303e-07,8.083406149658575e-07,2.4757368061704567e-06,7.550941482296148e-07,5.794331458611246e-07,3.1421257395340755e-07,6.505868296320436e-08,5.033813436223291e-07,1.1782477300932892,1.001890295102768,0.15903703334414418,0.9294333308078542,1.5183018067939456,1.1777313813934562,1.0688763737857456,0.8164942217910391,1.9961843367756922,0.4823363721445478,0.5431220742596186,1.322965649017756,273.88343991187656,275.60281620612335,279.0992177486286,286.43635296781497,292.3527954689126,296.4444862608616,299.068741977571,299.6418321412182,296.14726376894214,287.6378118734836,280.7460565652997,277.17791497258605,54.9113499441765,39.09274570526785,52.44146362289863,35.6924839921503,56.80893854055596,48.351675944572136,45.867774975620485,36.27335721790551,27.349439686522608,31.498949451504515,34.22643549827549,56.46055899812187,1.6388446746102004e-06,2.7780497194709875e-06,4.238551560311664e-06,6.426109387735501e-06,9.564378596907453e-06,1.2101189086331592e-05,1.2889952376661248e-05,8.819579903871352e-06,5.707635807193841e-06,3.962050662256586e-06,2.4620232273874684e-06,2.280921297939845e-06,19.957829107900608,20.526810345965195,18.691882122146243,15.203281017428301,18.299504862855716,18.31175415051889,17.808760962827776,13.82995604637546,13.8171326723224,14.553871471973482,16.349042796169005,21.202674848006577
LA,2000,2.4394565279046733e-05,1.3027557550752714e-05,4.7200514930920923e-05,4.172432101054611e-05,3.0682124037751114e-05,4.4060125746430116e-05,2.0359653217902416e-05,1.157095483565618e-05,3.7281975430134035e-05,9.294784397681732e-06,8.686291697998566e-05,3.22461024106299e-05,0.005866318479339087,0.0071668509131995305,0.009154595259345026,0.009221640870552512,0.013931331635991128,0.015643366648433184,0.01615683479194147,0.01564752200595157,0.013400047501329258,0.009684549481883974,0.007278445774010821,0.004325341124659989,1.4729245579952958e-06,7.384870826208402e-07,6.379205831739964e-06,1.0668928538826945e-05,3.7102638414671597e-06,4.2928098025139995e-06,1.2323181516139101e-06,5.691124851289951e-07,1.083030978523266e-06,5.229606615131159e-07,1.1634195883375795e-05,3.272131886593866e-06,0.21014312392432205,1.3203930619324504,0.9203276342719354,0.6859787824176418,2.4892009622271147,1.4914899371658639,1.1410805831713169,1.00772620198223,1.1649243252662373,1.2583791772432045,0.38811330308672376,1.3739325383887075,284.848473776097,287.6393611996601,290.87397174161896,292.1177941592973,298.1623276750539,299.50758718444416,301.6151580259853,302.2784093729085,298.3684505096857,292.99100118919495,286.53045079127685,279.9091187950594,50.251421336643396,45.13402347867096,51.9665985449979,44.67236086621819,50.92461888824572,56.04780222412569,42.07566319356899,29.06040783212266,39.74748072373871,40.634550232523324,57.450229720659976,55.88231888049995,1.7786793327708507e-05,2.2255092822095492e-05,3.18570766741077e-05,4.127489151572409e-05,4.2880731490227985e-05,4.407851051356232e-05,4.388447104816594e-05,3.032376383442712e-05,3.251400133682283e-05,2.1043511159944912e-05,2.0186217796973195e-05,1.532088388607069e-05,24.580530717138885,23.089313406292295,24.071429705310376,22.59640362836957,19.91643809898849,19.967535627369223,17.484956209296488,15.358021144407303,20.127938807779774,16.870148044780567,25.773460538073422,27.487017656305632
LA,2001,4.9143195520630306e-05,3.40520754285333e-05,7.099852860566667e-05,1.721365254996733e-05,1.854340144514267e-05,8.67717197093623e-05,3.638099062344577e-05,4.878359798538603e-05,4.7571868467233196e-05,4.879459048181261e-05,4.813194856486845e-05,4.104813040717008e-05,0.004900014315352745,0.0073138207877901104,0.00649679933019017,0.011072641354936009,0.01236725111890251,0.015644152017886208,0.01748698107451734,0.017186791949179388,0.013988200755732403,0.00910198803901099,0.008418095406387625,0.006673331300524979,1.0922257078931495e-05,9.003514602201338e-06,2.312881082433928e-05,7.678381608052624e-06,4.13750289356798e-06,1.2750852034853478e-05,3.885014979161109e-06,3.8901047320197215e-06,7.308273310743109e-06,1.1236643858592287e-05,1.1705611398330837e-05,1.2339462245064933e-05,0.6876208388269686,0.9755350344461512,0.9622709472587851,2.228367823620411,1.7422373725355518,1.430004938221691,0.9042780242858188,0.7902350561378217,0.8450818072491805,1.1942616170662956,0.9443767738945663,0.36885064856471866,280.81471694040596,286.8722163748092,286.31819004731904,294.33889277795487,296.9026458640408,298.8635832287423,300.94979033884516,300.36224260654245,297.12549521007213,291.42268483119244,289.8526657982033,285.65322761198183,60.58218905506381,66.9885231968059,55.72307885279078,56.2320637746213,43.86462148586988,52.29403454756775,52.48454750239245,63.63676146242773,47.60566614020497,32.01659592950825,39.39138840169449,48.89881453128339,1.509749888529699e-05,2.0908953717278634e-05,3.168470306350698e-05,4.464502223770958e-05,4.192935918225223e-05,5.0109929997708323e-05,5.0507535796974696e-05,4.274336488139376e-05,4.161289212250655e-05,3.261376250387832e-05,2.073731495176656e-05,1.7847140999507582e-05,28.09527449346288,27.23672460611134,27.805318552262722,23.066554865185118,17.31380882292857,25.027950409109167,22.781375724522974,22.87943763788824,25.743626133491198,23.513652960083743,19.33588156752296,27.255115994626486
LA,2002,4.0575785679074856e-05,2.671902803344145e-05,5.7123502244789725e-05,3.2151917765129645e-05,2.3552281106521833e-05,3.782032992085091e-05,4.8608631273294454e-05,4.535300590778401e-05,6.442053444632245e-05,7.948325119629015e-05,4.680960282203784e-05,7.095490030398405e-05,0.006029749153191009,0.004815159987787601,0.0074704647537102474,0.01128104860701299,0.012212381632876166,0.015371323321801708,0.01773811729362706,0.017073612713985147,0.015667973745671988,0.012685729311901664,0.007063242653854574,0.006094928950984603,1.365918557037895e-05,1.0711963110326321e-05,1.6587703075130984e-05,1.710970574536515e-05,6.47550301713327e-06,3.803300993703977e-06,4.281106598053876e-06,3.533896671427174e-06,9.95424450569002e-06,1.5514118973402183e-05,1.975591585577563e-05,2.5068495516312703e-05,0.36972031053468607,0.9180395225767083,1.2113348722618182,1.6122443139796376,1.7331482178403261,1.381780003036658,0.9295354661092343,0.970151704328226,1.6038046028935795,0.9602559111205025,0.40539994389264644,0.38182658225480454,284.22563697745653,283.02315287438995,287.99953404444557,294.16290997719943,296.725432474817,299.29310134884554,300.81906544749444,300.4624518592963,299.09745340136607,294.1540519056101,286.7090419259115,283.9128367695699,55.5120622263159,51.56836439410719,62.37168560428196,65.22942407023208,52.67177908256922,46.54392963534657,55.11421047519024,53.00544790710089,59.19626872657388,65.4988036194363,47.95874776787041,60.899069650640584,1.683993755922462e-05,2.5563586313086256e-05,3.0158699663135268e-05,4.249091836120578e-05,4.474973227485952e-05,4.697120751706549e-05,5.151682758657465e-05,4.609194238213319e-05,3.701292744545269e-05,2.866083168152376e-05,2.2869336783075875e-05,1.645026387340962e-05,27.960521642799716,26.921640302784244,27.264628600170685,24.219387322215603,17.906613145604506,21.268934811306554,23.9803150861153,23.987686990758135,23.0799938567398,27.73155663664926,27.131513488136065,28.37142178925925
LA,2003,8.292100406471174e-06,5.774839433569856e-05,3.785725431767507e-05,3.5995698603092174e-05,2.2460855627164415e-05,7.911004687543185e-05,4.6069699520136656e-05,3.868043397158943e-05,4.4722473282359934e-05,2.9566598394647697e-05,3.922614051660639e-05,2.5040942677318747e-05,0.004361182495381558,0.006218896501619618,0.00813016548651443,0.009876787235224867,0.01398249152504449,0.016785056039420123,0.017396087061129325,0.017285416441237385,0.013635780509620938,0.010423031650936158,0.008180100905603496,0.005248245691659649,1.1789522776051283e-05,2.0226210547142007e-05,1.8720077560909017e-05,1.922922246871053e-05,8.804071585347504e-06,1.0645537683262357e-05,7.352574980259232e-06,4.600423682325207e-06,7.090976735049549e-06,7.336441363089095e-06,7.87700346459577e-06,4.505035167669823e-06,0.7934262671550023,0.3024628290453405,0.42347481961540645,1.2527300049838321,1.5713891086999427,1.0872912361087286,1.3029173459452223,0.6637592114511576,1.106568120535593,0.543793357994045,0.49324866306599696,0.01590703235366281,281.0449670340576,283.81991036959363,288.2788475630901,292.62963076798246,298.0568585383197,299.2538605043095,300.3443825829799,301.05949015855185,297.6551320814412,293.5282892802688,290.07870210094245,283.3779516539795,43.98514391725443,68.11111261424587,58.92402761459964,50.20297821470998,52.65054168955855,57.885388214478276,56.37148584579603,57.058043195948414,50.05699847442035,39.154303532411326,40.08539313578819,37.28727995135723,1.6495028539916897e-05,1.840363913266037e-05,2.9339058907148773e-05,4.369349214254065e-05,4.507582690273661e-05,4.780014027998072e-05,5.190986930579006e-05,4.503177005637412e-05,4.4018866705688736e-05,2.9758596438643593e-05,2.2294068991293446e-05,1.795265817053082e-05,26.060530965407636,28.15488377429796,28.03416932387779,23.77297710556162,19.201081900080826,25.06771740241098,25.50492488176539,22.000607961808466,24.578530284965186,21.801835878382665,21.956198054917053,25.96876544524912
LA,2004,3.9866488045217894e-05,8.465495814326233e-05,1.9377517553152002e-05,3.6909809796616484e-05,5.650978569272444e-05,8.59572332033057e-05,3.458080396301164e-05,3.143863732000339e-05,1.9474760255871742e-05,6.683846289149052e-05,6.658184405733298e-05,3.153195318096546e-05,0.005710250931969729,0.005639562799194065,0.008317114669378447,0.009284018468133499,0.013585706103078769,0.01702112679913011,0.01713642237749107,0.014738602731961151,0.012967130387008224,0.013777035326117475,0.009118596285625133,0.0052601133774667595,7.140685080791225e-06,2.93520658818038e-05,1.2300415914802006e-05,8.906176666724994e-06,1.2949057694449942e-05,1.4210232586851391e-05,7.199579642209404e-06,4.518724739742744e-06,3.00318714128389e-06,1.3252644207328745e-05,1.3933738938861133e-05,1.1261952991267483e-05,0.2845260979894641,1.245661477909742,1.1627950342494573,1.062247170193629,2.2678207286785415,1.497655394386056,0.7215744887738704,0.43693810926900617,1.9665271708443397,1.3944591808305045,0.6100165096048824,0.2222578888926958,283.6434458387173,282.97246369945896,290.6236442955319,292.32057645512066,296.635055974344,299.23724284514253,300.81030355208753,299.9283258468373,299.03396390398245,296.5100487485555,289.92272756868647,283.46735135524597,65.4460349433936,68.26377526933749,49.90031409184491,49.45361652475402,51.15041829185343,68.73541226366204,45.33227957277145,43.200554133714014,33.90164577031366,54.847865679297,66.24308829170111,48.57860882402606,1.686233937670079e-05,1.956386371579844e-05,3.463882526978485e-05,4.216083382759462e-05,4.952573515836051e-05,4.8175266345100094e-05,5.6091270480689816e-05,4.902454805152362e-05,3.914342275979945e-05,3.023763270255356e-05,2.315178357503927e-05,1.81878663116899e-05,27.679747097800718,28.952551178851262,24.94974699858688,22.179776508324885,24.577437251597775,27.245716063073502,24.708752994274878,20.954388483718354,18.538658404397538,23.759886556620675,26.81278673255932,27.714202584070822
LA,2005,3.084767016529075e-05,5.18957577553155e-05,3.3308254798382744e-05,3.930121076174378e-05,2.447937892312533e-05,2.1257042912583124e-05,4.8558579374565005e-05,4.4819276599749424e-05,4.550644934033058e-05,2.198574889528714e-06,2.7960272945396424e-05,3.196689079031038e-05,0.006475437909117606,0.006909294078193482,0.0069704328349187265,0.008837110096205499,0.010764415841470809,0.015033675073273271,0.017044795999183442,0.016388022256505118,0.014163687248314608,0.008456372392954825,0.007076733874386521,0.004944765380048572,9.81152377938894e-06,1.6335406255377573e-05,1.1363969040180782e-05,1.3614059001839725e-05,6.10856286809885e-06,3.7221171620087966e-06,3.933766491793347e-06,8.265060062489358e-06,7.982819318410696e-06,1.1919644989692928e-06,2.6759506629197366e-06,5.909791219875575e-06,0.48931058951615236,0.5181080062678165,0.23411798112231813,0.9011850687791815,0.7659964436692652,1.0079835580407948,0.5023727997626422,0.07950564577491061,1.2752895341948944,1.6599256114075935,0.48541315171807287,0.378327078476028,285.35930048427025,286.41387457410895,287.88783559640507,292.3421794464357,296.47700598774935,300.41124431193737,301.29138452374974,301.90888475713587,300.8221228337619,293.49044125044884,289.6093860789781,283.5234541473806,65.28530665385183,79.02900361971264,56.038408440942014,43.13743904940123,43.73916513344187,33.17080102768249,49.943462816806836,47.79486311259388,31.041181142461454,13.134301957988919,40.53845686213152,51.29920388341087,1.6769493294350163e-05,2.0542782707463558e-05,3.19417494621585e-05,4.59991019401194e-05,4.386097102615201e-05,4.870300974430768e-05,4.875717460786651e-05,4.178451492116683e-05,3.465957587913945e-05,2.6928029796281226e-05,1.877618462366095e-05,1.6985704565212163e-05,27.439290402893914,28.616692208198234,27.414093189652117,24.29596314244867,17.89861851901692,20.28878995805,22.034406755819692,19.6714345799943,17.83265724642816,15.744376094055456,19.540526735136634,25.46161769865839
LA,2006,3.700543148811333e-05,4.7723626351945337e-05,2.2891904694209987e-05,2.7747902741134386e-05,2.3540606834662928e-05,1.6261985139592605e-05,5.426249948967554e-05,3.2863849996618345e-05,3.145925903567537e-05,7.677766425081071e-05,2.26523410494615e-05,5.9376664830259505e-05,0.006084553979084922,0.005294220796015782,0.007466971042779677,0.010442620383425538,0.011983423420318618,0.012899137035738034,0.016415575524628176,0.016527277813565205,0.01233344579435686,0.00985913996126794,0.007191834359143536,0.005820219350173952,4.5208010580619005e-06,9.225021481242504e-06,2.702960045557368e-06,3.0992335611722607e-06,2.2837965997473203e-06,1.056279588018593e-06,3.355825410321628e-06,1.4412054768201166e-06,1.1054345563978323e-06,1.5584101374096856e-05,1.96552889298002e-06,1.4266958261429398e-05,0.9758816353463664,0.3442058263305983,1.2197030967069291,1.9035490280369445,1.364517654188088,0.3215557130714305,1.392661367974238,0.8979103269634495,0.23462470230683022,0.6364015382054435,0.36410397773301834,0.8078336444085703,286.9097706917869,284.18406684655935,290.28534132315497,295.40483088638837,297.1038967409828,300.6990431124121,301.11692567754545,301.84794097490857,298.2906311228254,293.86843261856313,287.811627475982,284.68227282932855,48.203643983373034,54.875691772548116,52.4989848859282,53.371680774174216,42.43504865119524,37.77688584634436,64.35629041499999,46.391021402284544,40.4373497975831,48.96139411349575,37.11355000100019,51.53158100205528,2.0166874975313794e-05,2.323668715609109e-05,3.413919101072966e-05,4.1016227496560044e-05,4.6337503225467644e-05,3.829825889598185e-05,4.3972447209827714e-05,4.353771331933773e-05,3.663727140214404e-05,2.963697443760519e-05,2.3004983086447957e-05,1.6525201889691215e-05,24.81100604186719,27.194851447909443,23.96714676981383,18.687214275951717,20.368346296325985,16.189861524405323,21.879073931932943,20.410252067782036,20.737618549534567,22.497685286006764,25.47653365193562,25.307135422372852
LA,2007,5.1481591650669094e-05,2.132407730527445e-05,2.5867334764228045e-05,3.5148353543347514e-05,3.356794840032007e-05,3.17620974801353e-05,6.492947130641165e-05,2.0167959925588553e-05,4.5263254487399216e-05,3.187632069198311e-05,2.8629549047571913e-05,3.3683504396188136e-05,0.0054703693167880854,0.005365361051519829,0.008197911381092784,0.008150352209787019,0.011851785263413664,0.015303991748522257,0.016533403327564897,0.016491762018513274,0.015007199889659586,0.01033522981597828,0.007530927302103528,0.006976506507187188,1.2993691793318925e-05,5.987385506663464e-06,6.0038688342412685e-06,5.602806104653416e-06,3.845095833302841e-06,2.336978074638087e-06,5.479018308454489e-06,1.3823066794935655e-06,3.479022361439322e-06,2.623569195432546e-06,3.1003139780724402e-06,4.172373000643223e-06,0.9888690207716124,0.35326527528720936,1.6396167396526542,0.4344319562168366,1.7696318656017558,1.226955837638383,0.9324347421745773,0.7098763954529608,1.2845653917860247,1.1772342436694343,0.44737850612243,0.7173823586564474,283.24345360126006,284.043061356156,291.02489243508415,291.5583827965022,296.8219019034677,300.0046980072279,299.96294993232414,302.57425667672663,299.22951535033377,294.36734585595076,289.01765839945665,286.6200832801289,67.53918233313206,55.68824537853537,55.99521837891904,57.33376269704217,53.9010282084954,62.96373773627101,75.85652131353187,47.27036877774039,50.433236433290105,30.645545655650974,47.870021531098935,54.822409929010895,1.5913734859243374e-05,2.1730822545090498e-05,3.332715777135909e-05,4.526745517696393e-05,4.862624716901911e-05,4.848658772745208e-05,4.739638345638672e-05,4.481274183833545e-05,4.194354781690043e-05,3.094986457313866e-05,1.9306502486202568e-05,1.6146606740603612e-05,28.65912177583027,27.160523788720052,24.16818636736168,24.415861217516206,20.626206828505232,21.436590488271612,24.980386464298476,18.343310416241273,23.539194165894596,21.2157278949945,20.961603429927376,25.50615094390015
LA,2008,5.0889673245580284e-05,4.0524410071376405e-05,2.9019644902075065e-05,3.6117215347474275e-05,5.407832583495034e-05,2.614304658371835e-05,2.4645240574683915e-05,6.849850412096972e-05,8.9346973099171e-05,1.3536498518980344e-05,3.377000077502053e-05,4.718061304973367e-05,0.0049847099058703,0.006354920445483377,0.007320323279493895,0.00907920539106196,0.012672828086764227,0.015474370607288004,0.01567204943000831,0.017037599028823767,0.014267458321612182,0.009201716398818281,0.006726905426813641,0.006289118935663542,7.336201444793172e-06,8.342149598272923e-06,5.8922764396148655e-06,5.523957741633044e-06,1.0608883186732284e-05,1.8236901759865334e-06,1.4544382578471172e-06,6.601944724356178e-06,2.3259997474829793e-05,1.8140916606780289e-06,3.7343117797680455e-06,8.354470085725109e-06,0.8936679387549379,1.0896649298949028,1.4710076328774069,1.3019052564585885,1.8027826744992104,1.9635320763818143,1.3092645855562397,0.32583489737775345,1.5111193161958143,1.0372510971097773,0.20986964225092905,0.5486682156720437,282.9326620269411,286.70757618002546,289.17396069934017,292.9063298461871,297.1685497901365,300.55175897547133,301.58174571997114,300.44256502359633,297.6639959727144,292.5598152030581,287.56704496394025,285.26545790818733,60.12564482151046,45.861705068657194,47.71494647343089,47.32942644972531,47.973314379075774,44.53564463122416,46.51943082569124,59.52930047800283,49.70667077412239,28.10236958500424,37.12532453446886,60.55162346417329,1.7777484073935358e-05,2.533414493674791e-05,3.509611385171822e-05,4.606767149318023e-05,5.2589846400231255e-05,4.705774120972765e-05,4.3133876388234785e-05,4.399214656895588e-05,4.719941388915764e-05,3.106592706964537e-05,1.9767122835402354e-05,1.7938907978798688e-05,27.89717210331123,27.96641234419676,25.83433713412482,23.43494959496458,23.52163078918183,18.442362174779074,18.274265390253255,24.60163749789573,25.866489494835985,19.817145711881842,21.396057117478087,28.05303207439496
LA,2009,1.8594969700139083e-05,2.8019751897411013e-05,6.273953694735939e-05,3.6208534154679516e-05,3.475656042285813e-05,1.5269853223794296e-05,5.737601531929903e-05,3.4873399088848784e-05,6.769792574990527e-05,9.226950284661169e-05,1.690690866737913e-05,8.059761859534108e-05,0.0054117410136416645,0.006216140004650001,0.00773763360600516,0.009088227153143771,0.013126134202264446,0.015036415416686627,0.016586019012488736,0.01638480361046297,0.015272997620016477,0.011294147817592654,0.007500481484858476,0.005320495229779964,3.6808693268781814e-06,3.651776220895613e-06,1.5006333940520271e-05,9.206958104543402e-06,5.8895362500437155e-06,3.1159464687816264e-06,5.233880788426252e-06,2.8249941632464626e-06,5.6107736598284134e-06,2.2545807229962472e-05,7.243213063490363e-06,2.452225615684263e-05,0.42622495869036225,1.2262637370906144,1.2205720334763321,1.414365691259797,0.9340973288953137,1.5799436488212992,1.5658212982934046,0.6709634754400289,0.673968892214712,0.8415381251185144,0.827842113938369,0.5896323479532184,283.9012039285204,286.8834641136034,289.33331695728543,292.44120939191936,297.01622663565746,301.2548651977634,301.3602004826373,300.4099018388276,298.3244343574349,292.99747467960265,288.10656846656127,282.66439862715947,44.4952484848256,48.97843921396512,59.49131693797124,49.950297834028376,54.13518413264339,38.47585605077864,55.92729873140729,50.15711165855922,59.333836007955796,61.89995670266811,44.9506184845158,70.11960176938528,1.8033664838568863e-05,2.505109005869079e-05,3.410762273689234e-05,4.7810331357488084e-05,4.9633057563884585e-05,4.540553194401147e-05,4.516378413383849e-05,4.70916678400496e-05,3.717905436423556e-05,3.1899179626903596e-05,2.323535555238188e-05,1.6433319564086686e-05,26.37978125500187,26.051542218170443,25.145723866783616,24.520514130354282,22.776943756840755,16.799471670813062,21.291683028027126,22.52673383014336,25.51177626941438,28.132368507440617,25.289895711202938,29.044471218035156
LA,2010,4.2245057568463003e-05,5.7099144702672936e-05,2.5369719235757967e-05,1.7459456613363693e-05,2.6668980360309025e-05,4.262457432791866e-05,3.9864067223162146e-05,6.076898083668366e-05,1.3603020220137e-05,1.0357573817343877e-05,5.3136574881887666e-05,1.798484516209986e-05,0.0044737167562165165,0.004448259792554855,0.006276806879456701,0.00924886211192092,0.01343270402500212,0.017481856182779754,0.017821666150854516,0.01819336068521259,0.013979136420582211,0.008116338523115147,0.007896575029242084,0.004804160230342645,2.01564196471659e-05,3.090016024055753e-05,1.7929466361268292e-05,9.386768338552549e-06,5.2180645175584175e-06,4.02936935981083e-06,3.15685687514971e-06,6.836251472569869e-06,2.3968461309765937e-06,1.4841018272107785e-06,5.047267908248183e-06,2.0985866770206023e-06,0.6180504513257652,1.145241497589789,0.7949160187339062,1.7961475078274265,1.7566238192718366,1.7844390141942985,1.2685037655087472,0.4827625983763926,1.2457045940335885,0.307370076974073,0.6900914931229953,0.15552900016517027,280.93092805451363,280.63192613975025,286.5737759737455,293.6436985976145,298.96679428535884,301.9218315668277,301.79926892248676,302.47721444593094,299.8943838746719,294.00822673897176,288.7203633170994,282.9354642445446,49.60699712134482,58.95757917393435,43.56484611617559,42.274761101530444,47.40809059322702,46.70872034010148,56.804647660325,62.39469498568154,40.12791455277799,18.618098721265124,43.6858011105865,40.54557407017765,1.7082239102451495e-05,2.0186769259512738e-05,3.2634638977929914e-05,4.215851576853918e-05,4.391903941516551e-05,4.5684999504267016e-05,4.858552437203778e-05,4.3745208749939984e-05,3.739811654773421e-05,2.2278030067928063e-05,2.1966895447808167e-05,1.637536425680447e-05,28.409833397431665,28.84464569689626,26.384898895932764,19.479191571273883,18.575919684584296,20.24929360515452,22.78055624950055,22.095722205550306,19.13267716073179,15.498947917245339,24.955985753207734,24.569957928637216
LA,2011,4.758450637805031e-05,2.3445725492064397e-05,4.37459919930296e-05,2.174821436222841e-05,1.6238698237088485e-05,2.3624126319467615e-05,5.3441432595222e-05,8.992309544863433e-06,5.7692075757761225e-05,6.750666710826492e-06,2.7893440767579396e-05,4.1966887383056194e-05,0.004656358036648344,0.00615850760882001,0.008361380594896313,0.010527588054817334,0.011444884618258846,0.015575386512997953,0.017262153501625573,0.016284034822839924,0.012644474554651926,0.007953527243282856,0.007618609290872704,0.006282580026561557,5.746838495610588e-06,3.2674942782496586e-06,1.1401670694024354e-05,3.930682119067047e-06,2.087592983653925e-06,1.7491067855135534e-06,3.541249181561441e-06,6.305568218352797e-07,7.599593991542823e-06,7.627732730486567e-07,2.6387638073044886e-06,4.4498544108478215e-06,0.5439785651374442,0.9941333718244725,0.9652870752023072,3.046846852294037,2.1229886113032195,2.059403534988555,1.4509513593861472,0.9399638965476187,0.48292148810610613,0.9171411066695544,0.7332867090701359,0.9426131962716555,281.9012141118207,284.8275535453404,290.3853017587335,295.45923072871824,297.28330137003246,302.2170805102817,302.02890260033786,303.80339716908156,298.12261031396696,292.6613416887976,289.27866933194446,284.6279458441547,53.44847103906291,49.15585768813096,47.54404763153977,39.20003932225334,41.40313824019207,32.127298185512885,56.15824453962412,38.63280071950365,33.426851841801465,17.95954517391247,41.368860333240974,60.912374579702686,1.7096260406803838e-05,2.1397334180792988e-05,3.350957841078772e-05,4.653094126298147e-05,4.2884573737211425e-05,3.6708393318823056e-05,4.086335138544164e-05,3.736563236934854e-05,3.8077524435396905e-05,2.0861121903444935e-05,1.7102969147092137e-05,1.4115674205450513e-05,27.83393168698699,27.193513459647516,24.556133849921718,20.859537935291666,17.00566306561803,15.991280513978593,20.832633993503222,16.492733658352485,19.961735190482297,15.374179193560634,20.174230386597866,24.740060960168545
LA,2012,3.9414941423149376e-05,5.529304103210861e-05,5.782973379612708e-05,3.492590322673603e-05,3.1183764262126054e-05,2.5760085419350186e-05,6.1416152374574e-05,8.706087995927244e-05,4.7180551602144514e-05,5.240492880332835e-06,1.4978681000044543e-05,4.68166198267013e-05,0.0065509528929862965,0.0071867252719852535,0.01041526800038735,0.010818667172439698,0.01303863000863444,0.014735788165025616,0.01753114488716858,0.016964184580394885,0.01461397511148126,0.009369226125324636,0.006738457643505036,0.006911436454797654,5.6606045908796475e-06,1.0841973229775532e-05,1.4529638065039457e-05,6.303494121686055e-06,4.772084557068374e-06,2.095048847523426e-06,5.337863880520656e-06,1.73308580754776e-05,7.062238983714493e-06,1.7813020783417832e-06,1.534750961910409e-06,6.461656698607945e-06,1.120503020504142,0.7223251350616455,1.9449150436611538,1.0519837304558008,0.8768012155377171,0.9590598415420286,1.5410809296067713,0.779867182291318,0.5854585480891545,0.27424353230026904,0.6866809579367674,0.7779571031817271,286.8943480867738,287.36094401419285,293.25262294305486,294.2791373387412,298.28827833396286,300.69802575322143,300.9389116940594,300.9277421362923,298.69030673331827,292.62304267373366,287.3418477736032,286.4445822606438,46.93011133717874,81.15537936490864,58.49276526200218,45.690788286471005,39.97286340566722,46.85989646334113,64.85023272838436,57.24323585458777,42.7877105261248,32.02202215645318,31.468484187177033,59.10615034834715,1.9436668575533787e-05,2.1291720429715423e-05,3.5909039558993015e-05,4.815230262823411e-05,4.900298376562455e-05,4.706850395692265e-05,4.5856838489767435e-05,4.6421448916466664e-05,4.4055339266924556e-05,3.154326766537988e-05,1.81792206477196e-05,1.6968836531063347e-05,26.832781038234952,28.071263600167345,26.683976493330732,25.034947513613897,20.262204355925135,18.808305214697135,23.43249387516235,23.063716153581698,23.612327676220175,20.759126846945986,19.598918147278358,25.85163458948036
LA,2013,7.875603476861029e-05,7.039762847225512e-05,2.2446595929020945e-05,6.417049011092848e-05,4.361379741541606e-05,3.1994298834357696e-05,3.7351290014325044e-05,2.8101573722410895e-05,4.5237005933062514e-05,4.089866361280451e-05,3.22452533882238e-05,3.631313583317174e-05,0.006610910785477352,0.006339639046295432,0.005824871709589772,0.009628214024826985,0.012047545507682776,0.016278576922450477,0.015728811388858115,0.015635525250496857,0.014538077046251817,0.01116329377616071,0.006424494089190687,0.005840320289939591,2.1672251976269296e-05,2.2970810868074067e-05,1.1403289274931987e-05,1.7400670044433816e-05,1.2512444618106033e-05,6.18699940347308e-06,4.034034391011505e-06,3.126311745082715e-06,5.730031974423837e-06,6.024074492834377e-06,3.2893192089153294e-06,5.422991224267055e-06,0.5488065035871937,0.4676440274551553,0.32860192076724964,1.5107797841599895,1.604403202291427,1.0763436531351016,0.49335685467304874,0.7270861048726344,1.2122340674497523,0.9411414662450576,1.8656536849992829,0.33890402279544596,284.95340976578075,285.83870075966826,286.8025214681938,291.6673192388214,295.5093018546489,300.4596980865659,300.5135354506022,301.08990584281923,299.7440915818849,293.6925908964121,286.24728366082235,283.3091307018854,67.71534906900371,58.108257690351536,40.246543147821306,58.38078073581174,53.53591828576557,47.02417718323085,57.51232962640661,50.060618279813276,41.3022978003538,45.16238002655169,51.667078627537755,66.2397670270617,1.67099217806973e-05,2.3441770909693163e-05,3.328348160967833e-05,4.1871144481866364e-05,5.1148947344889464e-05,5.4760980947635144e-05,4.661378501967652e-05,4.020023687033978e-05,3.2771095214294486e-05,3.0916934051682666e-05,2.2460339250843003e-05,1.523420396774677e-05,28.428593691429686,28.510468393039456,24.880090086600713,26.974907672156867,25.264349798961373,22.186894651738587,20.330952813726856,18.57825802172304,18.76324666724007,24.262435566540223,24.964393091206443,27.58506548368021
LA,2014,2.115128194902187e-05,5.4247943692699306e-05,4.7325371762446983e-05,4.880282247231925e-05,5.2979282891235924e-05,4.14341831283626e-05,3.875573941877387e-05,4.498185565455317e-05,2.9304641250396e-05,2.1600032529058596e-05,3.562111574104017e-05,3.912180431943821e-05,0.0036407308522810205,0.005819322733070447,0.006795993129000212,0.009588006952453428,0.011343926422731227,0.01633794116973155,0.015518034182300277,0.01671824436860347,0.014951036400064718,0.010476011184445227,0.005690021995169088,0.007015971191881695,3.6652441480171144e-06,1.012606765530735e-05,1.214846536200423e-05,1.4247665195302582e-05,9.809886980220915e-06,6.938648317278122e-06,4.923840676315148e-06,4.465308109793215e-06,2.858169326793213e-06,2.738701915864999e-06,5.09812966080526e-06,5.210636569343115e-06,0.2925163641465765,0.5063542188191356,0.40575187635817106,1.0478763600096377,1.9684208529292446,1.9919136459952067,0.33464710517481927,0.7413943625642283,1.20572675903726,0.4494594729320657,0.41758633832409287,0.8548694057050488,280.3307732624464,283.60999890872324,286.714168231934,292.21045461104575,295.8299742058634,299.6929910437394,300.0117206086299,300.39635050324745,298.6903751249432,294.0213590671388,285.57384579528366,285.5322156556668,46.2770589869117,68.71682739795997,63.33640455517424,53.905088701514316,50.60313413449303,56.28413471783479,50.14378630554086,56.39389713528723,54.004086368583856,30.030428859256325,45.5743719849378,64.27749951140311,1.8072241800253545e-05,1.920051687324895e-05,2.8564322099605596e-05,4.409666890408748e-05,4.932315927292356e-05,5.4010031228604676e-05,5.327969968358363e-05,4.833633490148953e-05,3.985464339050891e-05,3.195296373886638e-05,1.877493570347303e-05,1.4477798451285131e-05,26.482215005232344,28.449571583233208,28.03349135903652,26.181088133789533,21.8508763547033,24.774258428901344,22.3042369058287,23.01998172595504,22.768964773768843,20.59976420053769,21.89763292802438,25.547499559218547
LA,2015,4.9301332050241836e-05,3.078623259386222e-05,6.585207284174691e-05,7.180926568745826e-05,5.576903428809563e-05,3.583248426924163e-05,1.4892881020021784e-05,2.469249486031397e-05,2.6921683879019744e-05,6.424384368213944e-05,6.40620516374745e-05,5.74764374974245e-05,0.0047414848325128345,0.00478480220215182,0.00884740659914978,0.011982718267365959,0.01427615182977432,0.016493440668871092,0.01700791158041738,0.015075965538655818,0.013883397714387274,0.00997839020440465,0.009210618151996459,0.008307571710641486,1.1491284761490008e-05,4.924354263788239e-06,2.5437520319287494e-05,2.2812040399572543e-05,1.67648926073493e-05,8.502425383466364e-06,5.32124622587297e-06,3.3204971854217153e-06,2.339951312077838e-06,1.3697197759725584e-05,1.6648573022786282e-05,1.3482590506685303e-05,1.1502374124952264,0.9963868037782196,0.3164592845862641,1.0787861644712513,2.129516504249919,1.2952803960533636,1.776453910788245,0.3285639250209258,0.9733761351666423,1.2586479720307757,1.4926749859117132,1.1313946495421545,282.0017142163171,282.0528378431248,289.44280671278335,294.3220449883468,297.0999575749541,300.28130182622186,302.5933798583665,301.6221626074493,299.2457133914607,294.6909292837334,290.4680621512791,288.4721762451945,61.7166815783306,54.15762633005945,71.44191904939167,71.0169843930465,71.74991338262637,51.54010051621323,44.00664621696916,43.94715397377211,46.474923458283676,48.69047288424122,59.643545215374814,56.66247714520093,1.7524349029652264e-05,2.1186024380245994e-05,2.6478619103976706e-05,4.0036388013059956e-05,4.7130454451954405e-05,5.6246633230960394e-05,5.173635023257763e-05,3.841510742091215e-05,3.140071629350255e-05,2.2638053798015117e-05,2.3367568767899045e-05,1.876655191784932e-05,28.124928320401672,26.93970266866191,27.974128262982045,27.247052540774796,25.995025450047695,24.43246431825723,18.374813862651905,16.978847911263856,17.690555022998137,17.842056894059578,27.75170570208682,27.919827421360065
LA,2016,4.114897605424846e-05,3.393550872246669e-05,8.256001610594463e-05,5.985457072081877e-05,3.7437925738164024e-05,5.388926425676615e-05,3.897433718564158e-05,0.00010944602074875896,2.7325300070336417e-05,4.071279438093289e-06,2.4917970830687148e-05,5.864054315769497e-05,0.005147753752653476,0.005735783285726164,0.00913619781430989,0.010368525684581947,0.012732778928822991,0.01686913968761732,0.017694977628754566,0.01853626992433589,0.015691498588937994,0.010626023774490238,0.008059422881356549,0.006750172334196899,1.6859305307584697e-05,1.59412580440946e-05,3.689956901438001e-05,2.4327708809463214e-05,1.4970669036233593e-05,1.3577507969102363e-05,6.795013047904213e-06,3.448957478145369e-05,9.992288407612174e-06,4.91499739355106e-06,3.882985752679852e-06,1.2418867122524798e-05,0.5011311050578856,0.9752229942677896,1.5186048929644869,1.3772979474920413,0.949271734092589,0.8576446505225439,1.7749509818897526,0.6493865727643519,0.6822608756910681,1.084626200511428,0.8062323920170257,0.9548667611871262,282.8789034912271,286.34917190656563,291.15169089747894,293.5091398080049,296.53783935119424,300.4788568160855,301.92646189544274,300.9143418072506,300.1411130270866,295.69386048661636,290.40902500960846,286.23772876798654,50.959140236888054,33.78888239429098,56.08170493400858,58.298988826342104,58.886279372166996,54.76203089205389,56.44011777128758,74.6745139177344,40.24660144898447,32.15678024300089,50.59081303316984,70.36766092174524,1.8951282725845457e-05,2.5507066744080052e-05,3.247807518714397e-05,4.404138609740464e-05,5.049305195446828e-05,5.4038633333537836e-05,4.935132467340203e-05,4.720155611269621e-05,4.377260008049075e-05,2.6568235941138955e-05,1.7974110504211184e-05,1.698071206790007e-05,28.287494795415963,26.845244064513214,27.27349861909212,26.90777531322576,24.58246403552684,24.608500518796657,20.68147330650267,26.93443662809535,22.285942452363674,15.246505886373054,17.73931869333474,27.6793497346464
LA,2017,4.8220322413671894e-05,3.104823980958519e-05,3.211938878077373e-05,4.594831848447249e-05,6.863150300863634e-05,9.043976498955702e-05,4.174674798658092e-05,0.00011015267544409275,9.297767862322333e-06,2.508154819268012e-05,1.6537885103622797e-05,4.0313260282000304e-05,0.007136443336236186,0.00837164816174169,0.008864536526983968,0.010762701639238889,0.012043170037327446,0.016296848731584802,0.017876385416317208,0.017979155361532523,0.01410545063225681,0.010569822657886722,0.008493021888015815,0.005948255795056114,1.3838996938875132e-05,7.4117867526400996e-06,7.331948942822829e-06,1.3352563191688445e-05,1.531289577570663e-05,1.8774897331510837e-05,9.908178128245231e-06,2.79929402461383e-05,1.0821621952080576e-05,5.921838502766386e-06,4.013761658550499e-06,5.413526545515258e-06,0.9101311031757535,1.27781769728052,1.4254238703395046,1.9087605877355787,1.3369449269499616,1.4611654821036135,1.150334874029923,0.9425656627658056,0.8176765811776486,0.9107394763650435,0.6169651552546965,0.6719622048108281,287.221844631164,289.8373728263926,291.3949300497748,294.4135606953098,295.8608230214257,298.9888776904711,301.0211792771568,300.22976381967226,298.46396319011586,294.2981432809256,289.8736219464587,284.193987854319,57.82607136896556,54.83934232052533,54.34306146657697,52.42171742000732,49.69004129321331,66.4779291879228,58.98359235282463,72.71248630796342,33.014519575133264,37.0867677997925,45.2058997526956,67.23676807349965,1.9815815397280914e-05,2.5004844056875537e-05,3.5541521703450925e-05,4.679834472497309e-05,5.283536791810443e-05,5.198108723251528e-05,5.600823596589293e-05,4.753409843824916e-05,4.6224498855901794e-05,3.2677014086924924e-05,2.1101599157889688e-05,1.6647106460614387e-05,27.991489523155426,26.664252780936664,26.447427525179943,23.392644788253293,24.714796928587997,27.48314501398425,25.72085688608075,27.17479878496278,21.435132050861604,20.688170651502894,22.60387421298541,26.132009207512816
LA,2018,3.67228694225332e-05,7.635140926957784e-05,4.037609725561491e-05,4.7983557543682234e-05,1.845656054355797e-05,3.716458455045244e-05,5.037638229163926e-05,3.682153427618604e-05,7.353656214230491e-05,4.24134785854904e-05,5.9795957133190975e-05,7.612781743659386e-05,0.004041780433666142,0.009187817829061376,0.007896681552939391,0.008408608286861527,0.013865101748004465,0.016855104522652573,0.016966648618097442,0.016684566296197828,0.017280420102654386,0.012363517606634978,0.007134907168115306,0.006672916624869277,8.070547081992776e-06,2.3832535572932145e-05,1.996703138943284e-05,2.0025256844316413e-05,7.303704267014146e-06,4.784671533598676e-06,5.075815197170036e-06,3.3865728163752076e-06,7.80089792261366e-06,6.2153713139787324e-06,1.5124904154244318e-05,2.6509999075318023e-05,1.0946975724716554,1.431012266982876,0.669255299102993,0.2935418148558651,1.1232055266270322,1.970951696241079,0.7317490793278443,1.1831553853715187,0.9622032306003846,1.0143826437623165,0.2353067851139006,0.11175627455508101,280.4225629281615,289.20863230320845,290.47773697898566,291.03216274900467,299.14649581697745,301.1656606634596,301.7985770227305,300.9828594655123,299.6705841977829,295.0634534987305,286.3988148167187,285.14594074349304,53.3799265918791,79.91337458431363,51.88086975216881,47.61181764781682,41.52899170282748,51.80666933093253,61.307827130496605,63.00421747792122,68.80571963430603,55.21865319518698,68.17975897170967,66.89197182372145,1.5962701179306753e-05,2.0558274516063312e-05,3.6671711016648026e-05,4.613593555945761e-05,4.749469709868632e-05,4.9011496729087965e-05,4.89195088876659e-05,4.414048638384892e-05,3.7488485452170817e-05,3.408616066670225e-05,2.1720619763906078e-05,1.645329987614766e-05,27.750297299187277,28.798807373591227,26.33086021883095,25.589950827503866,18.624904193011293,21.083686530252507,21.497825571883155,21.778941388789498,26.536048549229605,26.30115043943991,28.529410135686412,28.79072300433365
LA,2019,4.688550675873927e-05,5.7710925259702e-05,2.7506042627778654e-05,7.616568117241211e-05,6.1002847855748015e-05,4.781391450769442e-05,6.923277167759528e-05,4.8603018111678914e-05,1.658889070445888e-05,7.000253866222696e-05,2.337916034288808e-05,3.1819165666734144e-05,0.005497152593581573,0.007933739429874204,0.0069227463358981205,0.009787892702527085,0.014632782026857702,0.01586191209986496,0.017171713657993852,0.01796248751513629,0.015531939476672179,0.011141689036471556,0.006438390800333786,0.006700991915579198,3.377494075596031e-05,2.517865818136898e-05,2.3150112673013715e-05,3.286914312055301e-05,2.634341398014686e-05,1.1724341905942831e-05,1.279026159273763e-05,1.0172926437727626e-05,5.4182530538465604e-06,1.2581073652605543e-05,4.7818857139345646e-06,5.305991869269533e-06,0.20367579482687662,0.9355967905193528,0.5265133277880667,1.4020024565684437,2.262370217414322,1.114943066487352,0.9581678778818346,1.0395963152494883,1.4203663284376935,0.795777021345987,0.5432186111639521,0.5864671876156342,283.2795500389502,287.8281239238482,288.3376549220572,292.453944607009,298.0591759878472,300.39487939092214,300.8943056658205,301.76263374629883,301.4762408539292,294.33265302490986,286.38322441430336,285.92584453272696,55.80132215608694,82.78221556836758,64.33402628078295,54.50371774851158,53.2521417420716,58.99460555978647,58.94175250964322,62.572416062742974,32.752618192859764,52.65293798011162,53.44713892613778,58.283837904615496,1.799042009837621e-05,1.9513277550073752e-05,3.184817143026857e-05,4.426770458186097e-05,5.2436752838939366e-05,5.5294390724215165e-05,5.457844616399958e-05,4.696991709457493e-05,3.927175487896711e-05,2.93621103420793e-05,2.3209980528974703e-05,1.8399779772211998e-05,28.143557793389018,28.42805048046569,26.03173642770551,26.539276848643155,24.79923379933741,22.56866626104722,24.1670286346257,23.565025432762024,18.23146112410843,22.223399002722253,26.593713489607897,27.243003635303616
LA,2020,6.656108888631214e-05,6.686664962342575e-05,4.2239524800322014e-05,5.5439902122789125e-05,3.741182790621723e-05,4.9151364891816385e-05,6.088591697654748e-05,4.929547794771919e-05,7.424791982057609e-05,5.7432106682239406e-05,3.087641504171909e-05,5.1528311443004766e-05,0.006746396678191422,0.006629869300617391,0.010779374843580214,0.009943114395211014,0.012608840412351743,0.0156437406890321,0.018627097132867636,0.016608985634640392,0.014946330148384436,0.011172959197639196,0.008313363979176465,0.005893190348640838,1.846344863461849e-05,4.013788120399921e-05,2.6715222153787785e-05,2.3909085829120294e-05,9.853656253863032e-06,8.280523768310043e-06,8.148451244122501e-06,1.1227445995020206e-05,1.6493067697452268e-05,1.7698814050167057e-05,7.0484208454422065e-06,1.4875401601060088e-05,0.6199346976265425,0.36483578376671943,1.5973283469790014,0.6017478835225256,1.3256495772523371,1.0217090277059784,1.233373539286271,0.3863637655019837,1.41001495867309,1.100196332339887,1.3911341563415598,0.20073963838991257,285.8604722653632,286.00128196693214,293.0070176032594,293.0341475979898,296.42063091935563,300.1207621948171,301.3660603221287,301.33936266724214,298.7728380974756,293.76640577144514,290.1100679763571,284.08044809724083,66.96334835229263,62.57469023697797,78.29024978101221,61.09175734126892,54.4117581224108,56.71990117105155,63.01674848809825,45.3919215785814,55.33601509804274,41.8851245686921,36.03154312443399,44.02032730567011,1.785134435321513e-05,2.2342718622423745e-05,3.260063683934414e-05,4.533178331145286e-05,5.248798061826695e-05,5.193544793253823e-05,5.1264798141187394e-05,4.9092749180180265e-05,4.3657672094503104e-05,3.493267581835308e-05,2.4475414900307326e-05,1.795636954555185e-05,28.999715855817207,28.868686802469014,26.497505606123564,24.967635580909267,24.436023598921064,22.417981802294516,24.470034798611724,20.939880400996127,23.684701158394347,25.233607068832175,24.045846484333545,28.38880648820038
LA,2021,3.477911515678109e-05,4.34856021680392e-05,5.248411244783144e-05,6.824806287864614e-05,9.059465304418167e-05,7.17118604524434e-05,6.58079490177622e-05,6.593843200805454e-05,6.503387733548897e-05,2.7443457237701126e-05,1.3423869628436057e-05,2.9315415102150877e-05,0.005647777005728047,0.0053485602676652975,0.008461153979532747,0.009004835856018049,0.012815798978746858,0.0167723878304927,0.01779625870877048,0.01751650066070518,0.014636178686228463,0.011995366880476723,0.006945925516390629,0.00958125801791248,1.1895258508690847e-05,1.704850006564238e-05,2.3748951370725157e-05,2.5905404392086305e-05,4.5196086102664616e-05,2.7506390743295637e-05,2.153185983708658e-05,2.0318111934290095e-05,1.8767076353128073e-05,1.1402993047258392e-05,6.147012061959769e-06,8.0608172634984e-06,0.46812330399276314,0.9001746129857142,1.2525456735148721,1.1047134635855131,1.9567782350515643,1.5862826034761652,1.0293039739771659,0.5902355127333792,0.9368448631513928,0.4992045796408487,0.7087080185874942,1.6116164722101327,283.94167584015986,282.26295220496496,290.5887746321934,292.1914543922437,296.22125157496595,300.2044248030617,300.8101501760213,301.21754273625294,298.33694623475344,295.5981054456617,287.41618364663344,290.39851215935875,54.62036336653981,62.61428591687035,59.2009891770055,53.19266797649331,66.54072947451019,63.916746711990115,63.116713779900756,62.196786632049815,50.361063151563854,47.087719607714725,37.41321343983266,61.557294480535184,1.830960664408828e-05,1.9143716000329538e-05,3.3533939976138354e-05,4.471518491633653e-05,4.9342868529387715e-05,5.269128048597008e-05,5.243218728560294e-05,5.250671517158881e-05,4.023906171079438e-05,3.453249656158599e-05,2.1720883541534886e-05,1.6895584570292004e-05,28.47487052019586,28.402813610498818,27.143593778006288,27.161866331628513,27.396908632819063,26.021150901596396,27.180695838568585,24.758164596229022,24.729628030218166,24.516642064529016,22.520662189643666,25.33514416110977
LA,2022,2.6069966025350354e-05,3.5864204290538886e-05,5.26121516051988e-05,4.153202502471281e-05,3.699987361315505e-05,2.652680895982373e-05,4.6950051691849554e-05,9.811344529294865e-05,1.873790361051298e-05,2.0520230645138706e-05,6.480937414789186e-05,5.207175149016735e-05,0.004630170962310902,0.00548678579631972,0.006934834204717458,0.009673707318244018,0.014183551002132283,0.01645366678748615,0.01799105146397184,0.01790768651370071,0.013628753699888902,0.008626354734394508,0.007707066313990729,0.006608624504440982,4.942461080416809e-06,6.173217214697436e-06,1.4283303829081145e-05,1.1457967602401573e-05,5.760431687447942e-06,3.069639745150597e-06,3.862692878139245e-06,1.5691737076977435e-05,1.9406753644518043e-06,2.089810494210461e-06,7.205826357230835e-06,7.00942888513881e-06,0.6527407869980364,0.2582676559116979,0.8183088848862602,1.667603829030396,1.989701839482051,0.6157582699013023,1.8550409837046375,1.3122031495784034,0.9740333740062894,0.4528220883978937,1.171196957421021,0.3600936897077387,282.7398568618734,284.42072023881803,289.0026249777705,293.7152194579112,298.94455659884227,301.74043798652724,302.0972429434123,300.585137248748,298.863223111947,293.15681100798844,288.27706984009194,285.9237364031007,44.76806662352526,49.61646230732725,41.41996774547033,44.22244422492167,44.74814254513923,51.51136614951708,58.678527958004864,71.67795204979404,31.50462201986206,30.235101445389283,52.88636030471381,56.981252123484374,2.011002912335739e-05,2.2858210902646926e-05,3.615021601654179e-05,4.9203549962409675e-05,5.1316446149681504e-05,4.905602267203207e-05,4.8348014665145616e-05,4.422023134373638e-05,1.3654824611293386e-05,8.459346561008183e-06,7.2040700073598835e-06,5.46200018713204e-06,26.360540493806248,26.7784911434538,26.11223038564775,24.92710883481447,20.711733697142492,18.951831988131133,22.172571172772276,26.568893211208326,21.97717005505438,16.30899904409676,25.73230527809561,28.164979061646058
LA,2023,5.9038489214683486e-05,3.609359582585553e-05,3.2236399510878814e-05,5.6618228928223565e-05,3.1243085798220497e-05,2.435845618616926e-05,2.5933386074907938e-05,7.525716980946853e-06,2.273489117584205e-05,1.734114430441235e-05,3.6288815672219995e-05,4.32677975487579e-05,0.007213710960215517,0.007780550104767917,0.008545417186063105,0.009703374715050997,0.012743030120485086,0.016503155691676832,0.017544249697718273,0.01672361208286637,0.014529774416290931,0.010255583583462662,0.007394290954423716,0.006030345366823241,1.0704595085018866e-05,1.02527350448928e-05,7.402465565678646e-06,8.686789177572158e-06,4.459316953677182e-06,2.3004442441516147e-06,1.4692788586908695e-06,7.239757961287784e-07,6.059676546493853e-07,5.446327020533762e-07,1.407589602175516e-06,2.632855981721475e-06,0.9477781587792246,1.035616416898246,0.9856774527480741,0.8087229726510139,0.7093632087148595,1.2320426801635622,1.5200585018854886,0.7292039232549281,0.8138912910840925,0.6660925572249188,1.0703865485990802,0.2877331327217557,287.09034662289275,288.25775564839677,291.245142990887,292.87569806359556,297.75589939574036,301.5606032669435,303.0479365901159,304.6243902149014,300.6438587388454,294.74352691369285,288.44184198071616,285.76028290437574,52.947342703233055,62.928805712740434,58.54821130588839,64.25728063626354,58.785020431759264,46.5843077501188,43.90184734198706,29.99576957297708,41.6918425014617,45.426353935483846,61.007724719174504,55.036552924867564,5.788911052634022e-06,7.16601650311649e-06,1.028687823416088e-05,1.3451892958519717e-05,1.527328809224938e-05,1.4787683566925016e-05,1.4282195495113336e-05,9.125016350330573e-06,9.609133588848912e-06,7.509105618217272e-06,5.53425539211702e-06,6.07155853356296e-06,28.474122949306892,28.008403723634988,25.318815955839924,25.960094894796153,22.71481242216383,17.9237803329114,17.87258882534896,12.91195788121339,17.09070891517853,17.073717024263676,20.95165264723725,26.607076817667103
MS,2000,3.0391752651804733e-05,1.835692612653075e-05,5.370811297668119e-05,5.366802183472459e-05,1.8597388538445336e-05,3.639406813613128e-05,1.3320202343701113e-05,1.142759293123497e-05,2.8953964014328168e-05,5.7396492623658296e-06,7.088530629927935e-05,3.588342366838678e-05,0.004874552039203619,0.005847362014534665,0.007593445309644848,0.008282176774923832,0.012363245460721409,0.014500340311666091,0.014837946611055428,0.014665452484769916,0.012305472831593249,0.008268258534045246,0.006263073565137751,0.00337527341787437,1.8505364763843275e-06,2.015679144519008e-06,7.907096956284822e-06,1.2346184880561493e-05,2.6218872139293213e-06,2.379320912138262e-06,1.0477345983634645e-06,7.238341002589674e-07,9.061645246972269e-07,4.540390232278242e-07,6.8731803634803885e-06,4.4541270505419324e-06,0.1631876880950686,0.8605739797638366,0.4214534353651129,0.7051001103751253,1.7870660609456213,0.9823003170723088,0.5926693816308369,0.39355539280594376,1.0264985437581038,0.4426921641982738,0.18745122324218325,0.978281459552609,282.00946305506426,285.1963021025625,288.7617460769674,290.0760118555527,297.12542620014653,298.81976811635934,301.4492595219479,302.0033906200765,297.33884835542693,291.9904296341403,284.59153742392306,276.84358655819443,52.947259629817026,43.90980080791378,55.03078874367957,48.04026225009407,53.0080608255616,54.17062232331248,43.597209514859394,32.36462590718972,42.18384575138916,35.309363902920815,59.38956264685987,57.34949177773149,1.4930716338031874e-05,2.0336779480110937e-05,2.986210226747964e-05,4.194905662804888e-05,4.3614127701227386e-05,4.102349083333906e-05,3.6739158272542785e-05,2.8113702576088978e-05,2.674097885718706e-05,1.573485208461295e-05,1.653193287661836e-05,1.110192477830091e-05,27.701146274764287,26.503906532014152,26.971501007321297,26.83211212583677,21.02459961946777,21.524009713612855,17.542732884896065,17.022764389707934,20.764922381810578,16.994591155291722,26.338628276131917,28.094091692622154
MS,2001,4.8737781861983507e-05,5.0788429581264734e-05,6.0867422060917064e-05,3.0337032223249216e-05,2.730108916407199e-05,6.114845222784137e-05,3.432745791667903e-05,4.618851427668554e-05,4.6525066899142434e-05,4.9665140011943194e-05,4.58213666861185e-05,4.461476635070344e-05,0.003993799149709831,0.005982343426420834,0.005427929857561404,0.00962847965685166,0.01097206885370913,0.014579284116189467,0.01661131616970711,0.01671300096150608,0.012968661221396156,0.007808653373380742,0.007338544236242002,0.005789662195969302,9.704517648818227e-06,1.2835745105591801e-05,2.3666841123071272e-05,1.572565029177481e-05,7.651045384294775e-06,9.730144366693726e-06,3.905988263876362e-06,3.891845740206118e-06,7.222063851516172e-06,1.1852867535661463e-05,1.1363159795459145e-05,1.6142451231553996e-05,0.4351866742200443,0.5079319027829083,0.9575257039440446,1.4433854407885105,1.229116348384892,0.7858094147401337,0.5394118632218361,0.5573185930125093,0.7446670523164954,0.7576236085925422,0.6429342099324923,0.18219888094128178,278.2864692133768,284.6099817942214,284.2715792484086,292.76727923824706,295.7141810232553,298.05242493927557,300.41909447942186,299.46493406342387,295.8468447478714,289.65215713147546,288.13413804241355,283.67627222496355,56.16570665055763,66.57872377430247,62.10767807227997,58.53039533138913,43.546822923865605,55.03942785816787,59.755003232468106,63.944121367252016,47.77498210427221,30.761231188252992,42.30233449253529,49.71981407577535,1.1846200320130499e-05,1.8688784666973688e-05,2.663527933097755e-05,4.165746569426692e-05,4.10067994633775e-05,4.865234400120488e-05,4.6877481221805126e-05,4.284319124436863e-05,3.9439208590055255e-05,2.955003908556407e-05,1.8200455934711415e-05,1.5032565785411324e-05,29.043291877820412,28.415609262682626,28.622864308137885,25.642426605956146,19.753149272168127,25.69892843758486,22.741209953110488,24.646210266600857,26.29857964107467,24.24812784402403,21.240198883115713,28.32877167057096
MS,2002,5.3788271829542884e-05,2.8275155822043924e-05,6.157209068754771e-05,3.307543223050725e-05,3.2513478186214846e-05,2.6282754605022376e-05,4.494522644436744e-05,2.876711807694567e-05,8.287820244756734e-05,6.872283508822409e-05,4.282231595494941e-05,6.39394696798995e-05,0.005163233535157909,0.004075591949875782,0.006253014601562904,0.009807494864938874,0.011032438503161166,0.014280862782023299,0.017298568259457383,0.016227595229582815,0.014493346509714553,0.01179021640541482,0.006099155269968444,0.005071756682126598,2.265729578524184e-05,1.6887111989841574e-05,2.030278372669286e-05,1.9021023163720548e-05,1.1660754952938257e-05,4.9200628465398774e-06,3.899260422089957e-06,2.4543618412564288e-06,1.9163558480086727e-05,1.1756486020834857e-05,1.7465113297141616e-05,2.393469707667107e-05,0.4860025954926444,0.7353233347710498,0.8296480995531625,1.0216539110906626,1.0260323527752826,0.7839694505851781,0.6332483201407015,0.5985387998111048,1.3108691006377122,0.6686239614100625,0.45889806356951096,0.5108889700273914,282.1728766641318,281.18404297789004,286.23125150766435,292.80672141762,295.2621213510213,299.0226532327323,300.16025396136854,299.869882097792,298.68484946287714,292.86683895965706,284.4817810564522,281.5365663785426,58.63213229379265,48.48722124376836,63.33806540492367,61.91853409117344,56.05266419878067,48.70724496203748,58.81369096413618,48.89798229414163,61.27364168045168,68.95660210455702,49.69098555651306,60.92351684421291,1.4263788808523309e-05,2.1451839338381104e-05,2.684551350013178e-05,4.090303903766877e-05,4.429171104787502e-05,4.224505242272195e-05,4.735743563644549e-05,4.3333577777272105e-05,2.966082681030104e-05,2.690447955931675e-05,1.9578122769682862e-05,1.4338416656223304e-05,28.832970822413852,28.049791795292546,28.303741746666272,25.901085030861548,21.92297383944332,20.881937470425115,24.752582259472298,23.36683228226945,20.80051622007108,28.8997398949891,28.40851581795013,28.988335565285
MS,2003,1.5445029905210905e-05,7.135651933151575e-05,2.7056479462620377e-05,4.582806404414625e-05,5.350321101282765e-05,7.247446706349e-05,6.197503134186925e-05,3.081291895585407e-05,3.2008349149932235e-05,1.9083596829178123e-05,3.715917278420477e-05,2.841474964353674e-05,0.003470190668621111,0.005203026569312932,0.007117102557525082,0.008745660230370912,0.012952344712662756,0.015058296583099989,0.016703977762985083,0.016767775554050502,0.012370532076772602,0.009303334773940776,0.007181670278884918,0.004352399563065554,1.8296155484839317e-05,3.2430898017225956e-05,2.636013470111825e-05,2.170584705214103e-05,1.676211694254519e-05,1.3350677743402218e-05,1.7003767531004485e-05,7.094909212875121e-06,5.860317109529413e-06,3.235986313081971e-06,5.364923997701362e-06,4.39576912129215e-06,1.076972946663469,0.19790773876717208,0.06322475653664811,0.9549683891799376,0.9939852969685021,0.7338870676503148,0.9833545249221582,0.4619714590457755,0.7902813649640901,0.22523480889720374,0.49924204170391284,0.2748235481386727,278.2802683856656,281.71450703402013,287.0863706052316,291.72057327617756,296.32445153588424,297.9665583542163,299.49233387783687,300.20618251178496,296.5585549905295,291.73219253237676,288.3018165138199,280.68927444241456,45.50492568983882,70.46217688531658,60.3850912124284,48.38303444014454,61.446959454144725,60.21723510911225,55.80888112257134,53.62723509042252,47.32852711201337,40.4040222008504,44.04989041222838,41.46799778181444,1.2797019859723271e-05,1.6413724452152876e-05,2.634076839238232e-05,4.179498555594301e-05,4.730577359440496e-05,4.866768210202085e-05,5.2684995510932416e-05,4.7723354822021506e-05,3.907502587835804e-05,2.4651548541539372e-05,1.806489285672469e-05,1.4397806871780552e-05,27.433468334350376,29.43666276754667,28.06969044245451,25.04239399667653,25.421854542863223,26.771877185386202,27.19409645381329,24.057713247340118,23.485868057490787,22.532732571781768,23.342395341095926,27.851339243720837
MS,2004,3.871089289731789e-05,8.181318221350405e-05,2.1189496006903657e-05,4.1815300903604956e-05,5.85029943211194e-05,7.68674893324152e-05,3.540628796652456e-05,3.2245199979884364e-05,2.436621028318925e-05,5.540942118927485e-05,6.744649009298049e-05,4.34054186074171e-05,0.00449014473111824,0.004794302988839253,0.006854861622974852,0.007671211425063119,0.012757629796505136,0.015870179560362577,0.0163723981032609,0.013756986188946989,0.012104731499324822,0.01195651311189426,0.00794551498222308,0.004442478946675319,7.3040416470444615e-06,2.73214511836254e-05,1.778513785160603e-05,1.1573657736627752e-05,1.3867353265839337e-05,1.3252836474861605e-05,8.796113273476169e-06,5.015589413535899e-06,6.100368280885422e-06,7.509522446351167e-06,1.2872541076474417e-05,2.138040859962523e-05,0.3256692467941741,0.9518845946244419,0.704691921021124,0.46567042673982,1.9272464999884464,0.9478568220270774,0.6074984964556563,0.4460784938132341,1.9081257343337257,1.0358241902297667,0.6811759470331487,0.4329899644056605,280.9415612317623,280.9063230345654,288.9725682195521,290.5568095280878,296.021328357191,298.31633537020093,299.73128205775373,298.35824998168977,297.3887097833778,294.61436808354347,288.29341521971406,281.1578275798563,57.22950810685254,70.21587680817237,48.19261788634643,48.55935171482975,53.83360819994657,68.58377923413168,46.01719813970257,45.79261517047654,34.43391398046668,59.5728144833862,68.7694425417387,46.28331294740084,1.4360262760062572e-05,1.6792060135963972e-05,3.055885940081266e-05,3.92505522770679e-05,4.7927585225100216e-05,4.752251454006136e-05,5.35803253752078e-05,4.556694711879329e-05,3.683223032066822e-05,2.595052092918958e-05,2.013911864287828e-05,1.4421773420488818e-05,28.816000357206427,29.424755610849346,25.720737110840158,24.08867562446924,25.548167158675813,28.007270570505433,25.70836230560084,22.6986754136609,20.388001383787017,24.852135685998498,28.45399262715752,28.33944455521874
MS,2005,3.374651718701112e-05,5.682401334216336e-05,4.008436348660794e-05,5.024487161753339e-05,3.771689179901649e-05,2.9600034591899862e-05,6.55035913941175e-05,6.151207609856989e-05,1.9181515524313093e-05,7.784138208155158e-07,2.970478071362391e-05,4.095551263972084e-05,0.005450332709531495,0.005904088353192963,0.005823768935669248,0.007936799109597683,0.009665595079255707,0.014474519425816406,0.016666919211773983,0.016305709628497558,0.013447050619545141,0.00764177359281903,0.0059820091146135035,0.004173535831211366,1.4962455370014605e-05,2.317189267944926e-05,2.0589132936791646e-05,2.2383852826424144e-05,1.1971857658804124e-05,8.393826393970286e-06,1.0338022457956019e-05,1.5138478439756352e-05,3.663804488279393e-06,1.9400654465068206e-06,2.4176082965928277e-06,7.1074047383893946e-06,0.22601264118244366,0.24489039636552362,0.5286828859130464,0.8473156328497071,0.37312055470350347,0.4705763018779369,0.277964688156743,0.281003434958225,1.1025386422430627,1.3552081136897494,0.6280637871260927,0.37844616204392634,283.3239339436835,284.5576088013044,285.96858401282236,290.7920029777372,294.9154298625539,299.10293929213594,300.38193581582834,301.1327458358369,299.0507470126008,291.5556539182585,287.5653039515853,280.73486464045493,62.42787426815023,75.429244809613,58.85984443243887,47.32484149574892,44.73966520584906,39.22234963488167,52.45571026587129,44.12861936622278,27.875366044699035,16.424420217079046,41.34195505990988,46.63487055306692,1.4302146049615411e-05,1.8302130175151703e-05,2.844810521915994e-05,4.229780933982197e-05,4.333056773285047e-05,5.0643421318881695e-05,5.0794292081208146e-05,4.708545656722721e-05,3.977499931375848e-05,1.9876551759016756e-05,1.6286777128769643e-05,1.4131231440562848e-05,28.23704086835095,29.384813210568883,28.75858955076502,26.721289313181753,20.659151554425737,23.634027072354737,24.55733067469271,22.178007979854264,20.41295405994528,16.309048084696,21.06399489645426,27.656892750195595
MS,2006,4.887186385820199e-05,5.8373278853867086e-05,3.414689290825763e-05,3.473183274650824e-05,2.8161060683367094e-05,1.223698192713986e-05,2.315908767168065e-05,2.5904637800288117e-05,2.597535739940024e-05,6.666457293090074e-05,2.965683261771396e-05,5.0150275738874346e-05,0.005470893829221576,0.004331586218274317,0.006219242860222454,0.009675380528630142,0.011205747919223253,0.012221505592791185,0.014810212001844375,0.015767268156004103,0.011322604952964523,0.00830681456770176,0.005994148358477392,0.005149308904642784,9.678198945499092e-06,1.4014862376152348e-05,1.17400709325805e-05,9.047760033219432e-06,7.725827975346379e-06,2.6690695247235122e-06,1.7241783890173383e-06,1.3481454327202936e-06,1.1028783775646824e-06,1.2034783945023013e-05,3.7333564397257346e-06,8.537309595719239e-06,1.105845796964655,0.14588445831654612,0.57504199150151,1.4478132563771,1.1564208096019584,0.5700732438604195,0.9122598486393994,0.5042938816211022,0.18933083050805602,0.2680032775120242,0.12634046652454087,0.5189206376931862,284.8219904448882,281.5747260598122,287.77617777154904,293.9145684564986,295.9103408367808,299.7913031322222,301.34000928460006,301.5988242545624,296.68467112734396,291.41622132590305,285.33839186782586,282.96517175508825,53.54210362032635,60.472295105532595,51.00496812357278,51.413669712230735,44.260280872302765,38.91619744722873,60.54123903474176,46.57484124717669,39.202628013533584,43.543814912343365,42.73872086701121,48.53462717328847,1.7303145315368794e-05,1.9453312230660694e-05,3.063927679908082e-05,4.285692023856774e-05,4.739503380099642e-05,3.6078130648019187e-05,3.3423685895978355e-05,3.2427080653344144e-05,3.120051540244157e-05,2.398345264736084e-05,1.9269757496397454e-05,1.4123239954734895e-05,27.71252301375966,29.113225049229104,26.884613038166044,23.46998073323004,23.186656072080652,16.87701768621052,18.410446638687745,19.275021704765077,21.341056309322067,22.53398690565191,27.09717596821887,26.962338250256185
MS,2007,4.276938005653409e-05,2.47718055897208e-05,1.7991859861339246e-05,2.8887526893143973e-05,1.4496547117307585e-05,1.990213243420474e-05,6.039804661542323e-05,1.359108809501558e-05,3.356808347124463e-05,3.9241504124752325e-05,2.2181803439916132e-05,3.188609426765673e-05,0.004646279960124837,0.004014208335302581,0.006914157789090871,0.006832468582149734,0.010371699616247688,0.0133085791311048,0.0160471753471987,0.015691582017820414,0.013586311672752377,0.009659734912013988,0.006279438916056199,0.006025624041435662,1.1006560181615192e-05,6.965396591832995e-06,5.856219389133557e-06,4.776244120134579e-06,2.431048665254776e-06,1.8514477955908728e-06,4.644616924555288e-06,9.87096923689211e-07,2.645609542204379e-06,2.4965050031998153e-06,1.4409730505938445e-06,3.547119146283617e-06,0.1265215729050795,0.36360059901678654,1.2859025655580578,0.3964051538599594,1.023327596366747,0.49330411597182955,0.6220225540595608,0.30599449177943894,1.0939072697511654,0.7144823479397582,0.008760852790718867,0.744952842963392,281.610060195652,281.53603922675666,290.00628237297764,290.00850057298027,296.1566962761098,299.88609819908095,299.18271152864304,302.4663861607612,298.40918776627217,293.02549982333056,286.5325047395209,284.55206919127886,64.4282164922142,52.9033173581253,53.118182433249814,52.936501694414474,52.326042788583685,57.46306243315485,70.92233248626123,43.46673298715431,51.07517873141821,36.40977914467189,44.06945242281085,59.637766390526316,1.3824249161315285e-05,1.9805659147568644e-05,3.125771532202864e-05,4.0405036681353244e-05,3.709656843805592e-05,3.4878526080866574e-05,4.50981757483212e-05,3.392628119258593e-05,3.3452819050964195e-05,2.3503456159272497e-05,1.7892908704611507e-05,1.3764036443395714e-05,29.0663280048509,28.110519667325462,24.70395598711123,24.165918548380507,18.634844594147886,18.31577212581997,25.7707150651085,17.28991710861509,22.317175802966208,22.205378576905446,23.947633249409044,26.96909759505306
MS,2008,3.9910703835792677e-05,4.478604425726204e-05,2.8418447393569262e-05,4.4984792552646126e-05,5.273014098597474e-05,2.2717465428010612e-05,2.76177554995505e-05,8.51804169235262e-05,3.774791737179645e-05,2.3726255696168177e-05,2.8478522609819702e-05,5.9773132213837126e-05,0.003977969426057488,0.005205342159426494,0.0062744806679952275,0.00832792015079315,0.011514108627573967,0.01423613211399665,0.01498528414464007,0.015864990497649705,0.013484594492979366,0.008490578261311147,0.0056453936046114055,0.0053355872840423,4.4136820721190775e-06,8.269394251932906e-06,6.072427232879587e-06,8.512655280100801e-06,1.0661179287261654e-05,2.648014581011641e-06,1.963224960414339e-06,1.0685374291725853e-05,4.263871263438324e-06,2.190938383038561e-06,2.0554388602358214e-06,1.1454203422505161e-05,0.17298229952103822,1.070165555501015,1.0906043943122052,0.8808854337160986,1.2705213187393174,1.2694898368812015,0.7769241939591961,0.4544414827352895,1.3562024020539272,0.6371528531814458,0.19166756783538624,0.4647059224151531,280.1690498685439,283.892090865822,287.2502464448955,291.04231186234716,295.6874368551788,299.81170038990683,300.9625121714957,299.2601026726905,296.91696999730544,290.68388554982516,284.775792671296,282.9161356905414,58.15315377568185,52.130234800701395,50.20362513350764,51.25067060062327,52.43252182262683,44.71214366576086,46.037654504378644,59.208071542610696,50.39359009392758,31.33639525953174,36.93194286387857,63.1046996651545,1.44288826887132e-05,2.1027337406241574e-05,3.03269588287122e-05,4.18487271755424e-05,5.0169024186745705e-05,4.672679267864125e-05,4.28847216913782e-05,4.406007491311793e-05,4.161526720788816e-05,2.6682536475769976e-05,1.741651613868034e-05,1.5030259975028347e-05,28.524112574481265,28.98847803164022,27.186681519665978,26.10890623154195,25.706905706692332,20.245674070451386,20.687982212365622,26.0857530989202,25.647756550592185,23.013429642697396,24.611665403510294,29.424210798845394
MS,2009,3.0214505108053632e-05,3.6861399268701595e-05,7.317968148391223e-05,3.2498887107933335e-05,8.022324808901791e-05,1.3395471464812154e-05,5.861672170566855e-05,3.47240498882265e-05,8.137552335687804e-05,9.398422435018253e-05,2.2099358134284208e-05,7.628689681843441e-05,0.004370865119323002,0.004913149178057427,0.006781256335232249,0.008097656579119,0.012764328232876833,0.014749406706110623,0.014945201864689837,0.015524275664674207,0.01489919192450247,0.009736144432666552,0.006478287475934924,0.004524853812083718,9.218949314691749e-06,9.1488546823795e-06,2.516079210822422e-05,1.7061664688773465e-05,2.4784766866057135e-05,8.662435195645427e-06,7.383416438515788e-06,4.760428793579726e-06,9.967737442160349e-06,3.0405520836353116e-05,1.7456744222132106e-05,3.7819955716407576e-05,0.6163201463109191,0.8827117462939006,0.8103080462643796,1.173318808962928,0.7091029166794632,0.8802259496034572,0.7744619857031271,0.23185120430278097,0.9318065948084319,0.5542682731245017,0.4782568838575182,0.12473341370281286,280.96892542644053,283.96358457250443,287.63605135219626,290.9608909700749,295.49777742387124,300.55635066287925,299.9035628365117,299.2794851480503,297.37932326463635,290.78212537654076,285.95660306949065,280.45742435853646,48.421738430290475,48.54970348572387,59.45036079797362,52.4475287806474,64.38603949871718,39.96106425377414,58.616855267648816,49.43980162506072,62.82360031814305,66.24667842752295,44.76647932223704,70.00024105546755,1.4145497119198536e-05,2.143160530010083e-05,2.923111545214685e-05,4.3407026629413104e-05,4.587971396125326e-05,4.9846934044887066e-05,4.3543578891473704e-05,4.6666165873708415e-05,3.5646056986293394e-05,2.857799320155217e-05,2.070456783476201e-05,1.3686597673712282e-05,28.318445118126103,27.799320823012224,27.711603688115733,26.3379609564904,27.854831207654737,20.437602370832085,22.524077756983658,24.47460209438512,27.43030089380621,29.18317447877224,27.01661472577806,29.46192652118616
MS,2010,4.6448989979611864e-05,4.721615070848894e-05,4.124201442563466e-05,2.3755884719660937e-05,4.852750536952772e-05,2.673736083485885e-05,3.5354894668746484e-05,4.48655514980763e-05,1.0083430850010432e-05,1.627196148211516e-05,6.0095009924272605e-05,1.8284880548289435e-05,0.0035183207310820284,0.0035844442053008995,0.005502385337934892,0.008185507320545283,0.013031009476584286,0.016710872890599776,0.016961351872166176,0.01751197527353572,0.012024359698213076,0.007131522569190061,0.006798433418122729,0.00375369685504066,3.141349090676916e-05,4.323495800951917e-05,2.532329863177642e-05,1.3782909779451791e-05,1.1669631164614413e-05,4.537963072326198e-06,3.3904830285504687e-06,4.097188748786388e-06,1.4218011496289435e-06,1.2778194112627501e-06,6.474027695321706e-06,1.9628058448768406e-06,0.6574660598653174,1.1734348359821478,0.6523540266599042,1.240798243549904,1.196671167683922,1.2129524477379023,0.8097877826774766,0.3151866938192207,0.29523526451901744,0.5115589159620646,0.5932657429282922,0.3171665717110435,278.14030012035767,278.3195777228472,284.92054649542234,292.333013800434,297.11673070213186,301.26397974342575,301.5827338780678,301.97590466518926,298.9279094758065,292.20397337162615,286.57708166831037,279.549455886393,47.92984219513352,59.33032344375791,52.25159284954325,39.424551688930535,49.262064712025996,47.22041538098167,50.67232481241485,57.42114804192824,33.52963238415605,21.253550920560407,45.77715025807925,46.63146912060082,1.2695796922287082e-05,1.6516705705445723e-05,2.793985023056495e-05,4.207540084469707e-05,4.8425302269455374e-05,4.576968761686256e-05,4.554228119271986e-05,4.233070068510712e-05,2.911677746685928e-05,1.916004625557931e-05,1.8725195520656514e-05,1.3360783722924202e-05,29.108062483109507,29.284923259347252,28.077330115136064,22.9337074631195,24.42525992339351,21.385196640293834,22.51641881609386,22.699433357260116,18.008912839730122,17.726906726882017,26.534608521794073,27.092118414003117
MS,2011,4.668009787544153e-05,2.54822368313821e-05,5.7121239279901066e-05,4.42108826231987e-05,1.923372838678379e-05,2.1444705276325463e-05,5.094905268678962e-05,1.3860362067138523e-05,7.83398692069018e-05,9.831520728232675e-06,3.0754649411624266e-05,4.6277388993981e-05,0.0038839327955310504,0.005299114227441749,0.007148107878977209,0.009750703664343068,0.010805619390406663,0.015020886070341381,0.017138220603236415,0.015625539058127694,0.011923522772282731,0.007180765946336048,0.006809145797169931,0.005558903451666704,8.053401805063951e-06,5.043552575379265e-06,1.4863421253940023e-05,1.3349879549249655e-05,4.752338063193919e-06,2.745060783769902e-06,3.902289571847017e-06,1.3659787644771078e-06,1.4553908551452908e-05,9.383927010042257e-07,2.248326564261924e-06,7.1197597390840195e-06,0.46820791261352557,0.9997522086918924,0.5746300148241389,2.4636355530327365,1.4086158705226526,1.141996595766288,0.7772282571477753,0.29184817924917206,0.4146345241206216,0.47974477065866306,0.8819204723599545,0.38732931527313136,279.1061927935979,283.27568300720964,287.95825816279444,293.4220948489015,295.40008555531307,301.4800633247521,301.2680852940698,301.9182177259292,296.0055866030631,289.89512244428397,287.1376146794286,282.677480466637,53.808294168267025,48.806022061500734,52.17814474933509,44.518215762348476,46.30310406761932,37.57292085763771,57.819216229875025,42.00236372961978,42.90099550750192,21.533512024247973,49.65199030372804,62.67274862404041,1.3628297524076913e-05,1.9166979095818715e-05,2.9531091658299236e-05,4.6785881008309946e-05,4.429894354927192e-05,3.862709424297724e-05,4.194758375198128e-05,4.002282609967532e-05,3.928397155041575e-05,2.4584022325332715e-05,1.6985465367764073e-05,1.28714404692928e-05,29.11723079568106,28.161298735692586,27.087893545731564,25.90897199789135,21.306154960255387,18.062714120091446,22.562345147922954,19.570335965317188,23.803952611981106,19.965255113402,23.55258019188504,27.84689779492014
MS,2012,4.2678469899610075e-05,4.696220426010569e-05,6.078828261664995e-05,2.533060687657058e-05,3.079081132051801e-05,1.8316240627916696e-05,5.128549851854757e-05,7.596256151687332e-05,4.452792600034358e-05,1.786438581165561e-05,1.8061262911973583e-05,6.057563189009809e-05,0.0054799759840230815,0.005913317133600897,0.009061998101503007,0.009246240148226342,0.01214269249135902,0.01309500846733187,0.016985355965891173,0.015781020562544733,0.013029234877008024,0.008257566512592057,0.005616113297660324,0.006128926227338549,7.101624309385101e-06,1.09564325060912e-05,1.7531635020057814e-05,9.89430695338932e-06,6.535375775460698e-06,3.4791711917041862e-06,4.135621036025268e-06,1.1277803622645075e-05,6.935593820438389e-06,4.197084012945407e-06,2.0788712258359023e-06,1.0482313933749189e-05,1.1954792395368283,0.2162415758016987,1.529800960184337,0.4639285838243239,0.5051009668865363,0.5201270661875654,1.2365214081813178,0.732939781819221,0.42988033938994463,0.30504615649273853,0.42061936642908065,0.8510539084430274,284.51382214530946,285.06641445543823,292.14336021161535,292.59467400994134,297.2561829944708,299.7838238434577,300.76424178757793,299.68245370125794,297.14158826985187,290.38912700095995,284.4981966599984,284.40698959139854,47.502767924356114,75.13550685770983,58.18580899065218,44.470307552670555,41.832575808193525,42.66286077193556,58.73583706128157,56.58659041580798,41.75141102598486,34.753711064044865,30.075527945674636,59.744854930006085,1.7037259600290608e-05,1.9459958159352137e-05,3.374280148874588e-05,4.433642272875812e-05,4.707971688770973e-05,4.041211975987615e-05,4.353962260235848e-05,4.7112260112791006e-05,4.070416997980098e-05,2.921052377797256e-05,1.6427383903278152e-05,1.4857517926874853e-05,28.631642606395054,28.95356125604137,28.037268141593064,25.26958590719892,21.979455369886875,19.19425173487082,23.53033640898375,24.4109108184396,24.364576428111764,24.095587493425263,22.56385509666897,28.432775634020754
MS,2013,6.997976451953362e-05,6.921400273134784e-05,3.8680231847306845e-05,5.598602856811273e-05,5.689459193174493e-05,3.842375591697548e-05,4.455071590187732e-05,2.880471014437231e-05,4.276084380267177e-05,2.941184972094217e-05,3.400770821545818e-05,4.7990548328575056e-05,0.00566481595160614,0.005016031289855859,0.0047991610831827885,0.008542845321060808,0.011043519683478746,0.015302668156612576,0.015289865202561025,0.015497208522981937,0.01322166286242997,0.009988885003347152,0.005335215507072239,0.005106455087900313,2.0799684846933194e-05,3.0953884329244815e-05,2.5520279120653917e-05,2.2249686161610498e-05,2.241111972380374e-05,1.1955224505562808e-05,7.668907457056855e-06,4.534327785324234e-06,6.706213441652468e-06,3.957804192927996e-06,4.0998238456105415e-06,8.239912294995473e-06,0.22023801420508912,0.09617673688804164,0.5696657353215765,1.1518213735583873,1.1824685324894837,0.7406414955261227,0.13240863862597751,0.45253823829166623,0.8381286892781806,0.513872796151817,1.2100166254585643,0.10931565596382257,282.93567100058374,283.0169851123634,284.2006502677406,290.5717895534196,294.2569297610175,299.597444313768,299.4753130281835,299.7493797786875,298.2946292609408,291.9901012322993,284.0748435923136,281.4773722194884,68.28890649758515,57.16095880296352,46.0899817320758,60.98158575604299,57.340637027137454,45.61027930181717,58.6137267052454,54.895543150886674,40.95830432444439,51.349677383925204,51.465678397719806,67.34305515813602,1.4510807490262512e-05,2.0000041389195285e-05,2.766835923167295e-05,3.9841747506980454e-05,4.843572530335732e-05,5.354139118034905e-05,4.611301145790444e-05,4.4053894575469304e-05,3.067971029880313e-05,2.653860443743921e-05,1.8479196657675757e-05,1.3661397128772426e-05,29.405605789952396,29.122995670095182,27.398542047428048,28.18070143451134,26.638117540832525,24.421608978400325,23.02291862225129,22.665860771332753,19.833026588790553,24.90603863278425,26.513090385987766,29.019028493371124
MS,2014,1.95839891326602e-05,5.741001528087087e-05,3.9245454309016365e-05,7.041853033298719e-05,4.311510340145601e-05,3.51580757559149e-05,3.2581802341637924e-05,3.7007253143109535e-05,2.066345395938307e-05,3.211284725579993e-05,2.7004643931268022e-05,4.1317484709956096e-05,0.002722553815595161,0.004725834484929734,0.005637979005694891,0.0085652979659068,0.010733918080211423,0.015610968561918166,0.014292445365814605,0.015504449086559135,0.014024249158620113,0.009496735942532353,0.004688994333508996,0.005985192962429681,5.872056617210538e-06,1.572970242315805e-05,1.4793762728510634e-05,2.622382394599144e-05,1.2855084341563403e-05,8.23036817514474e-06,5.827918763083928e-06,4.389412721064495e-06,2.0983773864009884e-06,4.074151506680221e-06,3.307437454288102e-06,5.452200091011816e-06,0.5962198534503864,0.3900457765283685,0.055487333099631525,0.9544877523520736,1.5451015769382768,1.3931936546374157,0.65805598312475,0.3814671999577564,0.864514388984237,0.7807586782710504,0.16333075088435148,0.5594673854031886,277.31709355383623,281.2747821393014,284.8247896136368,290.88467834099833,295.07900057712334,298.91083891023214,298.7561523882253,299.7145708650952,297.6854270440829,292.38394645495805,283.1237761042483,283.34613694264885,42.51439216848454,67.98124967469404,60.35943295192311,54.17141689489664,52.615092000889106,60.48052706245869,51.72232555622542,56.52095785227623,52.23807379990153,36.549128846996474,43.73547758654906,63.64120432699436,1.3871380206095248e-05,1.7308647781833105e-05,2.6248896680652205e-05,4.1525945061800254e-05,4.8887530075899944e-05,5.147426305909043e-05,4.705250344222969e-05,4.148979219635525e-05,3.459556597045933e-05,2.7055606978958707e-05,1.5114057839835372e-05,1.1801142154855046e-05,28.01687653316306,29.1898332876028,28.558801103799798,27.581976390295377,24.261776533696516,25.514829111362637,22.34816723637695,21.782741262397675,22.64710116922355,22.59461277538225,23.770136017347397,26.850945752045753
MS,2015,3.7678909265038426e-05,3.993483561945875e-05,6.201251814993298e-05,5.664487838260944e-05,4.277523807820374e-05,2.7900819634379757e-05,2.8090854372693785e-05,2.3732962376351237e-05,1.4389122163709083e-05,5.140610425921021e-05,5.719359774193534e-05,6.668699681579838e-05,0.003851985079710318,0.003475448152723588,0.007638941530192183,0.01036543867886993,0.012180032076090233,0.015571908866837389,0.01686057002081071,0.014474074705364496,0.012618734320471364,0.00878926552715772,0.007893714414944259,0.007546383891239116,7.659451571388385e-06,7.012086592929483e-06,2.230728877216235e-05,2.1251240725983923e-05,1.3769900247095445e-05,6.946847940342223e-06,5.678052486892373e-06,2.6515090754748466e-06,1.5502533203845806e-06,7.487747364522615e-06,1.298222368226625e-05,1.5358015801753373e-05,0.7949868042395039,0.9176747553972466,0.29053998546015786,0.7102947266975842,1.4403587251910406,0.9598355588727149,1.3738364784418606,0.3950284970519212,0.95636698555944,1.027568134821427,0.9608421649245228,1.249910427891025,279.973243670768,278.70619057569627,287.760613904678,292.87118256799255,295.959962823464,299.5932423570581,301.77090834086056,300.4535121896479,298.1435755639177,292.8640415681069,288.71830217646,287.167681593701,57.041191260057666,55.78873463742868,71.24174173100427,71.9135667368718,67.09574003186202,53.14155874732399,49.087587561798216,45.45080011131274,43.956930197496554,53.803438751156854,61.328568641652105,57.79296137067944,1.4469690115519316e-05,1.7758311515297463e-05,2.4169475203189134e-05,3.8831234479993725e-05,4.45974864872009e-05,5.085436558694808e-05,4.8213859922098576e-05,3.5456744124200606e-05,2.4663803511738375e-05,1.8280236397266943e-05,1.984616395809951e-05,1.6363497904459198e-05,28.761867667196263,28.157184982360597,29.29813670199965,28.323017703666295,24.067279778171315,23.606489302907374,21.271290146961874,19.087263915281348,17.08180589254426,19.401407188218606,28.21449305861421,28.89729242736207
MS,2016,3.389335458706747e-05,4.774969028935861e-05,7.139913503265463e-05,5.160809841415146e-05,2.898692381843151e-05,3.292725549520537e-05,3.96812629931824e-05,5.408616745103285e-05,1.9679435084369488e-05,4.0379458537368205e-06,3.29562740571673e-05,5.5188925851047366e-05,0.004170826634142951,0.0048523949244889154,0.0076609483326452645,0.008822996562726646,0.010858471525636522,0.015076999897619708,0.016856267140363635,0.017493135541498804,0.013788420904185477,0.009003773412601848,0.006525100110790598,0.00545770546581239,1.2887957841706957e-05,2.1375151609702783e-05,3.495482378664485e-05,2.4436014618185685e-05,1.4324609050318012e-05,7.050852638364741e-06,5.100671982965548e-06,1.0084522849649664e-05,3.5832271078856327e-06,1.8768631599961402e-06,3.920144354523478e-06,7.5592851371115495e-06,0.25930615740496205,1.0195893558084737,1.2090687769465944,0.8951001282902801,0.2840273436048706,0.3501562525474902,1.3552274143290428,0.4265147377154832,0.3840728804217473,0.4809068294725191,0.2719901039083077,0.3828172719906867,280.186068634591,284.1131465936894,289.43790500737356,292.1575328308821,295.4589036654136,300.64289776720585,301.5765821980233,301.0444781399745,299.7228187555226,294.6339067794049,288.20843270085464,283.5898920799942,52.73053864081974,40.09146996803846,55.97655297694231,56.087179375135875,55.2693904081482,53.339641026337326,58.18154271710008,67.57552909668836,36.11397535598152,30.93578836112771,46.45086826794994,67.26149585184031,1.479107298533206e-05,2.1345846466548238e-05,3.0226406597468068e-05,4.26333329828596e-05,4.770718178973348e-05,4.810574427074986e-05,4.301782059221883e-05,4.607616436828108e-05,3.4034284625508526e-05,1.7263565255634983e-05,1.3337944947142055e-05,1.4218571105540534e-05,28.711342399173958,28.119020592440823,28.253625239195674,27.531583108783906,23.839108738164544,22.184845976417993,21.35568131147227,25.61888369490446,20.26630722012046,15.774603861428334,18.85671479469492,28.796345016319442
MS,2017,5.4475546486174045e-05,3.1740405491092293e-05,3.3762088150997725e-05,3.642802408811385e-05,6.1853800918114e-05,8.519726077102481e-05,3.414300862786631e-05,7.90171883564618e-05,1.4478834869296135e-05,2.4775573027225997e-05,1.5665743699441467e-05,4.101109272338327e-05,0.0062865229130270525,0.006766804100343321,0.007112985176383009,0.009649128842908887,0.01131541534789779,0.015239074106635704,0.016929815022430555,0.016729564320695556,0.013037642094298717,0.009411925676803596,0.007037917805081628,0.004888692768801182,1.3308460777334923e-05,7.142612897207528e-06,7.752217693944674e-06,1.034486292634898e-05,1.043554020397054e-05,1.8594661791738647e-05,8.177893995708469e-06,1.3651910398776423e-05,4.933523105420966e-06,3.6590755700928085e-06,2.375103353423401e-06,6.625655259345594e-06,1.0595896851298647,0.9538280450658085,0.939907455463815,1.5564713612893688,1.2245121545659154,0.9807780058027886,0.9297605177907474,0.4946509739157334,0.6806331623990793,0.5527888548997152,0.2529687765038624,0.5286181043770292,285.46952491287277,287.72301059577046,289.3556473886612,293.5191936830228,295.004539804942,298.12802947523517,300.75469877558544,299.53596287756085,297.33317487561243,292.84574954337023,287.52917822581304,281.94442041426174,62.41411504198461,54.28903222677768,53.777108837803034,51.899922505183106,49.71960642523177,67.11331989649287,53.30320425011518,70.11812927065641,33.888451164036546,38.052103457568265,47.341490407839935,64.79949481159423,1.66488370466396e-05,2.195211284599587e-05,3.202741670019113e-05,4.211824878636914e-05,5.138857204701238e-05,5.15195451688465e-05,5.468151681352704e-05,4.548163592437351e-05,4.248148207755449e-05,2.85620477237213e-05,1.776127362620629e-05,1.3498498324010786e-05,28.914726800747637,28.08537271696913,27.828412466570448,23.966996892692745,26.25891655892947,27.699068993511354,25.064059597728214,26.195175562807187,23.555304462642308,21.95493887503166,24.50033953959415,27.20375750444401
MS,2018,3.4789221007430254e-05,8.784210232559276e-05,4.834065392054451e-05,5.27622181872229e-05,3.1150533682733095e-05,3.547111591330719e-05,3.8090125443240786e-05,3.679305850409696e-05,5.871326181401337e-05,2.8264202204007253e-05,6.523403925914453e-05,7.945129516862937e-05,0.003300521509368601,0.007843910051341852,0.006533414535176122,0.007248905693317883,0.013476100395948699,0.015928259468408663,0.016634890740054375,0.015895758877543364,0.016220090620684892,0.01064406028841668,0.006153419781862598,0.005848123758874258,6.687007768735997e-06,2.8389514226007877e-05,2.6905134182672925e-05,2.0775783510082694e-05,9.651058975044591e-06,6.5768097249985455e-06,4.47781785898187e-06,3.3027724837313954e-06,5.955551292389908e-06,2.8764029190504846e-06,1.3566741753659132e-05,2.3672879821220534e-05,0.5830552333358903,1.1235644206753281,0.5710782248131486,0.4178846724514011,0.7571286127761542,1.2043244911404913,0.15091382368125436,0.8402088044435619,0.8233226130248749,0.5824739147435587,0.16955138812783388,0.2053866451804012,278.1619643308329,287.43702476002846,287.8291442052356,289.2841209662751,297.87167728440903,300.5030007223521,300.87122327127923,300.1190433369309,299.1099952466908,293.5801390219942,284.0202959579263,283.2131494291118,48.90394957890795,78.17179506665619,53.805254663597744,48.71376178572274,50.842808533225735,53.776482637171476,59.93037015651328,62.41703473095138,63.77744942074388,52.5892506622117,64.85787226031476,69.00675398207338,1.2054067606025973e-05,1.8950056665669864e-05,3.0150732796479883e-05,4.2662516817456804e-05,4.900356575168444e-05,4.9884115440135924e-05,4.808194986670173e-05,4.302645239088227e-05,3.799050017886386e-05,2.91159239164562e-05,1.8434579291182846e-05,1.4397507485123357e-05,28.57719336554092,29.506756144040565,28.387207127401137,27.437702154558856,23.45473306016668,23.132941608924778,22.85624101673809,22.831329906888797,25.837027082957558,24.855905191564286,29.10655037678245,29.578508922452166
MS,2019,5.3556355390041065e-05,7.814581992799016e-05,3.595302489233273e-05,7.788174140197416e-05,4.5817118564648475e-05,4.9833041140148283e-05,5.3135802419119443e-05,4.4125641379006785e-05,2.2843082726906925e-06,8.282717487160297e-05,2.9076881300950807e-05,4.648970894452459e-05,0.004759113943450007,0.006988963218506436,0.005719778573804574,0.008735794699984787,0.013365523547697171,0.014764459422706582,0.016421604192249056,0.01697936791676493,0.014300103563586065,0.01013381379347542,0.005323162020564989,0.006054538926825366,3.861933295056198e-05,5.009780524620174e-05,3.553375774093424e-05,3.370473459236634e-05,1.88646569327356e-05,1.2667543544489099e-05,9.735977018251373e-06,5.359916944797611e-06,2.174896868345389e-06,1.3369585376521172e-05,5.182882466258277e-06,9.293244892100592e-06,0.4678536342047799,0.7568565001984798,0.23559121728936516,1.136786855352758,1.5682385939786938,0.8233680491659771,0.5210926541177696,0.2387891162406103,0.5619969368412387,0.47177220757956484,0.30934032683747564,0.21323946897103196,281.25536861723424,286.517148834309,286.4744158668183,291.30620512772555,297.40203984831766,299.4510760747021,300.51868717153104,300.6491493669675,301.3678361157313,292.9779792671546,283.8366600613284,284.14761920672146,60.68742652036442,82.11295387797043,64.16331559940494,59.38170027409356,53.76487448488948,62.1035257116378,57.981586597664084,53.48708223744547,27.173843366895372,56.58597389919178,47.23495587693812,62.28370292630828,1.4865833766414214e-05,1.7983204869514755e-05,2.917351934191964e-05,4.2251686779820126e-05,4.988117247393119e-05,5.152166348049361e-05,5.118195401171067e-05,4.894928704072293e-05,3.094386031036608e-05,2.19775115014438e-05,1.9623056876167907e-05,1.477186662349848e-05,28.970888695411126,29.35102434274788,27.58540082446069,27.882351882954822,24.660139130408,23.486400956247028,23.79368388136457,24.651802101277035,16.067773910443922,22.91053075890376,27.780889136924138,29.349372318368157
MS,2020,6.515570855261591e-05,8.545448882162245e-05,6.770915606321201e-05,6.344314988555478e-05,3.593242178856528e-05,5.186027657274919e-05,4.349591928069479e-05,3.536799683542903e-05,5.033571449976269e-05,4.48016611493417e-05,2.9225168171807625e-05,4.41117570597877e-05,0.0056613813229220355,0.005710527652715245,0.009177182032344284,0.008234110184514773,0.011069561123557498,0.014610748980820541,0.017626675439286647,0.015769758659172548,0.01342006679489935,0.009978600907631828,0.006961496892385282,0.004936318212409057,3.0535662666359345e-05,6.207009450973003e-05,4.558610439853365e-05,3.279559534990733e-05,1.4216535468105527e-05,1.0069357728768106e-05,6.758258767311244e-06,4.630547026012753e-06,7.284914792784221e-06,7.2241211932265255e-06,5.56117061999831e-06,9.15885098251272e-06,0.45918372239927624,0.5198458889692451,1.0635537705564786,0.11700935220387318,0.800996388010719,0.7684355280630657,0.7707975758312337,0.13893498645206528,1.1816828338644567,0.7120777285449396,0.8514042106544747,0.4831209768790018,283.8297695733499,284.0770216024321,291.32981508685305,291.0208544512589,295.0199350237394,299.2804038637582,300.9226182430009,300.32054674730904,297.659590814869,292.50134452928717,288.248815083456,281.8850371251593,66.80805335164878,62.87488682643494,79.76558693163007,56.82337425438553,51.681251034454625,56.529843884201625,57.16525068841983,45.84109137476779,54.92219600426229,41.10413010238466,38.33219678173001,44.58401823620064,1.5590747043927344e-05,1.97618830180309e-05,2.9825656962350443e-05,4.314827336731167e-05,5.030504897968501e-05,5.17635034562191e-05,5.086266038465514e-05,4.186729652135947e-05,3.6247785768276204e-05,3.0110751047393407e-05,2.0643106118246025e-05,1.5060200757805408e-05,29.512321778642523,29.572083397919357,28.4950499259952,26.972135208728528,25.720873928427128,24.225370337104362,24.55188408495714,21.311230758418848,22.95684560642577,25.466461812755,24.4824786775919,28.958784746301454
MS,2021,4.0911237455340345e-05,4.9810610205524225e-05,7.443514614382758e-05,5.247319659268295e-05,6.639640666121348e-05,6.771797374378278e-05,6.259406778951642e-05,6.972686273053075e-05,6.0702259824897264e-05,2.5432655319580278e-05,1.2014223181656945e-05,3.749466982227735e-05,0.004771072023231544,0.004406226356408675,0.007368059583783547,0.00759540408512181,0.011010847540174397,0.01552697705372209,0.01713804620489503,0.01690504252526974,0.013933962667997932,0.011119976908784272,0.005791857146230128,0.008282164894639968,1.0476569963779311e-05,1.86376677434742e-05,3.536128691824444e-05,2.8705612971856257e-05,3.0713636864646844e-05,2.0767368660330886e-05,1.5691249086375064e-05,1.6767482729244474e-05,1.7262887633976583e-05,9.927350333701776e-06,5.581852760357984e-06,7.706130369675047e-06,0.6121461558841027,0.6607205313925404,0.9080135080654055,0.3806369753658352,1.1843490680106141,1.125402158986237,0.818606177662993,0.45580650522706195,0.6834783815413839,0.5834348665012111,0.18253507389235468,1.553288144391161,281.91135441051335,280.18126733504766,289.2267584865968,290.57598470804635,294.9116829878203,299.2348903015044,300.12118310562005,300.374413838779,297.05648032847114,293.81340324459836,285.11808173310254,288.34072006862255,59.873734481153996,62.521236151417014,63.26700486260349,50.25922104695043,66.35061745433084,64.27474652007473,59.49854792367666,59.30289773602458,48.49312244800801,52.0860341868491,35.45198020182226,62.45198931492999,1.5062660790066212e-05,1.6576631447027897e-05,2.974706486370536e-05,4.239639965670032e-05,5.0309755493359545e-05,5.210654042391068e-05,5.274125235761364e-05,5.088989480530317e-05,4.1966853826774444e-05,3.0798118264387547e-05,1.9212544498627276e-05,1.534620675770548e-05,29.305746271244637,29.359117928299185,28.136083787391623,27.46380697689891,26.885670652223563,26.887322400448873,27.54150574373578,24.91351955001607,26.702592417875415,25.98908531285014,24.589863737030402,27.543321290966833
MS,2022,3.5823039994156904e-05,5.655180565828771e-05,5.743565063269646e-05,5.202677471954415e-05,3.8982423487081076e-05,2.3188986551223996e-05,4.927614125297957e-05,8.23340747125094e-05,1.7024698213194494e-05,1.8682452899626847e-05,4.3737330032037606e-05,4.990650720839787e-05,0.003908152413255583,0.004846101163832891,0.006049206527276142,0.008303738339752684,0.013165108133127105,0.015191154844035666,0.01771471009880101,0.01717448913633742,0.012322626538149587,0.007569039770772566,0.006619281228080066,0.005744637520827294,9.156641160217004e-06,1.7244075223910068e-05,2.606630090697686e-05,2.2467204498809935e-05,1.1802401190314422e-05,5.530989118220625e-06,4.88932791993683e-06,1.324527035828638e-05,3.081094237760734e-06,2.284317992960084e-06,3.7346019158645628e-06,4.0669661068759336e-06,0.6374424937469167,0.16336256513792405,0.7918294215752807,1.1510454805844945,1.345353158454126,0.021237181858617386,1.497884123149492,0.8588785370429968,0.8621939661989065,0.16036316515867088,0.699231309520109,0.5829857750679396,280.2180226751735,282.87425562637463,287.6442538833405,291.6644718967567,297.58424687415595,301.2591519872702,301.58280148883176,299.84714596270817,297.6805933465524,291.3302689502198,286.6294616113579,283.87773640566473,44.48472271459707,48.02768522857133,44.83574357643585,44.73188247067505,50.17729044424026,50.166507356157865,56.83714181704508,66.67034883148123,32.525749001788405,29.487431351996328,52.02507449551228,61.46103176127477,1.673021125343007e-05,1.9764837728122602e-05,3.154728826774557e-05,4.5057763180452177e-05,4.930761770313514e-05,4.656122671369651e-05,4.773296017886651e-05,4.338761459516478e-05,1.2210690079730558e-05,6.8863217495126434e-06,6.056007412269994e-06,4.473723898640924e-06,28.724981562061544,28.294566452566823,28.01116342010647,27.291958459579824,23.355152141822234,20.023846757428444,23.971198733772585,26.956236817106817,22.57683190111289,18.000397362873013,25.967758157362027,28.95027053477487
MS,2023,5.7945987511233256e-05,5.060218135384983e-05,4.79833174348664e-05,6.940452766098373e-05,2.282337711917228e-05,3.772352719227069e-05,3.8129910700350276e-05,1.2196799617153747e-05,1.4157876828963197e-05,9.575609410495475e-06,2.6335571331323713e-05,3.562918026968199e-05,0.006240831951900241,0.006818451605769883,0.007068894576646606,0.00838859607322077,0.011624706802191135,0.015045311864233857,0.017234345764722936,0.016203527494883307,0.012974030454198761,0.008790758845953782,0.006260661185042489,0.005109039347694132,9.205590086972779e-06,1.4492083566504756e-05,1.3496516213661197e-05,1.3965774234320633e-05,5.817606764176773e-06,5.681577584124315e-06,2.609893800435037e-06,1.2299380641298962e-06,6.976957239252918e-07,5.375625896804763e-07,2.151959998860136e-06,2.1474453070529227e-06,1.1885963113502593,0.9843156466358267,0.5585326883132504,0.3911861911375216,0.43249889128879204,0.4197346945515694,1.0084326655009364,0.11595682589266784,0.8719053632400391,0.26216955841678485,0.5024397393927571,0.29543489874819995,285.20610962812964,286.96224125872965,289.099230538817,291.3801797174049,296.22736503694614,299.84485762768264,301.54477827148975,302.8651831399176,299.0487304809083,293.22639990873614,286.7045256853821,283.76369575552576,58.61444152655812,66.2447756735889,56.30468237073802,66.16732910988142,57.26000582150837,48.18407895018457,52.227386629782146,34.43536075666655,42.5182251733458,43.14445728653556,54.01741277065072,53.43845147770382,5.461206270512406e-06,7.297042816508467e-06,9.430156028207064e-06,1.3369418747537385e-05,1.427110586940492e-05,1.4136591840890522e-05,1.4811119345115536e-05,9.912667528243653e-06,7.947445332167485e-06,5.256546326135147e-06,4.471848132812993e-06,5.04300001505384e-06,29.436430530509316,28.839997091788366,27.610355582315268,27.739393135197698,24.69886182655335,21.24864270416517,22.438037832040596,16.366109456529728,17.45895730677562,16.678696914031406,21.146943853041375,26.948483821674827
MO,2000,1.6302106017429655e-05,2.7783739950204104e-05,2.7382665074269565e-05,1.8795531433177316e-05,4.229629361247845e-05,5.8572040642030066e-05,3.4286034860733674e-05,1.429806994401138e-05,2.481522440813721e-05,2.9331404356021774e-05,3.09605786060336e-05,1.9552920567602546e-05,0.0027003218273953383,0.0038891965118587335,0.004731084926256652,0.005691293338817345,0.010330476559684401,0.012227206314806312,0.015083538023379653,0.015045288204045826,0.00972479265027368,0.007689932712761984,0.0037617007634438665,0.001843524215648186,1.9733378546058997e-06,3.689431026986373e-06,2.3964513235405294e-06,1.6406871343809604e-06,5.111256680624166e-06,6.775349612345571e-06,2.1377176703336406e-06,9.3101637932483e-07,1.2360408579366192e-06,2.0153997769026727e-06,2.806487982185599e-06,6.291764895201177e-07,0.6569833003431664,1.292730751466308,0.1071944159804417,0.5337022261380825,1.9155746153024553,1.5365648032047035,0.5693069255080223,1.3752693522459396,0.9370155069475963,1.0812428753400758,1.1696210866808736,0.949504725460878,274.1432738601694,278.8826853651926,282.424812424148,286.0862568366107,293.14963274799294,295.2492304188863,298.07789544079594,299.7950896404282,294.02802645196596,288.8425486029082,277.60126061668865,267.33090030344044,53.81702389617807,56.24969548247001,54.574394001120105,47.76619051421485,61.7125282400522,57.3420129348141,51.113882519405784,39.48586292322045,29.523184097818934,49.99777984075255,58.123983639421375,67.79547683561132,7.0212539027100794e-06,1.2377152472065103e-05,2.2671398563219677e-05,3.254638347927118e-05,4.302576659519513e-05,4.7787889421444726e-05,4.767959889597232e-05,4.0016634664331524e-05,2.3897138618081753e-05,2.0581506141486824e-05,1.113361085611313e-05,4.743522846561106e-06,27.038364615698978,28.263624485198328,28.649543414255508,25.904137223025206,25.15245291140311,25.741624176343464,24.269274272635258,20.574842630577745,19.46386302889432,25.61209509910383,28.15732510426719,27.39791993013425
MO,2001,1.801482037640747e-05,4.430103769467697e-05,2.3676618777344215e-05,3.3661019209564415e-05,5.551222346074229e-05,4.6571018156608004e-05,3.9671832639510013e-05,2.4242443232096092e-05,3.3006138848490345e-05,3.962726208655184e-05,2.4030363473682195e-05,3.306460753162209e-05,0.00264913388291685,0.0030026440932922867,0.0034922471330096237,0.0073986203653811896,0.009604571671630398,0.012172059851515647,0.016044512223568234,0.014533884517326779,0.009964352447721146,0.006301667251745464,0.005637013448563712,0.003605040481949537,2.332960626000628e-06,7.603094066164679e-06,4.078656110102596e-06,7.927977238567422e-06,7.163353461936825e-06,1.0658249823208262e-05,4.658357315223404e-06,2.226435603470149e-06,3.7987467584020308e-06,4.111505652030735e-06,2.384521914046103e-06,6.744491510160165e-06,1.2532860357700049,0.2195825285740619,0.8329236597794961,2.0070497260552425,1.5481962736513843,1.195344280426738,1.0512243337340301,0.5912092509257777,0.5202085163672435,1.77490191316185,1.5243540440365877,1.2607290907119793,271.98279088640635,274.76528558833104,277.8142810147879,289.6213507572024,292.3461357858892,295.8209444001887,299.69078821353025,298.46017473062363,292.55326858275737,286.6434004524253,284.1104582060473,277.1642734749445,59.83032860144763,66.09310936359746,57.20068538078026,51.86033389024579,58.43543630331801,43.68661083828048,57.434282390068184,45.243130761939135,39.40010297496637,41.88078159146365,50.86116305618569,49.86597232052883,4.936117629198529e-06,8.581425109898777e-06,1.652858979017337e-05,3.642343262705706e-05,4.588627680055608e-05,5.3763477901135705e-05,4.76372225051469e-05,4.169319611655278e-05,3.151976507567029e-05,2.237911786750268e-05,1.4130316522344503e-05,8.075756312907455e-06,29.204599504204225,29.9527425694035,29.09024578369797,27.853301167754992,25.901292262891808,26.061485713384727,23.58604019604904,21.902774718513896,24.56047211653902,27.064977806195998,25.809954848697966,28.772405596769506
MO,2002,2.6982599029321525e-05,1.3332433934040192e-05,3.9043304929514634e-05,5.021517305584389e-05,8.084693013625439e-05,3.011559724752253e-05,2.896489047768997e-05,3.0433374685319106e-05,2.2673130095736787e-05,3.024564662393543e-05,9.598855658171423e-06,2.4297144688584754e-05,0.002942910935871874,0.002924264968988452,0.003658925222216332,0.006985852436452227,0.008889955690982984,0.013601228105352388,0.01539362949434427,0.014578704180049154,0.011226666921393904,0.006496008980129689,0.003954565012722059,0.0032442204389704346,5.5017261063103374e-06,3.894459932350161e-06,9.60207771246927e-06,1.4086205994712665e-05,3.239718422147117e-05,1.2821513247193706e-05,6.409018286960247e-06,4.979238287753437e-06,2.931704623921374e-06,2.294092524926322e-06,1.3811264534966139e-06,2.7634170498541688e-06,1.4773500388179104,1.6272849145703718,0.4018739556779287,1.1612613836267405,0.9705519914191041,1.5509739301779526,1.0252135506105158,0.9064586578844847,0.8211432849157759,0.4158500897994947,1.3790482884175768,0.9995478634131656,275.27814510604657,276.23090833646404,278.4426829955948,287.38994323412913,290.13835085148804,297.43370422822636,299.5646085367851,298.3361538610512,294.99555010677915,285.17310661283733,279.0575444030151,275.5377315018781,52.33481319527981,52.496618331275194,60.35271434514262,54.06401116747887,60.74875213725487,45.5926967878073,49.50413899508966,52.735369955512525,37.32378981056206,61.98409522207463,49.48639311314349,54.244579429246755,6.940745314057422e-06,1.2105234445235132e-05,1.685295566641666e-05,3.242021095293219e-05,4.425972381477989e-05,5.411603983429653e-05,4.4573479494647704e-05,3.757099630956819e-05,2.7326952664378945e-05,1.7094226840161654e-05,1.106597875110006e-05,6.590718718319311e-06,27.831988191330208,28.69439426378544,29.300963885944288,28.862850951945553,28.9035600094053,24.25460053640206,20.788082453163405,21.823211281035547,20.18029166192956,24.689122225144995,26.781935184715632,26.594190014148726
MO,2003,8.242880686854027e-06,3.209249914355013e-05,2.4972307771883548e-05,3.7807217092111905e-05,6.059895883955024e-05,4.474112980190577e-05,2.0765607942319396e-05,3.284719561138842e-05,4.5077200149411905e-05,2.2708432275025518e-05,3.505632838980095e-05,3.253701050753429e-05,0.002054333464061323,0.00273103992868046,0.004264698520038561,0.006562503670116841,0.009482929543372562,0.011289301776090244,0.014392327342136389,0.01423801103844702,0.009568210141456056,0.007218240238981083,0.004889201432845996,0.0033148380771192373,1.485904844886724e-06,4.588678436475212e-06,5.5730520639787046e-06,5.665019334246715e-06,1.4647455726141891e-05,8.604885096947426e-06,3.63721682513131e-06,3.31486004461035e-06,5.137626493977882e-06,2.279600483355319e-06,4.919912720974933e-06,5.060166909404114e-06,1.3451310778939782,0.577429757722065,0.43885287218594227,1.0843515632931646,0.14678261955569483,0.6736336809994437,1.0847810429871454,0.4841094019864733,0.4192239217988761,0.7863307470335587,1.075669805865755,0.9288159300575971,271.16387061309223,273.13270036927554,280.3000652139837,287.2363715993399,291.145217964133,294.49874914710364,299.41423007860624,299.49267160680114,291.72451142829567,287.5436303550716,281.6012784889651,275.9880389211708,45.739662377121206,68.59104700310161,54.843708869386695,50.30206187432058,59.35618184480973,57.60091071040417,36.04808587415122,42.28116660565588,35.95852319398211,42.509461015571816,65.41099463933917,58.41712153818314,4.934135896727441e-06,6.431198173612868e-06,1.8357740966649112e-05,3.371678417657376e-05,4.454127471161692e-05,5.021520893766893e-05,4.9600324599427896e-05,2.913086279428509e-05,3.542928215467033e-05,2.2688015249970456e-05,1.2653880633610915e-05,8.491358055930478e-06,26.936639398187857,28.932706850634922,29.119449694970072,27.727357915878294,28.503832777678927,26.313126932131524,20.98113216492137,18.027139130313405,26.134556955802694,25.902975125721355,27.828897528216974,29.483057602898636
MO,2004,2.4569857197826367e-05,1.2581117351664838e-05,3.991052303765749e-05,3.4169997245929624e-05,5.0167830812740886e-05,2.952826039346854e-05,4.98238082344008e-05,3.550889065611232e-05,6.491816946960391e-06,4.6013594760485614e-05,6.056803802417051e-05,1.3301508622945253e-05,0.002436214890810477,0.0027722762587959436,0.004732356250329636,0.00602587895618509,0.01099904402247497,0.012077035562037526,0.014231928228355579,0.012220751330525335,0.009968978447907449,0.0075624987124608715,0.0054289879963286235,0.0029895398297762627,6.776468341405736e-06,6.680925247303198e-06,1.060839622514153e-05,8.098556030759663e-06,1.0298192630456764e-05,5.166180631733239e-06,6.043645330741853e-06,5.129260941273598e-06,1.296903709141243e-06,3.640694951451494e-06,1.0327295125192032e-05,6.891344821212072e-06,0.6935984891695375,0.22595523100033255,1.01857079109392,0.5702481564203653,2.16186696743731,0.8325035276850707,0.5456740147231782,0.6717282975355897,1.2325045378040045,0.5790651497555082,0.3412526789061704,1.462953624048151,272.34576274867516,274.3448722722378,282.5550487883096,287.2409095416458,293.1981767760207,295.41685676631806,297.06405392410886,295.31634075206983,294.1328627862081,288.34402932328663,282.2267533394127,275.2196136729694,56.69187552323142,64.2860753785275,54.53389173938453,54.06529846053205,54.72807882148879,58.68684047890898,55.93293290502479,48.751333346408536,26.724776653916333,61.55302620825842,72.98567045621603,47.50140838631495,5.666224352451782e-06,9.090365232471185e-06,2.1354555365126007e-05,3.4577128802397904e-05,4.629651402956198e-05,4.887842045912812e-05,4.79942277078054e-05,4.0408447211495764e-05,3.0190146107185287e-05,1.907664752493002e-05,1.291611286192493e-05,6.482130138592454e-06,29.208560588987876,29.30663806367275,29.027442360354307,26.63835251900796,27.389701171036414,25.550130350167343,25.59956677019497,23.44528900997241,19.90733533502626,25.617138341685695,29.35363749127533,28.27408572588138
MO,2005,4.626240608320495e-05,2.6498328860372385e-05,1.8765438362828862e-05,3.7184013030010923e-05,1.8203252910560514e-05,2.0695863644935306e-05,2.5175365603721646e-05,4.3685071387692035e-05,3.954223767304919e-05,1.6502225843656004e-05,2.6332991390146417e-05,1.0224412981492168e-05,0.0031035389311613423,0.0038553398342471438,0.003598497053386826,0.0061443259996495515,0.00765462167013179,0.01233920598646989,0.013343000388303093,0.01430759306070396,0.011746827513159992,0.006944158626534856,0.004313854645237541,0.0027002984180373815,2.219784364279728e-05,1.4652963387560617e-05,1.0469400780377584e-05,9.621597299930182e-06,6.043095159480423e-06,3.743436793055365e-06,2.351700033905577e-06,3.507112540308741e-06,5.0208245330989405e-06,1.0440172781840504e-06,3.0214689446547673e-06,6.058301377834688e-07,0.32389150251000187,0.4796285990685056,0.5880135984891843,0.46022041693430643,0.8006097939749756,1.570689324295489,0.47633703993908993,0.6197350665104366,1.0275734495587272,0.0827557557998797,1.7938704641255985,1.2236716997845032,274.1218733862871,277.67666937816364,279.95770425450195,287.4000249684173,291.61237745051255,298.10439606276503,299.3632453920621,298.86560362359756,295.73146651077343,287.4892116145727,282.184058333247,273.404064494766,68.89252141123674,63.32196829038187,55.13098654487495,54.749250999862,47.92844753158384,40.35679384003071,36.860720518989666,51.91574637329891,36.52719315250483,43.2889224582872,46.87935381740781,58.02926570746831,5.465618122160277e-06,1.1257809149417381e-05,2.0429777903212654e-05,3.489810108144634e-05,4.57967014716317e-05,4.1612180331656475e-05,3.6796788706198975e-05,3.4908252986707e-05,3.187096498213337e-05,1.9559253679996145e-05,1.3909270171118665e-05,5.4960811582818945e-06,29.44939806367631,29.720576802360878,27.683006615626923,27.546893151173315,23.099318755424534,19.768795704050945,19.384605931785867,22.592123252971447,23.01720474860802,23.44512295823455,26.16402900593376,27.585201751111565
MO,2006,2.123787424563858e-05,8.47680142569086e-06,4.590358825154111e-05,4.2430726996773456e-05,3.3572664510249035e-05,2.186023008666803e-05,2.777493483425317e-05,3.639329853730989e-05,2.403104822938637e-05,3.724175462146657e-05,3.566772819880359e-05,2.8957920427948293e-05,0.0036016846709096394,0.002389285790995091,0.004234908637498757,0.006844802327602171,0.009093534329411047,0.011456219010749112,0.013529313990762985,0.01391154413775029,0.009001797463005242,0.00580636740109356,0.004671686171783369,0.003503602555962543,1.7939372427801132e-06,1.1212790754343098e-06,6.677372423057464e-06,5.241759731192648e-06,4.568728150800581e-06,2.0237332865550235e-06,1.7607905966198078e-06,2.902031001774349e-06,1.9791442782517786e-06,3.2266977382408314e-06,4.365358057934567e-06,2.7137130738764265e-06,1.467769410697333,1.0302036667009524,0.43809680131813883,1.1703875706902813,0.7624907350096191,0.5733567753736509,1.3475720695989308,0.7533856480728698,0.5356611971783583,0.7635544210010253,0.6455330209989864,1.2540125365963684,278.7142939286928,274.92063471563176,281.59254272827536,289.918534892608,292.0834418158769,297.23506385997445,300.28159855765233,299.5349902333863,292.1463854750069,285.9799509213306,281.4196745882503,277.3654856978261,55.140108586985,50.793228380972366,61.06866898883276,48.92895930319583,60.174468196346474,45.81917576329611,42.59043505515363,51.9640294801498,46.45568348582555,52.02051394621332,56.43008167915724,53.5319055672238,1.0555886692171155e-05,9.7639359511006e-06,2.0396380700050788e-05,3.771948969839405e-05,4.514120673927936e-05,4.898745501874293e-05,4.242478571478091e-05,3.174741556167843e-05,2.8874459762430308e-05,1.735190441968066e-05,1.2171821476038171e-05,9.026357284063207e-06,27.84694454405173,27.31900600915638,28.414294239078057,26.033305689788087,26.18907204001893,21.755379820778032,20.314126480848238,20.31831361285867,23.227647342032064,23.839266990694533,27.17017120500258,29.090883975270145
MO,2007,2.7659359054881385e-05,2.456591652183804e-05,3.161846041492756e-05,3.8280018429432133e-05,3.8330572583535145e-05,4.289046158968667e-05,2.09424682236005e-05,2.5803367001147974e-05,2.575824622956673e-05,3.53743738355528e-05,1.4153003985188715e-05,3.4913555759151233e-05,0.002674012356852449,0.0021374551876783172,0.005696479736654217,0.0051043379918953805,0.010180624218277616,0.012253689151000705,0.013005398679645796,0.01432644911869881,0.010427878115523767,0.007486136895055959,0.0039507078607865665,0.0031732914853413387,6.412060024409589e-06,6.849250478322159e-06,7.358164104668605e-06,8.532085060982349e-06,6.957206265816898e-06,6.59529640173218e-06,4.243217870194475e-06,2.830260156669764e-06,2.3718883987719987e-06,2.690567137375478e-06,9.197174426414124e-07,2.6784965618503397e-06,1.6231296802101518,0.5168848156825554,1.288407869613258,0.9851626884489236,1.6291833067736083,1.0759159479429885,0.5585598610945183,1.1269345160389244,1.1364621396996089,0.9450034577305293,0.9325790750847639,0.606763921160539,273.37664033540284,272.4539064254611,285.22553874197274,285.03392276970675,293.96012227522647,296.9107720967165,298.4377719422428,301.02535293249434,295.2127209445613,289.3300156108248,281.0222318058802,274.4889821491361,55.5219233468131,56.974261843687046,62.37443596095665,44.68127280635849,59.192464526938835,53.78455226242135,46.771629864754836,38.910229224669784,41.83279960607764,38.84208400826541,40.33169218342688,66.62078198682647,7.218610538299366e-06,7.125396166890442e-06,2.0967619254680084e-05,3.360734759386915e-05,4.6176715986621675e-05,4.711824073392279e-05,4.5893606761630796e-05,3.397732723577544e-05,2.9820162597841305e-05,2.3523696303199823e-05,1.1874700972377211e-05,7.023539487875369e-06,29.374450010439148,29.230677077764486,28.782020365055132,28.486047670161938,26.294731970018876,23.64916108724539,21.195181182922674,18.57766532062658,21.147897646084708,25.203723972433234,24.453198451043693,29.28915963368232
MO,2008,1.7344405287666216e-05,3.819525246363964e-05,6.547186330075538e-05,5.316703413367173e-05,5.4717671243022115e-05,5.537858639669021e-05,4.115726998599193e-05,2.196492256598896e-05,7.352078311341916e-05,2.4968969353294596e-05,1.47894957956077e-05,2.8153425911925594e-05,0.002364457686098262,0.0026778797296760667,0.003965957131975356,0.005585247399518576,0.008521151523602211,0.01277977890344629,0.014149535491639362,0.013035705901488927,0.010944368175685006,0.0065259418641563155,0.004010841323703271,0.0025925919497900855,2.4875127776925786e-06,6.489636080388126e-06,2.4857281595385277e-05,2.6687831570631213e-05,1.918600877007207e-05,1.579415500112612e-05,7.657431109376037e-06,3.607748206690593e-06,1.6463952481568834e-05,3.5984248369395624e-06,2.68129406276485e-06,4.907860524698649e-06,1.7306612864751973,0.6414084029353333,0.056936613097093344,0.8680045208963367,0.8837893654954733,1.9012505676275526,1.2334886359386221,0.8486025917007941,0.6569136250862335,0.9053945050756207,1.1045340458076767,1.2031652431587556,272.9684482929799,273.16767806286856,280.00409723747697,284.9294361113379,290.93128364000586,297.1404822704876,298.6965465608702,297.1889521361417,293.04196855105727,286.9442964013435,280.0743174987894,273.3342246450511,51.30116954837478,63.15303340056487,60.74738029373391,58.75463567184045,57.31548050596459,50.131249177896805,51.934585221804674,44.828940826244995,49.79587562219692,38.57057373486306,47.08415552678423,59.92038241287227,5.891181932405604e-06,8.11159880726774e-06,1.8423841616060832e-05,3.08055167193868e-05,4.355407810143915e-05,5.667677127330662e-05,5.1469253807638234e-05,3.974156075867118e-05,3.278444915356204e-05,2.299993506210538e-05,1.2951583510324445e-05,6.536816233406488e-06,28.905869816374597,30.04709688395472,29.470930930212308,29.221347279312518,27.64481165472033,26.715728069712807,24.35512014015828,22.29281978723794,26.33743740986937,25.825056662648123,26.623705659024907,28.976248247518157
MO,2009,1.1136493548455434e-05,2.393154516567857e-05,3.597821906826316e-05,5.6515308109281534e-05,5.2423087042033746e-05,4.643850880375148e-05,3.3171350831045264e-05,2.9258266537845072e-05,3.844940396184516e-05,7.760247787155523e-05,2.3383359180661572e-05,3.4004364381551735e-05,0.0020259825112582683,0.0030520806465481475,0.004277519172255516,0.005771396319373359,0.009143079499093579,0.013637825591447612,0.01265824413712265,0.012718259210744362,0.01033204420174071,0.0062502809038319914,0.00541934464950108,0.002675791907649253,2.8497022305523615e-06,6.2927691838413915e-06,7.298010015949816e-06,1.1386803447034764e-05,1.869656010914997e-05,1.3968903515466629e-05,6.908858613481051e-06,5.1668128497705736e-06,4.482400742856662e-06,1.4706234205684346e-05,6.801629238630689e-06,1.099260466546514e-05,1.1014748256215052,0.6912157096226247,1.0737511851208914,0.3503042065581994,0.508885321217834,0.7622275956452654,0.10968323884291971,0.9389274483225986,1.1508581673840081,0.6909391775530809,0.7838671870476825,1.2252101843647614,271.3703036656785,277.07063827404323,282.0029027973031,285.76343211047976,291.4851639618728,297.5698902736429,296.6801858713305,296.56091521411554,292.92461615863124,284.4177005287284,283.32984330596287,272.87281658028417,52.59418269971021,48.037734763936896,59.68109150444039,61.30291247372656,60.053519829452505,53.39182800607627,51.81074201489938,45.48675776035697,56.25640970055077,67.14346938430228,53.61190080472561,67.49268449768483,4.551220522557538e-06,1.0714600830213779e-05,2.1754266703050946e-05,3.157072348696918e-05,4.424958717095007e-05,5.4952649923198896e-05,4.4569370261658545e-05,4.022959617633823e-05,3.0008289735601025e-05,1.881816364254339e-05,1.3904918490664747e-05,6.000927043177363e-06,28.251280722871904,28.837394775149672,28.850769031842987,29.358636402292912,28.274395588938255,26.517517583979565,22.919647463165152,22.757396679063724,24.479037747833445,29.007956777013547,28.402797618113524,29.31467738989097
MO,2010,2.3511872876128872e-05,2.2071013498627555e-05,3.570041287069418e-05,4.067997470511766e-05,6.040651227765917e-05,4.076673245082799e-05,5.3547737063249655e-05,1.177688279507518e-05,4.767337308976972e-05,7.703015465163977e-06,2.7443240993636415e-05,1.2700779744379833e-05,0.0022178515991910426,0.0023143904309112628,0.004461541732924969,0.006828983213685684,0.009799088388010305,0.014888922118119298,0.01635714538754472,0.01460451857059454,0.010916118252968614,0.005831382413909565,0.004249140202041832,0.0025697822014691916,1.3106513998631577e-05,1.4908588038143629e-05,1.70910206149543e-05,1.8924202180605215e-05,2.0067975671820597e-05,1.4984114577837306e-05,1.1127488712505643e-05,4.796601647343423e-06,7.165943688052329e-06,1.9421557818077033e-06,2.740771428087774e-06,1.9324783111228756e-06,0.8926655566178096,1.3119188073596795,0.35604284986974977,1.8827442916119466,0.6951414138316079,1.4885897891090392,1.4410482543855574,0.9834579394808278,0.7632964005549532,0.8660728125164945,0.9607565275264142,0.4512403422288915,269.99986848071904,271.55739242629323,281.00614393636226,289.6299925156175,291.98932830290335,298.96662919207296,299.8326277894992,300.16826234987786,294.2149296022327,288.34775462500073,281.5333612732162,272.6991735798418,67.53617760131014,67.3000335675016,61.33309508850991,53.78175815117932,52.5835398031997,51.969684389431826,53.09628357497919,30.618638698425034,44.690259352326414,27.515721635959423,44.51394804226555,63.74770917939318,3.823173813145681e-06,7.428851636640564e-06,1.8696375029819813e-05,3.678817285777128e-05,4.470336167962325e-05,5.4516311898925935e-05,4.9116336568993536e-05,3.8942494638268496e-05,3.454832787348202e-05,2.014300752647119e-05,1.180873662361743e-05,4.448375581495568e-06,29.551287849449253,29.704678300629297,29.81700195548815,26.998592467550836,28.15024967885378,25.152944761630764,25.339910550644774,19.495695861185386,24.97434238271004,20.357473192893618,23.569747979338302,26.80624866233573
MO,2011,1.0549709001746781e-05,4.272576783330337e-05,3.2683189894200826e-05,7.572718371684867e-05,5.588416566147021e-05,3.747985388542818e-05,2.1295867811094817e-05,2.2183711679535718e-05,2.881407937274707e-05,1.3074552883192396e-05,5.3574653934230454e-05,3.138012911401106e-05,0.002188955047972728,0.002932698698443212,0.004389449396953025,0.006621009446585288,0.009030366453908095,0.01359323897134291,0.01651482327211805,0.014408312028302655,0.008540447410145887,0.005835735483077026,0.004744575348987329,0.0035381196449696143,1.3463126895801476e-06,6.445588577505547e-06,5.287087260475481e-06,2.2173355867878537e-05,2.201280365562633e-05,1.1991570795157043e-05,5.099693727647703e-06,2.8924250116578806e-06,2.7084963345793282e-06,1.2346482921549933e-06,5.8036874950454815e-06,4.1720333805940475e-06,0.9890350131536384,0.7383593292561885,0.39500311053557197,1.2208672069728284,1.308787120078535,1.743424109559708,1.388640462497675,0.5952616106389326,0.7258409054985816,0.7871560617669917,1.220045407595175,1.1474946605732705,270.64315953007474,274.394207323716,280.6761299158075,287.6724627048,290.9859510231158,298.4165945949481,301.8370275075062,299.33200476077144,291.78474398802166,287.723821880199,282.073464351426,276.59698786218615,59.750954593063476,62.15240262482617,67.82927575474467,59.97514215070213,62.18728929083037,46.11180250810716,37.83911474078075,42.26342026241972,41.50294642799256,33.326004882555985,58.151027675911024,55.55434487551836,4.240328617547979e-06,8.733394944640188e-06,1.919078793331015e-05,3.4838469262223224e-05,4.518648228011328e-05,5.464985166175155e-05,4.750168458920297e-05,3.5370845554938806e-05,2.5443115634205502e-05,1.9321107585742395e-05,1.4106269645922234e-05,8.395036411078357e-06,27.859611453293525,29.766875591010425,29.693826777866903,29.050658746223206,27.854647622518137,23.95137315506515,20.916308488844255,20.48660321100556,21.2293588920898,21.324127449565616,27.810171412459162,29.614457375482658
MO,2012,1.31435828098746e-05,2.180019930299702e-05,4.8190373586663244e-05,3.615247168023892e-05,2.378845057996592e-05,1.2278459863537446e-05,9.761452821028478e-06,2.5981141378320015e-05,4.271494843234163e-05,2.655416414096206e-05,1.4908865120394447e-05,2.1634228350765624e-05,0.0028504443471826725,0.003386255069521752,0.006772832615834746,0.006842852985245389,0.009415193369041288,0.01049113527260307,0.013115136813194773,0.010559011067672605,0.00961167629143101,0.005913147976797289,0.004115953748255089,0.0036405930786089615,3.244972858783367e-06,3.5226074121677872e-06,1.137713017546141e-05,7.5073675413856425e-06,6.534464237074551e-06,2.9103959378857433e-06,1.4237667070178333e-06,1.8661850620366948e-06,3.6083144619348043e-06,2.475973545665849e-06,1.3481938033596014e-06,9.398084596761559e-07,1.4067054314614942,0.6693730632352584,2.019527877344197,0.7243252494864075,1.145676594500803,1.4340912770010406,0.9071356448387058,0.5683474209900815,0.16487342396656088,0.9619079693405396,1.0137180927109142,0.9122807017173975,275.95932258154284,277.830822589761,288.15633448441054,288.77335605125467,295.2502778561466,298.3324075958299,302.689714833093,298.6961244243295,293.1121782041332,286.0413519074998,280.91228662137206,277.5515660861293,45.54031323303446,57.90197596153326,48.98894970944267,50.15975503186782,42.56291758191518,37.713675987279636,31.12096572592505,41.489874820147165,45.97621606325095,45.22121136390253,41.49360221871151,62.89072893343871,8.78134728759749e-06,1.2792965114698224e-05,2.6425313352649694e-05,3.593388322397913e-05,4.6986370301742544e-05,4.194255406721623e-05,2.852396823515756e-05,2.3327004736077275e-05,3.299045735640562e-05,2.1167499126453468e-05,1.2530760757013598e-05,7.882764938327237e-06,27.9236604030481,29.32168303902052,28.933841374373934,26.861338172419988,22.17848869208551,18.635888765567675,15.829040880498514,17.364972665561726,25.235236230904874,25.921671122646995,25.541437548493285,26.979629178940268
MO,2013,3.2855680616837876e-05,3.2707849934357334e-05,3.4754194763749744e-05,5.4772971397274315e-05,5.8885739278130144e-05,3.7903948175403704e-05,2.728668030764821e-05,3.6442033437852857e-05,2.0332577998457972e-05,3.18412560572692e-05,1.9349614790728563e-05,2.6540262138620286e-05,0.002792346918083485,0.002824687327661907,0.0033816035103410047,0.005525073892462327,0.009203485131137296,0.012646557292085693,0.012557973677532865,0.013482673034195168,0.010611585076752068,0.006636775644227064,0.0035737256402506882,0.002627597810704749,6.557157624804714e-06,2.724442040475952e-06,6.069621816483129e-06,1.3852549759758846e-05,1.463378090425216e-05,1.2389494998422949e-05,4.706205602464373e-06,8.838859486665118e-06,2.0203691169346267e-06,2.750204739246819e-06,2.125408235554861e-06,4.334342378898125e-06,0.8912742374351234,0.8866802782491763,0.588678897163362,1.0117916312597257,1.3080289023333957,0.9119717436047691,0.6620409707681868,0.6994332264017332,0.9178665076988554,1.2758154849441292,1.0329443477958065,1.1582523696500222,274.7092463506404,274.95662033331797,277.3243586601103,284.98482649113316,291.1109759782463,296.6596702014644,297.92060785890806,297.16012831048414,294.725184423778,286.6520415278172,278.8469207776823,272.5831922375346,53.364485476890955,57.398234626420354,67.64173991136732,64.35974407444344,64.3903577938358,53.60323595957741,45.162715753729394,47.67023084363166,37.6937212829204,43.81600192873854,47.54837160664344,53.40989279568452,6.8761006131868365e-06,1.0895384107007121e-05,1.611691306087689e-05,3.0385132518706435e-05,4.298575782816464e-05,5.432134936539099e-05,4.231547808713126e-05,3.948040628317184e-05,2.710208028884703e-05,1.9306306101483903e-05,1.2737927190228615e-05,5.336354018525465e-06,28.449791395033536,29.29235440159472,29.781404498738933,29.161905497138793,28.33400836913051,25.730264748600298,19.6091095642321,22.93580282789347,19.344740627822873,24.117956737900766,27.927985353565994,28.17685900776354
MO,2014,1.4059616937040227e-05,2.062638545876024e-05,2.3575840560809013e-05,4.201585458681203e-05,3.2777545059209127e-05,5.513351668411967e-05,1.4760735799772332e-05,3.303341734255481e-05,2.9708842584794543e-05,5.4207743293067285e-05,1.959672907012605e-05,2.148821120354779e-05,0.0017423068529878478,0.0019434073097945829,0.003053552987966734,0.005579654511786143,0.008851725428866065,0.013623819249939117,0.011821006659239706,0.014117604567747716,0.010444918423142935,0.007240961927926133,0.0032504661853679385,0.003690786240918361,3.2444670396880055e-06,4.226473838047467e-06,4.707068419718845e-06,9.761557004773633e-06,5.323559122672391e-06,8.404044632367905e-06,2.533466415354198e-06,3.839374781390092e-06,2.6534480069483742e-06,8.724754096554044e-06,1.7980250494908697e-06,2.1389304841741928e-06,1.861243523247641,0.5631525459699008,0.37286626395845723,1.192620876935446,1.427391620310018,1.7284309557357345,0.6554069658737679,0.8050212855491062,0.7322933744632912,0.7847620190023256,1.456655345773519,0.28252033629112966,270.4753279655714,270.7904089290769,277.8898057750793,286.53679563600843,292.3965105938265,296.6683543349928,296.4549525941655,298.16196652454744,292.8716855607615,287.80358663135866,277.4242818021565,276.19153725927055,47.66252580377114,58.71342301483805,53.07991223447461,61.45971923082192,59.98125903275536,63.109103936879464,47.354954281691086,48.78116889459741,52.363601830916515,47.9704283406227,52.91726422534673,78.75925706289715,4.813124802989402e-06,7.0587665869026455e-06,1.8606940264138787e-05,3.3447096487247676e-05,4.645709277507665e-05,5.0963080612056784e-05,4.320120431639523e-05,3.618281765436816e-05,2.976452119114456e-05,2.261047185538342e-05,1.0734255475667523e-05,6.622838042029976e-06,28.54891278548415,29.32049452528169,29.001648818191246,28.03443607043789,25.67835599887553,26.80941439403884,20.63870745185581,21.697824632313417,24.330009101285103,26.86072419635455,26.349457824260316,29.29869877306627
MO,2015,1.3833214206533402e-05,2.187696715701644e-05,3.658342085888242e-05,4.203550933131502e-05,6.751505938686521e-05,6.2227475030031e-05,6.342353629357257e-05,2.8815127086869522e-05,2.009199583121586e-05,1.8573631599839788e-05,6.989955382176601e-05,6.84278781032771e-05,0.0024361299240550534,0.0019406127480355389,0.00416981827697333,0.006361426201711471,0.009704913686457114,0.01437585136042973,0.01591403990235279,0.013201108915606479,0.011470699159654553,0.006408597702292337,0.005072850186143073,0.004463314543133887,2.3451001288497306e-06,2.6740548795102267e-06,1.0251261605651188e-05,1.2047028230958315e-05,1.4571504652117e-05,1.6843890491483325e-05,2.0668218251942234e-05,7.872464202615813e-06,4.47687096366147e-06,2.523960812858797e-06,1.2866359559232143e-05,2.4051110672500167e-05,1.3394482722265022,0.8516351397597111,0.10252275358105563,0.41356388163871727,1.6441152815562765,1.2320015899086258,0.8889788367106518,0.6145052331509177,1.236543359852262,0.1852939928765606,1.5573237670665059,1.4340701598276313,273.5026961265447,270.46601860486874,280.8695699453273,287.995218792565,292.1573077517706,297.32764054887986,299.04059769362595,296.86556880830534,295.5026135668354,288.1411548183483,282.92420360140324,279.44520550430195,52.438789549415844,54.15749488458336,61.0485447352046,62.298900309457196,73.40349758736747,63.55759267131599,56.26515454744181,46.98588496099258,46.16988694783072,47.611637515400815,48.927383329963305,58.508639664475005,5.45273310078467e-06,6.984763130863424e-06,1.7943220856830495e-05,3.3792166674667724e-05,4.3535194102382505e-05,5.1443622668811486e-05,5.463761141128004e-05,4.4830450198541765e-05,3.2564508472243126e-05,1.5804153020909288e-05,1.441895785925764e-05,1.0504226231514607e-05,28.86099578711128,29.276014656758182,29.184931742429093,28.703016728318993,28.011744721392613,28.11008146441697,26.77906534030284,23.527954843164544,21.376284609483267,19.801856079592394,28.09946052054923,29.56929970662136
MO,2016,1.1959054631202594e-05,1.5621790116402154e-05,3.768939555683721e-05,4.315973482495306e-05,4.8186492237442534e-05,1.968932046555393e-05,5.103282119019918e-05,5.475186453252378e-05,3.651964040632482e-05,2.3710989317084274e-05,1.7030194672330944e-05,1.5184375921242715e-05,0.0026302433034308724,0.0030923551815278056,0.005023153616052562,0.0062386739210343895,0.008519301772540917,0.013156062452167315,0.016066321449416977,0.015571847766808596,0.01204619290467817,0.0086336051687212,0.005370138403896666,0.002639094846418963,1.9055411466346716e-05,1.1937308328270553e-05,1.3731155648119133e-05,1.2063027372064997e-05,9.776524679929433e-06,5.08336184871108e-06,7.570416806698779e-06,6.1706134662976815e-06,6.103955690297829e-06,3.0207859848807744e-06,1.930863764209387e-06,1.5982816989130531e-06,0.917928259606784,1.062507466254425,1.111300042759604,0.8289625316540252,0.5803400351490585,0.9574982242873444,1.116392245617509,0.7745174997465853,0.7489113076172961,1.3448559853825723,1.1678252734680676,0.7835766309547414,273.2469792783707,277.5854114324344,283.9997681644368,287.92341887925596,290.9438468555088,299.06893841653044,299.4075097720847,298.41790447598225,295.58509212749317,290.4321289676664,283.8631747267468,274.0867813787155,54.24519003701479,55.83913474520358,65.50457929531987,49.37014713173224,56.5524917662929,43.14552149085506,60.34967435601837,60.55221406961115,41.930070148781276,51.936565611039256,46.250920483105794,56.7569129816996,6.161921108510135e-06,1.2913525530462878e-05,2.1820713770411626e-05,3.5457338161849884e-05,4.573428808404526e-05,5.336594046594378e-05,5.026598395799248e-05,4.300480335261924e-05,3.8034777063693165e-05,2.2376319017739983e-05,1.3739508095884028e-05,6.519830997655725e-06,29.376295664840804,28.553309935163014,28.336770868587514,27.35530754264306,28.175486642826634,21.672613741159296,24.805854927105948,26.150815740620057,25.254549849654055,24.760264861432688,24.997043082071126,28.020156261765013
MO,2017,2.3894931793363227e-05,1.1708493648477195e-05,4.8228666271161716e-05,9.697251791449897e-05,5.6745053427232866e-05,3.1179005544197934e-05,3.130553766202282e-05,3.99152192553774e-05,1.206123720517136e-05,3.784246635011135e-05,1.5107474721846144e-05,1.1534212121785506e-05,0.0033703271688306567,0.00410135790782778,0.004499252794256257,0.007344975960957859,0.009044474314308066,0.012072962235328371,0.014942244325618297,0.012776827400486416,0.010622193319624917,0.0071691584396012375,0.00454673430197658,0.002672171533540007,2.7960419272104006e-06,1.919946455551219e-06,8.225212972172187e-06,3.0345654609517727e-05,2.895501394829379e-05,1.1176913102266689e-05,6.263424696620455e-06,5.775626009310956e-06,1.8708209940932726e-06,4.36924369178548e-06,1.4851926159157722e-06,1.1730223350040809e-06,0.8235885991817373,1.0050982720505863,0.6632623755820449,0.8202746995302818,1.1358526150715933,1.4096935288704024,0.753260719482554,0.34953150313904047,0.57227329619008,1.369993768582966,0.4542773714367947,1.2109762764665926,275.53784428116893,281.08614449866707,282.86328259163156,288.51944645544086,291.8168239668391,297.30242393893724,299.9253959182658,296.16056540006053,295.102093859438,288.5433650887074,281.8788235774907,274.88212535767565,69.53744275190486,58.29652935096033,62.79797901894993,69.012108294923,46.48404618008969,48.86680946460995,44.71877574283139,53.14357581627414,38.21333470144228,46.91441377774403,57.06616852293981,54.40592947467319,6.6729125679100205e-06,1.3351561395807565e-05,2.1257651451385664e-05,3.462819672438171e-05,4.969866358432566e-05,5.398978128990496e-05,4.780453210895546e-05,3.942603630376676e-05,2.6962901658352203e-05,2.0999902592833875e-05,1.219743906622995e-05,7.483200191263117e-06,29.012796981094727,27.184575201866604,28.313117597231347,28.86946143732508,27.741392983986426,23.226182988641245,21.601235974196225,24.070150667252033,19.73420795700091,24.945225910831827,26.36769747536875,25.133251557084474
MO,2018,1.6764472166564508e-05,5.8311305584838675e-05,4.350052958477127e-05,2.648711526554345e-05,3.912132196560682e-05,3.080389253696675e-05,2.399068988446973e-05,5.07083471598169e-05,3.7329120028405165e-05,4.421274520417553e-05,3.315455635024466e-05,4.0548148052275475e-05,0.0022032481053916027,0.003195592639165509,0.004141256269567594,0.004361248749275881,0.012064551675418906,0.014223591301883304,0.01395567278286274,0.014056507746455555,0.012415376742946405,0.007167009729937674,0.0036219293851013174,0.0035152403781065424,1.8527906311369056e-06,1.1761193696037204e-05,9.750621209129916e-06,1.1914137575737465e-05,9.180175685691676e-06,5.455140696858644e-06,3.2280731192773974e-06,5.450133345254549e-06,4.3913933031180755e-06,4.640393998699401e-06,3.664496538617389e-06,8.160004610926764e-06,1.2664158869271602,0.4494424011189238,0.3275882960062862,0.2385385715579555,1.4290900473362524,1.635420995347756,0.46993047006670224,1.45797555057553,0.9110316612124189,0.6683274461359376,0.5141054894536371,0.6577377451124141,271.9109169648762,275.7925498717418,280.36527142332403,282.89090226390687,296.3351218940074,299.2056614626458,299.60090515748595,298.34875065509567,295.3601971337057,287.253843733786,276.63968416169837,276.23195660762144,51.02597448659999,70.13925249403668,62.827485715696795,58.43614896365615,59.789439070238004,57.317341961276,45.55442797692326,53.64350204269503,49.249831077333646,58.89981714798122,56.465163800121296,64.88303476680214,4.456943237512523e-06,9.028662979432318e-06,1.892638078711934e-05,2.960397329949439e-05,4.9261662507792836e-05,4.90264657612824e-05,4.042540834752437e-05,4.130348162646279e-05,3.288921997449801e-05,2.1694881978771876e-05,1.0894550445048756e-05,7.644444006962758e-06,28.156798096667682,28.642564156814412,29.605982078563414,27.998080428783148,25.831707050217894,22.42028993086534,19.62015691545685,24.256440883416026,25.139247584960135,27.584737926472574,29.52330662533352,29.54053542654479
MO,2019,3.2189929329574754e-05,4.162942236458056e-05,3.824740744385108e-05,4.98301744920606e-05,9.209438774964904e-05,5.485194958130057e-05,2.9404776362757717e-05,5.440033294372202e-05,3.3433684670427785e-05,5.26240623732913e-05,2.9957403077989543e-05,1.698193646761667e-05,0.0027329449112130162,0.0030621016619962523,0.0035372964967064348,0.006318123457401784,0.010196782036124218,0.01274382253212477,0.01475765425035986,0.01442262079938992,0.013709109944581405,0.006333030593061314,0.0037434529655226865,0.0036627623419316522,8.937146840630805e-06,2.179519559579961e-05,2.1241498421259067e-05,1.938330279878601e-05,4.064100416546296e-05,2.5968172718767476e-05,1.100067997410683e-05,1.0536869357970714e-05,6.295252893572511e-06,8.470732382505796e-06,6.4571436454978455e-06,6.074308732373509e-06,0.8105246074707104,0.15442245646248107,0.4063726850008107,0.7507825200423396,1.2836726477889784,0.8313759901243118,0.8161730663665963,0.4708367902164919,1.7332348947407312,0.6206087001108441,0.7237889981543892,1.4642266311098089,272.7495254759656,274.2800527431923,278.6705609541118,287.45708754757266,291.7758412959921,296.22394856274207,299.0032938455503,297.85827350532946,297.4376428087956,285.7141281572563,278.2315762797749,277.11753166725725,67.5143294929079,74.70636828379327,61.36085731885076,64.29041914668568,69.8619055348087,61.236444861662555,51.643711855992535,61.740160318476676,48.206706901575174,46.30951095993319,49.15938511313957,56.1719363265189,6.5236326871315715e-06,7.439034254606316e-06,1.7233422293397705e-05,3.379337286725702e-05,4.433219268596115e-05,5.4020287898485645e-05,5.222214646398875e-05,4.2392038089480236e-05,3.804254315377869e-05,2.397779592248834e-05,1.2215629309666709e-05,8.130634984252445e-06,29.818613352590912,30.18367024935108,29.330704482249622,28.541630263227006,29.49901601983527,27.697012711109288,23.23506985886914,24.679537583506427,24.305713839704026,27.67001553856337,29.05635307389024,28.81085374034646
MO,2020,4.3334690850949434e-05,3.20640634374615e-05,5.144192399670585e-05,4.234275572791081e-05,5.7948880706006944e-05,3.4987522680561575e-05,5.7752445852776104e-05,2.8375861509453754e-05,3.176292476123001e-05,3.638809898688565e-05,3.0792481119991977e-05,1.637626003290466e-05,0.0032523121150429255,0.0030874916952021696,0.0050542847785376935,0.005526651773000844,0.008837319979258169,0.013041369229198196,0.015939909536299455,0.013378068481216752,0.010517827822312684,0.005926074805567086,0.004831806130325748,0.0031595090431335853,1.6278620414295326e-05,1.9075272472760195e-05,2.6837244807657724e-05,2.206071146439646e-05,1.86914193514015e-05,1.2247909014128025e-05,1.1114988232475082e-05,5.483213180489996e-06,4.539261548287211e-06,5.532615668712503e-06,4.50839976498328e-06,2.7186522380343676e-06,0.6660248851364463,0.5730932629743543,0.6722222743375953,0.6186193892485123,0.14662730998793355,1.6560472971985616,0.8930739109293693,0.4834533463629659,0.4101682270988911,0.0994819545869688,1.4656432305595462,0.9733620805915665,274.8762655068341,275.6037461889683,283.0549936686965,285.2698271155108,290.37220642273127,298.0194752132185,299.79110483835467,297.269508721057,293.11175703571234,285.6009990092469,283.0632568732217,275.9357413025056,65.96511512697865,63.11081568420096,72.33099928162233,55.72213246207409,66.77919455437666,47.17854898542338,55.032455110870714,42.024898174206434,42.89840186676296,47.25301982841923,38.3485480790308,48.03026848902292,7.174434201484944e-06,1.0479156186282722e-05,2.0126550397389506e-05,3.28159397099516e-05,4.044108364006049e-05,5.640848615691414e-05,4.947273935020604e-05,4.428124467227087e-05,3.322700555407961e-05,1.8831746483198063e-05,1.5518348371518064e-05,7.996776261280384e-06,29.87449537690361,30.236309936606045,29.731555832163444,28.750000802713814,29.150586886722447,24.203675618206226,24.815195456137623,23.993253234775885,23.85931191554363,23.63054195942456,27.536765514412835,28.394119676966998
MO,2021,3.558832900417648e-05,1.894785667393953e-05,5.325558851127842e-05,4.962553841284971e-05,6.0851928788059155e-05,5.166415907957611e-05,4.3893352226988666e-05,2.779185436020775e-05,1.8845565840827098e-05,5.6665316098472965e-05,1.2884977949820375e-05,1.936863790223527e-05,0.003129478609683938,0.0020212563560592185,0.0046659056837603154,0.005587723199292372,0.008624071599625029,0.013276885449327817,0.015086693743576626,0.014938311188619569,0.011001109423130435,0.008537964241528,0.0040330762511866115,0.004393815977992984,8.366473925614902e-06,6.829328745150943e-06,2.168472825271518e-05,2.0339141592032308e-05,1.976115755704326e-05,1.7112109644556284e-05,1.1524317243779e-05,5.729352254790185e-06,3.227670424344404e-06,6.171311323617965e-06,2.444890174411601e-06,3.194453455762549e-06,0.6431152343717325,0.8599860226401977,0.9829604654452202,1.0653967388546977,1.1440077291204198,1.2674722687218707,0.4327060594578653,1.3328316714645685,1.0127824190344197,0.6288754055026429,1.253814432041147,1.4175156992224676,274.64933117915245,269.61963535751033,283.44898491557234,286.1876083809452,290.61929491758787,297.9374022275166,298.57539189023566,298.94393785179375,295.71958693415485,289.3429589896281,281.0480707810304,280.86927645889153,69.24439437361065,65.74684122921532,53.901544802419224,50.69577138516077,73.5102080015257,55.06641393903898,47.07874486594081,45.97987225769158,30.350166806483216,52.69763737944193,43.99959097888255,48.87494957175787,7.237782595168763e-06,6.8089977819185164e-06,2.3648923237312163e-05,3.391828555681266e-05,4.100251751373669e-05,5.187088354275384e-05,5.319834085961002e-05,4.435091055895728e-05,3.246347713582442e-05,2.3446746705826103e-05,1.4589602159502288e-05,1.0116280117298627e-05,29.599704462738828,29.792304276534306,29.25793191014046,28.30091646176825,28.919062657335193,24.609737537302976,25.755180303191544,22.84789032294084,21.006521196965345,27.20848868242886,27.45334468060136,26.922768522672072
MO,2022,1.8944571687629924e-05,3.726042144696598e-05,4.457830003216865e-05,5.412551249813471e-05,6.586447204649553e-05,2.5384186878813056e-05,3.4440460855831384e-05,3.297968785113229e-05,1.601919443826967e-05,2.8688018704082364e-05,2.9944947024567757e-05,2.342558132455763e-05,0.0021147107633644555,0.0024803450683089797,0.0040037350751186696,0.005386000176838034,0.01008187332027792,0.012591491035004882,0.014708183015767894,0.014399496979951621,0.010007228044392457,0.00539146523407346,0.004068375995104608,0.0029708024952780593,3.901078599163908e-06,8.464378655493885e-06,1.262480465330518e-05,1.7415013967579665e-05,2.706195083136058e-05,1.1039115778811797e-05,6.100493291612589e-06,4.9208952159293305e-06,1.1625599498503262e-06,1.5123008831349038e-06,3.1186392043295394e-06,1.850397795178145e-06,0.9810551433711786,1.0318228803399514,0.8682884881210797,1.2517271464720459,1.3303966919369266,1.0749605143440049,0.6160022136965616,0.7272239366311498,0.3466034358701898,0.5432689197476451,1.183742837570381,1.1378802450671706,271.82038607419594,274.2864562617544,281.43145830125644,285.71443603368465,292.83296294918176,298.32351872785006,300.6449223486247,298.59633503194146,294.5454708670664,287.40215538032623,280.3455879404846,274.6702726835511,49.389779187012984,43.54970189162757,56.13022160893822,61.26586563119415,61.38995143258927,48.15506524759069,48.74148336379589,43.54059305062869,31.5609487329325,33.205442587246544,44.72533390146247,68.49151629153666,6.219544137637309e-06,1.0585424162978376e-05,2.172524513483366e-05,3.484090985834076e-05,4.582256760897067e-05,5.519682751051911e-05,4.123449578209014e-05,4.307099657709004e-05,9.001843353549653e-06,5.285674957062977e-06,4.57657277124006e-06,2.041662157202295e-06,29.04997170373851,29.664775630685007,29.01874248624363,29.08417278996441,28.04936877026177,23.520690810628743,20.183690773702352,23.537190233436917,20.480263908931235,19.58973175506523,27.134287494386395,28.285524713831972
MO,2023,2.8083084507433364e-05,3.569240565189735e-05,5.144241081827007e-05,2.009997162205443e-05,2.954562084844288e-05,2.23353503248855e-05,3.266259056244573e-05,4.821266987012417e-05,2.2232273924390616e-05,3.011910721534204e-05,9.456126809997736e-06,2.9070890705353574e-05,0.0035714653804592975,0.0034423793109950923,0.004120348514120844,0.0052532560779387965,0.00874912551065106,0.011461288116974012,0.014601207501575076,0.0153515772300539,0.010957660252951194,0.007019166934786442,0.004217246141689824,0.004089652630982409,1.9136504323940255e-06,3.737223872352679e-06,9.128042580115228e-06,5.691692594333423e-06,3.3041275821199375e-06,1.776959790073201e-06,2.070067660272812e-06,4.748611136198722e-06,9.003742993997504e-07,7.806385045486672e-07,3.1743660389086264e-07,1.1459008317111657e-06,0.8840623023507881,1.145923669293151,0.26826795701185685,1.1139414299792272,0.7386049803535649,0.24292579271066161,0.8554281064580214,0.2853637343217765,0.9088837775935888,0.8245928939542335,0.6873272486017187,1.320930347682353,276.48104329070543,278.3046425953758,280.3259497114044,287.25178100925007,293.1832709652959,297.559316445293,299.2552927058698,298.5020947726461,295.05768241833067,288.3053519269173,281.5809496348378,279.0461761945891,64.69550695195457,52.40642427153715,63.95583243819648,47.40693522398903,50.83555496285346,38.0345398679001,49.74053143995153,48.76850519603169,34.402540650176014,40.702274666089245,40.38396206365745,62.16008632778839,2.6938289611710882e-06,4.041781556146639e-06,6.251319188275928e-06,1.0893205709795454e-05,1.35413620865233e-05,1.3619231187657334e-05,1.2875157860326688e-05,1.2027382365358499e-05,8.384847172364027e-06,6.694564147592994e-06,4.061466545171429e-06,3.4278086556755585e-06,29.472962408022926,29.692910305544864,29.619672595984415,26.166123139755445,24.502459538388596,19.825067191069337,21.52255877472283,23.6180085947404,20.63889540158101,22.61218147077477,24.97585445588627,28.308336513036423
NM,2000,3.1536847380725034e-06,2.772659203625235e-06,2.2007766561936565e-05,6.032373241127206e-06,2.2342727168508375e-06,2.3192182461391496e-05,1.4665399615550445e-05,1.529645829763749e-05,2.2672498455535267e-06,3.0739593247534564e-05,1.4159187901795372e-05,6.578341898424644e-06,0.002510701615652602,0.0026065865994727537,0.0031110182805422866,0.0034677304663894,0.0039684247255747235,0.00780406272976592,0.009262971268788793,0.009130747320714012,0.006002670148506367,0.006104166446816137,0.003201759618292792,0.0025874286220341825,2.1142196994410239e-07,1.8851521776397015e-07,3.499700863144655e-07,2.164132100600624e-07,1.4510991540525385e-07,4.892037696862299e-07,4.094774927558124e-07,3.7389091951649403e-07,1.502246435468452e-07,9.305532144389841e-07,2.4717326355968913e-07,1.587708906143538e-07,1.9369108186429158,2.26057752989433,1.5567691449454424,1.6783594239611297,2.1836466887737402,1.1057537190320323,0.8265074550029436,1.4988338051440346,1.2293431527259981,1.300067776412665,0.9073762343542462,1.099446034874495,277.1088980396169,279.79353061258814,281.05895177462384,287.0024942754898,293.47155207130453,294.9506632110561,297.064988863046,296.4227458487494,294.12961427281607,285.46998233088885,275.0144185226506,274.5726484061641,35.281378975699916,39.00438623969294,39.77623153284164,27.148108196704868,24.232890226237785,42.718059250238774,43.43978252647043,43.49696896130679,16.72276259484673,43.20995570924813,34.076457381300465,35.279674837523444,3.7040634186909945e-06,4.466795228459866e-06,1.0567658645553095e-05,1.5761883515017424e-05,7.15281272672238e-06,1.688775163617814e-05,2.0448159876583585e-05,1.5293669807029605e-05,6.0861511948748114e-06,1.2914731281108651e-05,9.593262551666729e-06,5.996566771004876e-06,8.971041094154781,8.335168652153964,11.57213860015449,10.489058200695913,6.027902614311898,8.853136551127538,9.331564100078214,8.613307395415621,6.42731311929845,13.50808434407331,19.979003902739805,14.198444985236732
NM,2001,1.500756450069224e-05,1.021359570288957e-05,1.4698148810951389e-05,6.96929447097915e-06,1.0731020782746263e-05,6.689068884551457e-06,1.5739188068931535e-05,2.02331531859133e-05,8.4748392741423e-06,2.74319505356288e-06,1.1667254806128559e-05,5.021425493180451e-06,0.0027237115228567104,0.00304626684767878,0.003738286298418177,0.003631071040700665,0.00498237524005143,0.0058197099252753565,0.009692560810020715,0.009703621167576714,0.006811753221405708,0.004334468447763512,0.004178783115429139,0.002394599455666494,2.209958977572793e-07,3.200620190320448e-07,4.991478658599073e-07,3.34537860067412e-07,4.311331435280371e-07,3.3862005960486755e-07,5.390614388476899e-07,8.142061865807373e-07,3.8200804383430534e-07,2.416214194377695e-07,2.34895823274576e-07,1.7841330516361581e-07,0.7865993653014132,1.7662499479135,1.2000815883133313,2.933443413633129,1.26748550346819,1.5469511389873682,1.1515958585133412,0.7186029062790836,0.7019356541352161,1.4005038798663159,0.8812726257835738,1.3668339739586106,272.2184190921456,276.37574747989055,280.04467697270724,286.11812627330517,291.4895264465672,296.11392991412566,297.1830576554047,295.04200024644405,292.9712188892079,287.47416778682174,280.77234515275654,274.11226348815,39.38331310863155,42.06287894801285,45.39976483942962,32.76410027728348,34.22247167574305,30.225911917140113,41.11567326751081,43.908433057012736,21.092568630640045,36.49119335392959,41.609713206926465,30.780590931083356,5.853928292486264e-06,1.0835967289310899e-05,1.623137711826148e-05,1.5597540450401378e-05,1.6197188963282285e-05,1.202783275292232e-05,1.5526382656590188e-05,1.9414709918282117e-05,1.1989360605237543e-05,4.570594017748907e-06,5.992638453417047e-06,5.012445831798147e-06,17.79610064266479,18.22923223995668,16.705930889904824,9.307290907272623,8.493454178741327,6.660839549625205,8.162250596521936,10.189714296643821,8.320818515118765,6.566534580800841,9.722204384462636,11.556537298249959
NM,2002,7.999570084980837e-06,3.8051024760459874e-06,5.3716902066395175e-06,3.048947904529207e-06,2.4683467898560487e-06,5.214067548142581e-06,2.365840333923134e-05,1.4379053794323018e-05,1.978646868142964e-05,1.8505153949361434e-05,6.486332023625326e-06,1.3576661703736984e-05,0.002394884817672863,0.002011260739406513,0.0019143013157515278,0.003191046724342363,0.0032332077529852294,0.005661481311823005,0.009711933156653137,0.00828826211771621,0.007742334778738952,0.005538269574882295,0.003286384454748347,0.002906391728489945,1.7198747730999447e-07,1.6565640492142837e-07,1.5932031282561772e-07,1.1727947564035096e-07,1.0041916987842434e-07,1.0055220027748144e-07,5.414716880498162e-07,2.799810924285027e-07,3.2400594652088843e-07,2.0225688242375026e-07,1.2040054957964566e-07,1.4899575451548572e-07,1.6042287351767437,1.3212515732418983,2.114985171578129,2.5226183528469446,2.137849627304213,1.6354209904077053,0.8318969655409924,1.0871426973161706,0.9385468972524608,0.981952070519684,1.0095388177779,1.4410387011668389,275.13716058777305,275.96247178291486,280.4196737770831,288.41056103597884,291.65254948405783,297.60405247111123,296.56288850866304,296.63984507260307,292.13786619061335,284.9946148348036,278.98785955116705,273.45439649774164,40.122317189916686,34.57046547933539,29.50415803192986,38.30171533356447,28.964700504378467,24.19938589164844,52.35537627686454,37.27585987961998,30.166217347830624,41.122792894915136,32.90982001869296,43.64694604780386,5.341337717699795e-06,8.151083999511626e-06,6.559162668724902e-06,7.5882829765034915e-06,5.131068250080179e-06,7.312942109811701e-06,2.053950669291313e-05,1.553964166719803e-05,1.683624692363732e-05,1.2024658382668061e-05,9.454945488884613e-06,6.15091499677842e-06,12.076906065675395,12.575141673450165,8.114845651214429,6.892401743427278,5.887030192257751,6.132274628059432,9.98132800807719,8.562334765171853,10.740199559105575,11.477011219161385,13.265453878317786,16.119314880678825
NM,2003,8.192814667596836e-07,1.5082050099573504e-05,9.175245128157997e-06,3.668915565490863e-06,5.085250883154553e-06,1.571583211253034e-05,5.4922105312739625e-06,1.5704634195534668e-05,7.75166795058583e-06,9.812229510436086e-06,8.491500720271795e-06,2.730328944584293e-06,0.003068187664050992,0.0030133325003113684,0.0030915654873056985,0.0027307446913390696,0.003930980564858147,0.006098309768146128,0.007849301891288903,0.009494058427685408,0.0068406842431536765,0.004975876220663468,0.003278817536538151,0.0021329905599636596,9.9452588767949e-08,1.6751477023097883e-07,1.8281530422041299e-07,1.5890703291489592e-07,1.515569599583348e-07,4.90146696532884e-07,1.4209957222410998e-07,3.4897553075938047e-07,2.1908657303855617e-07,1.6855621981220085e-07,1.341157785116969e-07,9.176342438957028e-08,1.0333881935456974,1.8389815610593032,2.0871515820411197,2.8986375599952803,1.8019014745642645,1.2133886386686694,1.4524243828997063,0.7914353594296794,0.8327873458863418,0.6478425564599497,1.833445388220424,1.7165169243200797,277.3669192188747,277.1377514815274,280.518270528539,285.9387248669943,291.87215713901367,294.6077815152029,298.94991237247524,296.5722244604391,292.7067914467224,288.60240815607585,280.1561069584072,275.63300078464005,24.06093518384584,51.71549956193607,36.46060481235346,26.78258264105946,36.208701467571075,31.162343009196274,29.676963946540663,44.45123465000865,28.50035473681344,27.5373049323593,33.859327096624064,32.66074431356278,6.7567470003731894e-06,8.629057579133842e-06,1.234251738105363e-05,9.142366077496357e-06,8.112676382828562e-06,1.5988069911606056e-05,9.353287189515857e-06,1.2677341340039288e-05,1.1376528254248449e-05,1.0091640679278116e-05,6.283687117019586e-06,2.7536328046328033e-06,13.40336026837251,12.277210509767631,12.419110105141442,7.841168767116184,6.659632066833526,8.424725993949812,6.365393821824511,8.072262378436795,8.198458405633676,8.88385670699661,9.982116395780375,8.663654398895718
NM,2004,6.101341034640819e-06,1.4136460086620154e-05,1.1686670012531638e-05,3.259145917295432e-05,1.7491960118431027e-06,1.2157806445447987e-05,2.1630253726689298e-05,2.4250933483345567e-05,2.5549179354685684e-05,1.528129660059992e-05,2.1536870798170183e-05,8.438471841882192e-06,0.002712393791393012,0.0024907874238999936,0.003720585695861368,0.004324923024864488,0.0036603432182303447,0.005130974040609709,0.007928258378803989,0.009134519661920169,0.00689594544050304,0.005791747526064035,0.003960708995749653,0.0028662313970490567,1.0355407356786807e-07,1.4381052735296164e-07,2.7913641796257615e-07,7.424192486420388e-07,2.416122889088131e-07,3.17487793016949e-07,7.158401944375569e-07,6.100620045164378e-07,7.094912307149088e-07,4.896869600855894e-07,4.1365367050615166e-07,2.692542247040051e-07,1.261188030266855,1.0574348699655642,0.8243649148645872,1.243090216694844,2.499071930847155,1.3415343907214452,0.6515095135503717,0.9258324840456706,1.3628985814638999,1.4407449890081734,0.26476800428954844,1.0630713695419016,275.59191906438303,274.4647748396453,283.11220640350035,284.4558437003009,292.17430347741697,295.4119760430184,296.37502015807576,294.17239766176885,291.5832146267497,285.7234695968534,278.33290819379033,274.71107773862,44.270430816547254,46.4654847530225,38.818627859247016,44.566630500740494,28.555542082465944,32.854524537423806,37.34237311745884,42.253781400822895,28.69792649577441,33.291860478021015,50.68674524795597,32.46687033950679,4.084735466502003e-06,6.845527127474956e-06,1.5344136028688094e-05,2.2790280987825794e-05,1.0801201995137717e-05,1.1063109042896839e-05,1.9025226502296474e-05,2.537069346167444e-05,1.5590430180038612e-05,1.7703234655119578e-05,9.216413285811914e-06,7.611497676427035e-06,10.492879063301867,12.864028546041423,13.889900559120626,15.673095147976351,6.676732217937839,7.064937689591013,9.822917806944183,11.823397988117847,10.757452663327552,14.387019944471696,16.293938454163555,18.55158259759886
NM,2005,1.7122573434788887e-05,2.2771706767268695e-05,1.4865803393006307e-05,7.445336963306731e-06,1.3347558579076662e-05,3.424521382266164e-06,8.460393157193698e-06,2.6403627547441693e-05,1.6066930270036396e-05,1.29707176031634e-05,1.295776207507062e-06,1.0461651891376779e-06,0.00378559235727858,0.004153445315500287,0.00347308677643574,0.0033337635914865863,0.005122774706428479,0.005070317261422146,0.00723014524604786,0.009874772864466955,0.007602379873478273,0.0060852941284261506,0.0024858139512475134,0.0019277747416145286,3.3535122503806555e-07,5.453249058125624e-07,4.2488510498618703e-07,5.636862768557677e-07,9.54967552302373e-07,6.315761355319056e-07,4.160609337274299e-07,8.17852353045632e-07,5.153268373735468e-07,2.965364655699689e-07,1.8422085433488953e-07,1.6797455847996588e-07,1.2731221368195251,0.9278297066855348,2.1003364719571,1.9387707225901896,1.4092279832858596,1.9812544757701451,1.1004074898489733,0.5903700589717764,1.4586215725578484,0.8689290513529248,1.7271690124232995,1.796472542325773,277.26346478875513,277.38534877741887,279.7364598526548,285.09885025510505,290.7548959119114,296.03674376878945,298.2495585923493,294.97602468317257,293.3439750449386,286.58573944252913,281.2410546959192,276.4519327214164,47.75417776038229,62.33715623406927,38.78547202002575,29.28052101213059,44.63485290274905,17.474626120377483,27.161093374878973,38.496887780642126,31.675698846358557,32.51510251718692,24.543388971819002,30.276930369603228,9.750727543607072e-06,1.3070946982623465e-05,1.8246078694022952e-05,1.7223141882774007e-05,1.6607118815186482e-05,1.372604432875665e-05,1.1330290181677242e-05,2.370136377641309e-05,1.5515479856953553e-05,1.461560633160101e-05,3.4088617255181373e-06,2.142155707752235e-06,19.334534671897824,21.82471592542012,16.818762169359672,10.292858907736628,9.041712335115887,6.850732744865873,6.731747559093562,11.642693293064077,9.228680211583491,12.2070738285696,6.786359812729168,7.5885124868661435
NM,2006,2.122345507608134e-06,1.812713021546596e-06,9.105429351414124e-06,4.66516164332357e-06,5.885117274990149e-06,8.743799337969636e-06,3.165926071955228e-05,4.677518551520845e-05,2.3114280995313717e-05,1.8886736110505086e-05,2.5176508062202e-06,1.2701041851260167e-05,0.001803465702383938,0.0017633887764009677,0.0026828465723914884,0.002709756498176133,0.003536962097232497,0.005399411006245442,0.009494003120393198,0.011952527075945416,0.0072055822238519815,0.005415341423873916,0.003052575161030599,0.002499994512344394,1.5246511834587409e-07,1.4546795139200126e-07,1.6736175984613661e-07,1.6217560409562174e-07,1.6537033198112574e-07,1.7285131253067992e-07,8.848574146080961e-07,2.397733256835309e-06,1.105407131753285e-06,6.452737197404867e-07,3.403423793185876e-07,3.163762150684744e-07,1.994647185082235,1.6540264913426987,2.6346521839715464,2.3125401841021755,1.3051871621617732,1.4230914196288733,1.0104521802700133,0.5926320177384146,0.9298259020518619,1.2091505417773516,1.3937858147805462,1.1786458696324156,277.4193296581208,278.44252831534374,281.1277156647858,288.0414868944494,293.3167275660446,297.2379561333657,297.1465969243563,293.9405810543008,289.50555604462835,285.6359395660015,281.2992712913217,274.2626575925727,26.21970756059875,34.30108783756574,49.45723034057988,32.31887899424922,27.56673325424811,32.89833691488008,49.999756417519556,58.53947764067381,31.486202617472657,34.92853647551251,23.044102595441384,32.07576666767062,2.202553237389713e-06,3.089000379301038e-06,7.381483305083434e-06,7.304227696691482e-06,8.568491065960309e-06,9.283924832574966e-06,2.0507213932681556e-05,3.424801259122799e-05,2.520415529293326e-05,1.699157852563119e-05,5.991149829614907e-06,4.460242988072857e-06,7.210024582230272,7.4364683939542955,8.930502512246814,7.197287402543827,6.886457517171967,6.74546077994101,10.647643050763957,18.562420384235672,14.590685951310261,13.906218220113848,7.864035151728559,11.121938201734675
NM,2007,1.2409939696552187e-05,6.899235741537846e-06,1.1961490799472859e-05,1.1930986905667038e-05,1.8742314718374362e-05,1.0253449243950435e-05,1.6974801911689498e-05,1.62753874443536e-05,1.3217048366637326e-05,2.231251447943058e-06,4.820109305117112e-06,1.7869678956582557e-05,0.002625020718033599,0.0028204966599997116,0.0031043256230268807,0.003680134974463344,0.00568491156734215,0.00593636558304945,0.009421260816952286,0.010330794320343666,0.008108956898907869,0.0039385933629106995,0.0029594114899575887,0.002804085137358513,3.095181617358595e-07,2.9560825155511293e-07,5.297238663944078e-07,3.438449411528025e-07,5.52388213453851e-07,4.04601399356183e-07,5.674030592143758e-07,6.161470473531963e-07,4.0097440609797494e-07,2.112878514729207e-07,1.9648975827649025e-07,3.129424041986845e-07,0.6855611622939691,2.4092366377712144,1.252672233879682,1.6988966839190183,1.1729830135939434,0.9055689047469133,1.0155704850912146,1.2908772048528767,1.5021228620208034,1.3818324268351603,0.6612509325994737,1.9157333520339201,271.8181691626629,276.83084931982535,282.4426253849433,285.01918155479717,289.61457707670735,295.44773634064967,296.71223334162084,296.9443493036332,293.26747827326193,287.8268999404329,281.38210826597117,274.5409116331171,41.489491454208704,32.983030866817124,34.11803717156788,35.72851553919113,41.43312768666698,32.52842031528132,43.79434362998477,36.157325456741965,29.731690032487673,16.442081168733353,37.45532320902175,31.099439989623768,5.485749614180594e-06,1.1627204493302326e-05,1.4619187620225283e-05,1.6451730426926505e-05,2.2935312939235177e-05,1.6009579732205874e-05,1.6460200177082763e-05,1.7735314637697385e-05,1.4969466759866128e-05,4.865426309603142e-06,2.5648874770929292e-06,7.883256685672074e-06,17.29954000876444,17.600066336505787,12.175528230779111,10.355001200009896,11.125509824238977,7.759940221082751,8.397285744250238,9.401448122940005,9.18646479793641,6.7009874394353615,6.739416769226889,17.47168209413403
NM,2008,8.010851910854079e-06,7.646645353886683e-06,4.367904710114519e-06,2.955584833057683e-06,1.0688944896336866e-05,7.631554319921763e-06,4.3283385712089274e-05,3.0334661851977827e-05,9.75264828604729e-06,1.7376906777790802e-05,3.98466141568626e-06,1.0101767556283118e-05,0.002096345080747431,0.0025586958875479,0.0022800417931762443,0.0018475922910093964,0.003367472927999466,0.004447561161637961,0.01109232126941418,0.010056091447167318,0.0075242123777107955,0.0046183172218395635,0.0028955301303128437,0.002719081681353392,2.34366900626403e-07,2.0353604068269518e-07,2.374650916458792e-07,1.9147573745986534e-07,3.193831074783147e-07,3.5714195675295605e-07,1.9419310897637302e-06,1.2564018002765354e-06,5.695087198727107e-07,5.285169616240201e-07,3.0103801400897696e-07,2.676704396057094e-07,1.8913301946014924,2.2428699474550613,1.9186699641184486,2.511194960909436,2.227368461350246,1.660176203624852,0.934756545226478,0.8322918672861931,1.180191028006827,0.9902250333753276,1.262697929392367,2.284178491613464,273.4230303456113,277.74234864837103,281.4907113523337,285.77696950736384,290.33635878776755,296.97087575313395,295.28140657267613,294.8967464243725,291.49441691401444,286.5450798189392,280.6824068697348,275.8436972348465,38.90256861657305,31.81721112242987,24.71450330127381,19.3963541239652,27.20806095181346,24.300479908971294,55.186579863626484,44.636110598696085,24.189552546446677,20.1395404791991,24.952053907948926,37.319780821377094,5.086353782217927e-06,7.182035544743498e-06,9.167389555825822e-06,7.260997610745591e-06,1.2630238035283397e-05,8.714146713293658e-06,3.0449040600106447e-05,2.5291509059555786e-05,1.8916332527239793e-05,1.4008233312570998e-05,5.338756879393688e-06,5.2321325000964915e-06,14.235086821961431,13.207872549268954,10.11620236206714,7.3016401868698715,7.994931119211868,6.42266973206883,14.933289184458344,11.921585040296538,10.862182897585356,11.563720267286076,7.999737671398253,11.383677550795097
NM,2009,2.5553267446528184e-06,3.613715902535113e-06,7.734220402526636e-06,6.618767613440274e-06,1.3203049577942575e-05,1.569786474852002e-05,1.849992269009112e-05,9.978462367672203e-06,1.7604725538463072e-05,1.1791936052288638e-05,4.163258977682917e-06,1.0308467576086685e-05,0.002366362124751637,0.0020603450430866834,0.0025822661773538744,0.0025430350754973878,0.004817838022200848,0.006165015230402871,0.00887207486630516,0.007740677742931493,0.0074621957759098785,0.004453811290232272,0.0030172100700015915,0.00254970416838746,2.2222492196797263e-07,2.2162867409301453e-07,2.491469942422199e-07,2.446956206362236e-07,4.184344885413515e-07,4.490653675033933e-07,7.543792858723905e-07,2.3082434281061484e-07,3.635474898930148e-07,2.1166980087833172e-07,1.4294845556822679e-07,1.4936814966752425e-07,1.5858739392882972,2.085655424640844,2.5719954710509842,2.719611599113463,1.1777694641386471,2.0480994875314784,0.8178713458349745,1.2868243837559477,0.4885580121830252,1.8601306986535286,0.898874736200111,1.4659124068804255,276.3276366437313,279.2125705258177,282.32674166350427,285.60851949480036,292.0875545052665,294.7943205116552,297.784417593455,296.5427928174754,291.57132606246404,285.3139088833126,280.91211822917234,272.748825711192,20.64492405457306,26.219922043577487,38.97925535068099,29.996578609010555,40.66264282980501,43.65613251065854,36.74133849279225,31.210355861482626,36.01375135004455,29.0591072344822,27.325513891120995,40.43849822153108,3.8817462208260214e-06,5.844609883217846e-06,9.086109640769344e-06,1.0189228719322938e-05,1.3410927686361007e-05,1.5966327676018137e-05,1.9073601166482024e-05,1.4140368231315736e-05,1.5858783603341763e-05,9.735670637540754e-06,4.6710655933648375e-06,5.484323023393166e-06,11.113666258199189,10.084690796300235,9.078541719724429,8.4768367069638,8.329393873780889,8.443545157008852,9.019398493349192,7.761246242211152,10.4041378712947,9.43235284365545,8.394419390076303,13.680886235261328
NM,2010,1.7623333724959248e-05,1.5303272875251755e-05,1.300643231971763e-05,1.1450346866257575e-05,7.249730280084999e-06,5.577958660455006e-06,3.541635541731587e-05,1.6964584548836424e-05,1.2669803188043234e-05,7.580151422409576e-06,1.77864382017083e-06,7.74737631075075e-06,0.0025424207292088184,0.003176755330187706,0.003140614682701224,0.003505369741273973,0.0034863262619112506,0.0053623343147896595,0.010821525452429696,0.010280273729075303,0.007784444585795519,0.00519910952809493,0.002393369620859287,0.0028639159418881216,2.3113300670183623e-07,2.412394868673945e-07,3.4792051741041e-07,7.036661923643182e-07,4.045522696692871e-07,3.464298394631809e-07,1.2725007135208914e-06,5.688608665229146e-07,4.0262084912152376e-07,2.65710348276769e-07,1.7407563352439846e-07,1.753348381636621e-07,0.9717064795115506,1.0628053308161727,1.829743261055673,2.635114011747584,2.519232909564486,1.6059825507171264,1.411806507145759,0.998457196719043,1.0181374607932114,1.1707806009015373,1.928911822902205,1.8373237733834134,273.5286299000685,274.3871058751779,279.4063519787434,285.4537674170243,290.23438110421887,297.4315101416232,296.55564656159834,296.00330770451035,294.22314528272443,287.7916913421631,279.78625065684884,278.13572634290654,45.75480672628219,47.84673058731802,34.15152270858076,34.517467491780295,19.91923273991284,25.699556252958068,41.1129440635051,28.91365252004111,18.666086564773014,25.09084518107484,16.112117132935165,40.97783117735884,5.282549177876493e-06,9.592268987702288e-06,1.595114071641172e-05,1.664412744328185e-05,1.3880819307123335e-05,1.0122801175730683e-05,2.3809486749005975e-05,2.4956285839593205e-05,1.4260809492026274e-05,9.413904934419292e-06,2.9691485582945005e-06,3.1096572494595034e-06,14.980158596097755,20.370752299643303,16.435421503312224,11.11265914527033,8.042977768269669,6.246928880435897,11.572059773000241,10.899778372743702,8.936520753721314,8.477158841962193,6.782765875586901,9.023282421772649
NM,2011,1.4176962521372178e-06,6.564717029046445e-06,2.204086808066692e-06,2.8801691485869132e-06,3.04099755363769e-06,1.764024958021993e-06,9.865333171495927e-06,1.4935813258378963e-05,1.6253779329876466e-05,9.152077926200277e-06,5.6626981695960635e-06,2.1103611862075615e-05,0.0020581520952785612,0.0019300542466726648,0.002252748366447758,0.0022995031886179186,0.002602812477038028,0.003376509387009775,0.008534174128332534,0.009527454555639291,0.006861388580761269,0.004414621870341809,0.003100724674960191,0.0028157083932241213,1.4720923399895228e-07,1.4869391726130872e-07,1.2794566048049628e-07,1.2913401978355623e-07,1.252188070516445e-07,1.0507477041379918e-07,1.767684914736985e-07,3.6321047926154707e-07,2.4898851660336145e-07,1.3901875765760123e-07,1.0647537331710188e-07,1.7521276007153254e-07,1.4693336752785384,1.8994643994686393,2.3955937567522696,3.6562369479504486,2.893016987625194,2.6911008461011567,1.679076796763169,0.6871676820341606,0.37749540386789776,1.1071969819923915,1.827235742124407,0.4147863226317186,274.06111918491615,274.69400775095414,284.01783534893764,287.9435793088623,290.23631338763926,298.3074732295668,298.78016882745806,298.32536041439937,292.78800136287424,287.1451508799582,280.05250719949015,271.6137416533271,24.576794510466648,27.634255153426544,26.40141070688084,22.316450157616348,16.764482329675356,16.40954376604686,31.03250078346116,39.8441530267106,32.07945802655321,17.976082522558023,30.223248337256276,40.25830713505526,3.461086597287021e-06,6.351116018424269e-06,5.3571324439466635e-06,4.9014703348117275e-06,5.143651526788924e-06,4.135451471836052e-06,8.829048020387852e-06,1.4449879021493603e-05,1.4987252788777101e-05,8.50567041765972e-06,5.0478648913398705e-06,4.41529052743055e-06,10.962883887058583,10.868785648883776,7.6926530729654345,6.432584623264584,6.218627872965687,5.359130948882763,6.588151853523035,8.490632070771623,9.787937165240196,8.718803095105397,9.14018058021757,16.946547401360814
NM,2012,3.088707117888705e-06,6.450780278579315e-06,4.718854150478612e-06,5.870557763347303e-06,1.0028760834617987e-05,2.10626298496563e-06,1.6022386726232804e-05,1.0700895894016822e-05,1.1543264468155227e-05,3.316317891656734e-06,1.6817207408219087e-06,7.19843929930139e-06,0.0026662088311476895,0.002750326876650891,0.0022486773507010556,0.0032379504848161953,0.0034938283475954477,0.004541289296193359,0.009374738197769126,0.008575660527044457,0.006456036544616977,0.0037279527589902262,0.0027117337696622324,0.002297192886553736,1.3387002455992046e-07,1.1502717118288094e-07,1.7282907384161047e-07,1.532990239124865e-07,1.7988263717957904e-07,1.0433406365734621e-07,2.480648982056502e-07,1.7573146679714125e-07,1.357153497077465e-07,7.966636104910396e-08,6.011405277118947e-08,6.653799647266215e-08,1.6510268706049778,1.2968427413352124,2.0043369768132,1.8763771510635634,1.780778920196263,1.6492777440615267,1.4684169843577026,0.7149923873895537,0.3873883259175053,1.4313828636086516,1.1993000050391154,2.002065498117358,276.37741648928386,276.88494465403824,282.8269600568008,288.3530934150306,292.31574516998904,298.67294618722906,297.3012374150958,297.2331009404521,292.9144957042988,287.7817799910789,281.97236720906506,275.5451743119196,26.67484747592237,31.86394881643849,24.901958697178088,33.868834646586606,21.43384901647949,20.27111034816621,39.667472433348905,32.48355778199219,32.3486784949158,18.526007247737656,23.37759190706363,38.86824148753018,8.65285105558415e-06,8.576069197976444e-06,9.148930203105884e-06,8.542275777648978e-06,1.2281645060636284e-05,5.580563944772102e-06,1.550877279444929e-05,1.1438479469313853e-05,1.0519680459657158e-05,5.774784160213557e-06,2.291595776713625e-06,2.6280825625312798e-06,17.102302850192157,12.317055713998565,9.136184450881865,7.6131150804535554,7.931068564563718,5.680873161838842,8.392196344877775,7.647616371880043,8.134946627387489,7.011788740013714,6.393808222778322,7.894999339024836
NM,2013,5.659187014297544e-06,5.870158093251097e-06,2.4564359409004755e-06,3.832997599352943e-06,3.8028107812296237e-06,5.199996288433975e-06,2.795775716880621e-05,1.6204678025006958e-05,3.7013754162762614e-05,4.6835947037305484e-06,1.1005925698919993e-05,5.724084840548788e-06,0.002125588782708906,0.0022139080365774304,0.00237390170162189,0.0025179470584552007,0.0031711318935457905,0.004781275088779468,0.010346896155202682,0.009500616720871883,0.00835320020691619,0.003827711536499364,0.003665149088942042,0.0025858685383297717,8.995140527682601e-08,6.855238283611682e-08,7.734133706535384e-08,6.912536160019068e-08,6.41961738891056e-08,7.082551599011902e-08,5.367771604508832e-07,3.278136839979732e-07,1.3608398556550565e-06,1.8265486022648455e-07,1.8025288114288192e-07,1.5756863209338746e-07,1.155695601757235,1.7828455010090676,1.9965392999817333,2.2705027898334014,1.7447528510685402,1.5438843646146994,1.0875227341880438,1.1254251631301695,1.5673521702071127,1.4713629449896408,0.7298731440544785,1.3981821335888485,272.72950325060884,276.00452592909426,282.67256482571884,286.1086385903106,291.1823846529443,298.13344479299184,296.29959275509253,295.87574795779767,292.40288210634964,285.2039495009006,278.9474581198755,274.0756227699457,31.143618064208667,29.014754249844948,34.88333105833678,28.29094073098653,27.994358641170177,27.1074616096982,56.32256394899289,40.357869038290026,32.96886190096973,18.31829076163822,36.297308148561605,32.35183350267085,4.2489735606266275e-06,5.507560182992835e-06,6.425848678793086e-06,5.584203283229051e-06,5.578259724974807e-06,6.398313097740008e-06,2.2534238516898735e-05,1.7322973211512634e-05,2.1725957014797748e-05,9.70617840535201e-06,5.4705635336426e-06,6.450921871901638e-06,11.383976785388192,10.575481234958783,8.591368988282355,6.9141291726530865,6.269017817533564,5.984201681645076,10.946684213904181,9.214929384095011,14.821650173767361,8.34955192213035,9.962849794961597,15.392039230486422
NM,2014,7.199498768716551e-07,3.8733406141894135e-06,7.188958680184503e-06,5.061479800117568e-06,1.027564888203875e-05,4.5231415868101055e-06,1.5816901183066165e-05,2.0697449371663475e-05,3.3091688947571666e-05,6.202605324937608e-06,6.779762160607216e-06,8.245445865550511e-06,0.0018772873319469836,0.0024845832649711213,0.002594353397340415,0.0026068943567780023,0.003284829320129641,0.004733584680749662,0.009157474543899646,0.00935760078156023,0.00941903089582102,0.005280017495725183,0.002968289177154491,0.0032316683602745546,1.1119974863723657e-07,1.2309692803027996e-07,1.4472287394073343e-07,1.3625356388808752e-07,2.485875956711947e-07,1.8436022244784776e-07,3.019415583629656e-07,5.561685154068048e-07,1.225143050115604e-06,2.0873574200162108e-07,1.685246086873612e-07,1.5159568016611778e-07,1.7497762909032513,2.214575058106608,1.705073125342307,2.387482847559365,1.7687773142439502,2.1100911028400846,1.0251457220441997,1.0539845264224053,1.35777685089383,0.8341966113454378,1.4444736952889043,1.0676539899554223,275.68072783996354,279.08080752273787,281.6760224435099,285.5138782986827,289.958294089061,297.0046526582194,296.80743038155396,294.7241636700765,292.26019281251325,287.6576102155791,279.0858449902712,276.34785905837947,26.269254093846982,42.79341961761611,35.12436436489983,36.28801536099248,33.62140628319657,22.846306750406228,53.00977374332454,45.175036888972514,44.47285212801739,27.38939163113947,27.85268171400465,49.702806005438575,4.078751784483147e-06,5.71032219914043e-06,8.446551513117307e-06,7.2943627001746055e-06,9.787433376798252e-06,9.42485552843361e-06,1.355699598446795e-05,2.0478002720354957e-05,1.8433519491342587e-05,1.3381382230940165e-05,6.938784540125883e-06,4.910582916533462e-06,10.114555966358125,9.218638802130995,9.164945622300587,7.14766575564309,7.571549863018385,6.3590277522702,7.889213503663632,10.63160242171741,13.53173737688377,9.586953614505415,9.526606041478242,11.468649408217857
NM,2015,1.675697919336644e-05,1.0438176298460503e-05,8.70286645283023e-06,7.650446510312698e-06,2.6311718476515627e-05,1.006116365090458e-05,2.531116062934574e-05,1.1706206805699899e-05,1.0293170630081009e-05,2.6077933920261355e-05,1.1672408587306058e-05,1.2115218861653832e-05,0.003196288412918958,0.00324354240637971,0.0036290068361314134,0.003205131065144301,0.005090481182656679,0.007800990267762638,0.010296499542734967,0.009277452901359208,0.008315850280408573,0.006844374681061322,0.0037026788890609018,0.0026265234440361416,2.1005289130686133e-07,1.6804015552072898e-07,2.8472870246213105e-07,2.0675267875314318e-07,1.0645033674917551e-06,3.375856485963953e-07,6.844194865851922e-07,5.089884120616472e-07,3.034276701864226e-07,5.232836213620989e-07,2.437800333155309e-07,1.9247880814519402e-07,0.2348970180443089,0.8027955490731701,0.5179237385557963,2.044131146811001,1.7701183707558783,1.1897247154443105,0.8720140800582641,0.6809174467884292,1.207716936997363,0.8963522126780338,1.671783829917016,1.9641949087219306,274.3942591853915,278.4985361435578,282.66453915207154,285.9232565755186,288.73081642470595,296.3004987352411,296.0940852761959,296.6778379380274,294.2661630926426,287.65216463090866,279.43834855365395,274.96409437929395,45.895670556151714,36.41181025358847,40.483988840803846,36.520106442436465,43.14470856172605,32.35789365874033,54.28083287349903,38.32391282493228,41.44437649839299,49.606557468891964,24.844909666823913,41.796389255845895,6.00485561927498e-06,1.1367421627265382e-05,1.485638650655163e-05,1.1161685819984521e-05,2.226580616863531e-05,1.7048273009635623e-05,2.1601631886586385e-05,1.627107650904608e-05,1.1660883460292371e-05,1.6025687725166827e-05,1.0514847823252128e-05,6.067182450937339e-06,16.16122542433115,15.311080423316032,13.570579452253378,7.915556383231334,11.700159561071462,8.042674884141897,10.04257164295017,8.646902338923224,8.205319356433462,13.477469433416964,13.701694401856743,13.568810026892725
NM,2016,6.768699190361365e-06,3.902332222409568e-06,1.5886040331445892e-06,1.2923657769630948e-05,1.1507851527808304e-05,6.418564127628749e-06,7.044338493641903e-06,2.947766970157365e-05,1.5412365865059488e-05,3.151075052180371e-06,1.4411041626007162e-05,1.1620242676669806e-05,0.0026575838465837456,0.002516566338232401,0.0025416663645633965,0.003642183357192396,0.0041234771068897145,0.006426344661023126,0.007548119528981653,0.009926208041475142,0.007914181611646438,0.005001132971695571,0.00409748405437909,0.0031009118600091234,2.2658192656711734e-07,2.2304550682429822e-07,1.7804653473861655e-07,2.596146581146375e-07,3.0917695363400737e-07,2.583687263843604e-07,2.0978550211059528e-07,6.121168774765085e-07,3.3780281033184225e-07,1.6337636188256776e-07,2.8125492908842626e-07,1.9904764092703467e-07,1.6276838599438432,1.3710345584277537,2.2580709502224203,1.7138746822746238,1.7916522975388274,0.9907544358887556,1.3269691109563895,0.8943712100821435,1.298867632207614,1.4933801425044813,0.856911898282909,1.5603786943586178,273.76183218133764,279.07476310068023,283.27366813065595,285.4565372128141,289.67121976927433,297.2285793654048,299.32632182783806,294.50744828891817,292.2516995492975,289.2710699351337,281.504444580216,276.2148876588208,39.09635333483943,24.633077726197957,31.763679921779747,39.296401362506096,30.11347153144537,34.43493293483985,29.594799964207997,47.43526596609315,36.7695368632255,26.129454703537114,36.37723993345934,49.32252633768943,7.096559607136293e-06,8.430783147785758e-06,6.781861255301205e-06,1.2841028609203597e-05,1.4543952878969322e-05,1.0809022970947836e-05,9.107507371164743e-06,1.98708839717861e-05,2.0093763698452085e-05,7.081070177954397e-06,9.038725158063248e-06,5.809450323047748e-06,17.486616743136526,12.15228266053427,7.72783630684904,9.191149578248703,8.849809697688391,6.84194480483692,6.551717526265114,10.769712629336034,11.02668146097876,7.094940479263678,11.554563897160401,12.775254166372882
NM,2017,1.9839357963625302e-05,8.654518202170917e-06,5.961482137058122e-06,1.550858189299613e-05,9.82567984596646e-06,9.611274155736778e-06,2.0618662189013514e-05,2.8635859591191757e-05,2.509705430560418e-05,9.168344242810494e-06,1.5789642838029478e-06,2.061459803141092e-06,0.003230365747821277,0.0032884603500714575,0.0030588607538612456,0.0033814985348000625,0.004133664002855398,0.005510362081846128,0.009600816307571744,0.010162869706293353,0.007116461670290556,0.004811529215795336,0.003602591754775196,0.0021577012397262386,2.841590474389828e-07,2.1374849645339052e-07,2.616569912086105e-07,3.6022642706750096e-07,4.737994113080566e-07,4.77164168740144e-07,7.354497716536925e-07,1.1113867634183265e-06,7.40026892580984e-07,6.449792233039297e-07,2.641552461441463e-07,2.179987549487643e-07,2.2137381861023457,2.2178227993101087,1.8488924346130744,1.9968688675022863,1.6147470282615324,1.0584547020201256,1.2517603132782933,0.6566325525784262,1.5300118627051493,1.3063793267770172,1.727016646940883,1.1447911802749908,275.9862771963555,280.24900580827784,284.8360334343567,286.4864819055926,290.0866253267517,297.3061661263417,297.35164193753394,294.83324580561305,293.0371660872044,287.42323544146996,283.8620350128875,277.15476572431703,44.480008663525346,43.89599809064913,30.040422689559804,36.2837349203178,27.573062652366854,30.102471643597216,43.19087383384508,42.23237631309431,31.816332769371698,21.153689418166348,37.75408845626387,35.67911717094612,8.930090619609296e-06,1.1985034422894781e-05,1.0211071817451377e-05,1.4957293558347096e-05,1.5830780850772e-05,1.3696713210331514e-05,1.6088482325820104e-05,2.761035167385109e-05,1.2187859290775638e-05,1.7385174092645235e-05,5.135044331375327e-06,3.0707551679322288e-06,18.485757799712893,14.908808996602973,9.41293134690981,10.149614086093147,9.07772924858538,7.30040972592126,8.628397557675806,12.69633206645292,9.459641470092278,12.363261965763257,7.270818643200947,7.534247968548699
NM,2018,2.697536775891082e-06,1.0321670289590628e-05,4.396432629406566e-06,2.422374220769754e-06,4.371998368409189e-06,8.423434554252671e-06,1.8809483013536776e-05,1.3419622452183077e-05,1.3353861720582703e-05,2.82799137768748e-05,2.8530585102653787e-06,1.0710987256166737e-05,0.00201489071621881,0.0026590857164202194,0.002470710425121666,0.002628949947915305,0.0033488067401961094,0.005259896962268132,0.00931211606696198,0.009129240023649529,0.007816788497622316,0.0064020850526307835,0.002855041679181078,0.002780507155397439,1.8519489658031673e-07,2.0769751464598186e-07,1.6283167420630268e-07,1.3391792352162375e-07,1.2689130774746695e-07,1.3628242870519947e-07,3.610902232600989e-07,2.1791633782122055e-07,1.9231837207215528e-07,4.290763341395184e-07,1.0072470452266886e-07,1.2443219996947388e-07,1.2515316162324361,2.238368304631774,2.1413159119901723,2.0585342128454265,2.403920314364421,1.7420308664054334,1.0561943760857004,1.01751769320108,0.9127549030213755,0.8667310702652291,1.3791245255389633,1.3142855215061602,276.27168005864854,279.03464173115435,282.62852968964944,287.68384752308685,293.8135769526881,298.4528143035486,297.7282515667971,296.59483782000126,293.3527709374636,285.76163540641227,278.66354797604106,275.0439984970081,34.156122225242385,39.17360772927741,42.812157575402594,36.71401940161429,29.04338466809177,31.36796024552228,47.592964958462844,48.12015541664041,28.61239432216223,53.63325987579637,28.12317334274521,44.89937557443141,3.0283723555938864e-06,6.862529749082994e-06,7.754735868346866e-06,5.711883579735635e-06,6.811746208557726e-06,1.0355388504967892e-05,1.6370399834600613e-05,1.540781790521845e-05,1.3469887643518637e-05,1.4307020547008992e-05,8.372759648148175e-06,5.637146435628066e-06,7.880805183453924,10.223309948978907,8.50052535871671,6.548201949655461,6.280694892616346,6.763388906072113,8.556083267970026,8.508316804711612,8.904857054635254,14.209621034101254,11.861545304662569,12.142637956215463
NM,2019,8.161274648529781e-06,1.0085737651662362e-05,1.5987306798391777e-05,1.1107188106506902e-05,1.2255642307129739e-05,9.3787387769856e-06,1.2246107661586807e-05,1.1646493986257803e-05,1.1720210123226176e-05,1.145940478977043e-05,2.054819428657113e-05,9.482883429047874e-06,0.002884812231029966,0.0026072538210350537,0.0034791424055893,0.003698887783765281,0.004185359411888331,0.005504403191570796,0.008270660578513802,0.00878806537175654,0.008115202960180938,0.003667855576760216,0.003318411029027787,0.0030502828889283416,1.5300715613342786e-07,1.5913515510436593e-07,5.019021540659798e-07,4.835752929507202e-07,6.617405456615268e-07,6.805060683234275e-07,4.548902000448459e-07,3.8442057786844226e-07,2.6618050250846476e-07,3.444200090118263e-07,3.3620872167165275e-07,1.9493608173165033e-07,1.280479847217824,2.802518544150156,1.7571003415883875,2.037599075210488,2.272961061728436,1.4911784377415316,0.8774260208013549,0.8661922474722767,1.9187489219897609,1.3825574369904228,1.1889735953482072,1.5111402764414845,274.6012115350744,276.68603199474495,281.36561311228866,286.4769348460589,288.8210850935018,295.4054674769483,298.20543057051896,297.90365296719796,294.54864622510627,285.3744337222299,279.55695542473296,275.8006825168479,44.786853325482056,45.513472030548996,48.23378527037883,40.11512318934851,38.50964708701042,31.289522407015674,45.018621559175884,46.09761414422911,32.736209668592494,16.798721579052135,42.10695256917707,44.45656414610168,6.3651997928850086e-06,6.938617709539905e-06,1.4329285588967347e-05,1.4376080987907186e-05,1.5922007994454783e-05,1.3997746512589778e-05,1.3894418795085594e-05,1.3062379035269688e-05,1.1559194652151177e-05,1.0596744717834168e-05,6.669972149796928e-06,7.062973875163155e-06,15.873161582188125,12.771896194206269,14.158166453588032,9.637660508443657,9.620619560910335,7.67816156796721,7.510862082938618,7.7479613103664695,8.225001348020609,9.062328902499583,10.997997234097006,17.498260707187576
NM,2020,7.555963501737747e-06,1.036983794745861e-05,1.565814219693615e-05,3.66444955059389e-06,2.5037799970632516e-06,4.7844036197607355e-06,1.8416524317335593e-05,5.069883300396822e-06,9.62014119929286e-06,7.230325733882367e-06,4.202987685152296e-06,4.170270502824558e-06,0.0027166705275890146,0.002881438700296404,0.003922653243682006,0.0031319243953212075,0.0037045941226698906,0.004994961441309193,0.00827373959865738,0.007397584661309606,0.005538578798214601,0.0031581297520112206,0.0033571059956021537,0.0020009713331145544,1.7093959915811336e-07,1.8344835088139e-07,3.025068984557299e-07,1.8667329964594967e-07,1.6092333157316046e-07,1.577119240198196e-07,5.721605065453579e-07,1.2419320042002534e-07,1.454320259702098e-07,1.0359723919345239e-07,9.426204564534873e-08,8.082684061951782e-08,1.3898065751295638,1.4159588122119848,2.3447346488223455,2.2782086571650964,1.6627268834026805,2.2406754291023683,0.8006360456492122,0.8105096373843926,0.2596117495773849,1.094755944887314,1.2754730348682912,1.3222127691417829,275.74549077199157,277.0175356929319,282.62016376325596,286.9426908560003,293.48890912311464,297.2335866555375,298.80143585860975,298.80061609499046,292.62716895434136,287.65482318343527,282.0968540401031,274.9179977820573,35.54433538114149,39.99948961375797,51.07672097641463,30.79027739451333,25.35599782768988,26.84568989981986,41.03375393414379,30.832090550034906,16.512143256773506,17.15960292264086,24.041841954911874,24.5383807329241,7.607418538024323e-06,1.0711252046858217e-05,1.6951486787735766e-05,1.0140865148542629e-05,6.726103150004665e-06,7.87199984518186e-06,1.4491024084906145e-05,9.750220736347965e-06,1.0367430948366345e-05,3.121297739936455e-06,6.963299052448896e-06,3.39568437406697e-06,16.20881414627133,15.005820863753714,13.910405564230823,7.708649809621093,6.030369647970287,6.227147331108005,8.440033139627602,6.659534308459029,8.247431371757077,6.523172414797021,9.899088139096266,9.855057845910222
NM,2021,7.2450293025125725e-06,6.749645504575375e-06,8.434946553455533e-06,5.27831347703741e-06,1.2504946592319563e-05,2.069438761586289e-05,2.5643765865441685e-05,2.3029892348438183e-05,1.2356016993454854e-05,6.178794264200255e-06,1.4832761128511241e-06,6.584558676647832e-06,0.0023076737230162863,0.002270540494861372,0.002579992975048478,0.002736263370924461,0.004224645284784908,0.006222521974970304,0.01144755408897568,0.01000832757898451,0.007484203060122404,0.004411510136644261,0.002999716796971927,0.0026818597008941504,8.872549381548511e-08,1.0243578228685063e-07,1.5142088927501636e-07,1.2446377505135577e-07,2.2358745809315207e-07,4.2165104179923497e-07,8.426018907316251e-07,9.385707253618888e-07,3.5954625711422286e-07,1.9598605767511468e-07,1.3293217328054526e-07,1.3203230053181636e-07,1.217331800950195,1.9052064922582603,2.0175843683386443,1.4388635604989688,1.8355856510170694,0.7004661226545159,1.1434045051648234,1.1162709120869492,1.0945339379446577,1.6573885514127866,1.0131581628262525,2.7660389786865336,275.07839913636076,276.48249222104334,280.9186871317132,286.0833894227282,291.536689922309,297.08881685060595,296.2778687355976,295.8091164779884,293.96192866601,287.0205669435154,282.39911245169475,278.8853520959658,37.25583280575882,31.56215623516107,30.14649269211638,35.07419831513674,32.74578366943201,38.9966774045501,47.145125929236585,41.314615437164086,30.955651902858982,21.773227989208145,29.110481861462254,36.04689527118862,4.249130116095784e-06,6.931881914778266e-06,8.732141450875154e-06,7.883932854893696e-06,1.1081751781590145e-05,1.276339098246483e-05,2.899970397934073e-05,2.3160925823972782e-05,1.2928347983411606e-05,9.523682401093234e-06,2.5621860263826426e-06,2.899829753126739e-06,10.52473676622039,11.519470507657509,10.068421864155487,7.499312057519914,7.913782968461307,8.184515426449114,12.662324016213441,10.93205875538386,8.266388600424316,8.82141074398783,6.287975158190531,7.926011129827371
NM,2022,4.71408449409053e-06,5.389063776741664e-06,7.159480070979465e-06,1.169490965957833e-06,2.048198925094029e-06,2.4680055227846623e-05,1.846649826506696e-05,2.9544501815490397e-05,8.99585325713651e-06,2.4196263551054424e-05,4.587988186165312e-06,7.044444912461598e-06,0.002332488110363896,0.001902063188035257,0.0022282460953960566,0.00219059741787857,0.002557533537223024,0.006895370182556001,0.009764816158792315,0.010759971222485159,0.008196006617763638,0.005998215787082023,0.002876645917662107,0.002817316308212214,1.1972340871980086e-07,1.0609511670359158e-07,1.3571787779323505e-07,1.2239114487561189e-07,9.317069729887488e-08,3.896860772119062e-07,6.403349918879942e-07,1.313751659807299e-06,1.417084556945576e-07,2.038572259279326e-07,1.1036916880677595e-07,1.1131438997539606e-07,0.9832762639872469,1.0353657329237211,1.7568271750817306,2.7527282976453242,2.8247795132024147,1.237963679690488,0.9307135398187111,0.802844577814366,1.272246789450226,0.6804944748361376,1.1929213495075954,2.0781250325446132,275.19171968426485,275.34338704065755,281.06006630657475,287.93980848731826,293.4013785196608,296.59675138401224,298.30647706890227,295.75025720315784,294.01560871470804,285.5703594779818,277.9781916505502,276.1942921888447,24.963110373794468,25.956429726965126,32.5962151846373,19.812389811555107,19.333787011223837,43.834407497222784,46.14416248368541,50.150762152328866,33.19340165590584,38.83540243589631,29.40174311287992,38.7064343762879,4.738429158010407e-06,5.185697894973593e-06,7.380792306592551e-06,5.212593466580244e-06,4.408849644626889e-06,1.618846910801438e-05,1.799514942703586e-05,2.3708934706693092e-05,4.352352042598414e-06,4.758570515790019e-06,1.8893182541740015e-06,1.3640220081376481e-06,11.195615396458761,10.104903119447007,8.88182247317112,6.788553467982317,5.73820944286609,9.563838693990247,9.227189139351898,12.407117598538958,8.744812440273545,15.145309584124632,9.845999144983788,11.94489446497238
NM,2023,9.41284141868421e-06,8.477558033392795e-06,1.0963024650576329e-05,1.9430840181157025e-06,1.4146592453653e-05,8.427046255382624e-06,5.1970600780235035e-06,1.366484540031827e-05,1.2058444401488569e-05,6.396096244792808e-06,6.2791867944069e-06,1.1247137099824216e-05,0.002650449854020382,0.0025419743201301665,0.0029832388679275636,0.0024921306058974407,0.0047920197484094314,0.004677638649551645,0.007516262842973664,0.009102135896214076,0.007084935263753948,0.004883788132112598,0.003542421607493055,0.002847558891276646,1.0076531387459749e-07,9.635924695939338e-08,1.1707199397597045e-07,1.4767203258801727e-07,2.776378223843349e-07,2.7254644758913e-07,1.4451895830219658e-07,1.364140589080935e-07,1.106352386985535e-07,8.994218478272489e-08,6.095989079034917e-08,7.576144577322755e-08,2.0679637142194127,2.1406529081671573,2.704453620353795,1.976563223805571,1.4356105924103462,2.1185656335916865,1.165771685201095,0.9353247770621046,1.2265580978306834,1.193492868877336,0.8577721939212591,1.1613034839847713,275.0696232054654,276.0477415386168,280.4666312131419,285.78432695648087,291.3695173747949,295.95224247543416,300.58022614498657,298.0242683074053,294.71625801105745,288.1422785560026,281.14619615306657,276.60951943873107,39.85734246814956,36.84000073130008,46.28530968269741,23.844420139894716,37.45721976207929,29.341305690177656,30.35228648693764,37.090617750813806,29.17932863161548,16.979872649371245,33.3899059139477,35.035848015963175,1.309010608631691e-06,2.0488216845365243e-06,2.863005385565022e-06,2.1915466263102525e-06,4.158944772565503e-06,3.9745666948400065e-06,2.838577663354708e-06,4.137055270809904e-06,3.7475494427324333e-06,2.0828760167131914e-06,1.30275662389757e-06,1.30714408719808e-06,12.746211664987106,13.27849132898572,12.055396901791198,7.747036619339567,8.677022722917172,7.7985837310985975,6.148236705785887,7.932806225165951,8.609443202340334,7.4264312182556145,8.215129048164005,13.438913782750925
NC,2000,4.467133690024509e-05,1.4792685184379637e-05,2.8969685830939254e-05,5.49056917866916e-05,2.543571900689834e-05,4.705341072827161e-05,5.603576326720102e-05,4.6024591587609e-05,5.968862057356758e-05,2.6093496969081566e-06,2.9720046284049245e-05,1.9985775408117156e-05,0.0033440342328064413,0.004400227317337453,0.005687961098328027,0.006999882519834209,0.01045485705622639,0.0137334244503503,0.014476312625952475,0.014552961768004991,0.012257943692670116,0.007366849760706246,0.0050056565083055225,0.002952775791513469,7.921392835591853e-06,7.940092813471383e-06,9.702089544976348e-06,1.3085332223990244e-05,7.350214922253845e-06,6.442953626785265e-06,6.568186823496374e-06,5.413428962581326e-06,1.1770353147526962e-05,3.536875566246295e-06,4.636443571042188e-06,3.4256676158937807e-06,1.3437618690917692,0.7950329503723058,0.6016877906113328,0.9231303377945788,1.299608041145866,1.4487950230275033,0.28639979513524105,0.36253398248016355,0.700857258758386,1.3928839662265324,1.0682002466135347,1.144696954912515,277.25977145927294,280.7829751876155,285.4717866466772,287.2232409543458,294.0195353782398,296.89632037027087,297.23420040319667,296.80612458471893,293.78155865723045,288.63467960768304,282.38964628662444,275.5431223803748,52.128509807751556,45.21564650133799,45.639062691890686,55.93289823250518,48.55786852348812,51.18964985200448,60.27845488367242,57.53109339096253,60.30172940526863,28.401933058349567,51.35032587408119,51.330005329491435,1.2395253066836063e-05,1.711869117166016e-05,2.7287946082927205e-05,3.5050421074319934e-05,4.6420750746235394e-05,4.8083494485643614e-05,4.427375936156118e-05,4.428875999478368e-05,3.43807302309564e-05,2.4181101286700633e-05,1.3951361811720498e-05,1.0130609169015827e-05,30.66029234799976,31.20484153361257,28.900203250382027,30.186742411607607,25.197787382950366,27.05507405143954,28.20652525520453,28.59028522766082,29.992048508548564,23.77861741119916,26.75805286441049,30.397447786114263
NC,2001,2.0233910351587767e-05,2.6028483534694508e-05,5.841452906812424e-05,1.7133976465626832e-05,2.8671467068054823e-05,4.421115598755804e-05,4.52811030350707e-05,3.789310013017166e-05,2.743396327469233e-05,1.000901664211241e-05,1.3172948442712783e-05,2.1481705744160367e-05,0.003353133269377274,0.004659231339319806,0.004399176715418479,0.007021562121160096,0.009648829515307527,0.013771559051933144,0.014118011225155073,0.01527270629847211,0.011078380854421118,0.006799915881365471,0.006355933647684298,0.005049657243994633,4.816105737242908e-06,6.2984630907680874e-06,1.354260604199839e-05,7.957557826810151e-06,5.194728575074054e-06,4.6331744052849726e-06,3.990176630827677e-06,3.6403988298168267e-06,2.083580661963755e-06,1.5049380080081612e-06,1.190030050433592e-06,2.564652069906652e-06,1.3301230335161296,0.5841698403788528,1.0827056512166737,1.2413044098037904,0.5842281172520324,0.5457900677157691,0.33901489138970603,0.8132879621655666,0.8028254451276109,0.4641475306527368,0.19930530382947384,0.7841510930082344,277.76133236198973,281.63899171790575,282.0641100398755,288.99093784856,292.5464239339637,296.72087689015973,297.07147215566187,297.9048231687791,293.24498034986146,288.00760173873886,286.513199036975,282.6617957100368,53.515888544377134,62.737390666798845,56.718723453912666,52.351864228278835,49.313311600472595,63.82898108147275,62.33803506276673,49.45693003951451,53.039047401521,27.72399868222923,38.41877572537773,48.338648331532085,1.0768561258167672e-05,1.6375130683748926e-05,2.4064752661325743e-05,3.7511819821777536e-05,3.925860751319842e-05,4.7913959917457316e-05,4.24157677743683e-05,4.336493115193401e-05,3.3194319647998684e-05,2.1470614626809337e-05,1.0471499971811732e-05,1.151581289896547e-05,30.02448031835642,30.258225099621686,31.147036631981724,27.57708221614668,24.483474146318514,28.315683709930923,26.85720418099374,27.526911538033428,27.288764729936005,23.897421769543456,21.225975518328024,28.06454828646761
NC,2002,4.1249175799960714e-05,1.8428348802665682e-05,5.2230412131077244e-05,1.845823574674705e-05,3.1564473875942926e-05,2.7331549975619845e-05,4.276137335097075e-05,5.0375494934814586e-05,4.7196405618842686e-05,5.2590084844764985e-05,5.092390094483216e-05,4.207216339722574e-05,0.004286876515082977,0.0037479590605855448,0.005506388125334458,0.007991748916473694,0.009404164116189322,0.01283093596084669,0.015244471957453187,0.014045816943662033,0.013463846827643742,0.010039906865634557,0.005432545258342859,0.003773360302606595,6.164488864195053e-06,3.725091764822802e-06,8.574328938650603e-06,5.029400418147211e-06,4.779728007457589e-06,2.4675323269006957e-06,2.8503944333033906e-06,3.6302021390787845e-06,4.762924541186215e-06,8.31903034418252e-06,1.4660709040566466e-05,1.5306197222954695e-05,1.3611968369004883,1.2566884473118796,0.6505929843757455,0.6425386746533919,0.5056804929632096,0.5451427048691386,0.5885098750194447,0.3150262551894359,1.007972571659158,0.949530110849018,1.2949350310567536,1.1801758885679323,279.8522653284693,280.3954021359118,284.2472149115811,290.2950977140667,292.0038743122414,297.04764432116724,298.91540660433157,297.9593310376376,295.6391286600734,290.0456207846984,282.6373039606494,278.2219118168801,54.73174941357125,46.71379705226093,61.45511631508468,49.46012242225598,57.59868361146657,53.149340330138216,57.77740455364637,56.305575005812535,60.4288162158165,70.81492441899991,51.920595588200214,55.159378851929745,1.1429165069669995e-05,1.7884138921291395e-05,2.251886220289841e-05,3.7364198195552245e-05,4.312869603563159e-05,3.970390638803949e-05,4.2660808300047244e-05,3.498044280882886e-05,3.471096155963896e-05,2.235299405067189e-05,1.6204543276688335e-05,1.1445474077402973e-05,30.576553883571506,29.589000963198288,30.669692122544163,28.198784253846906,26.34796190104366,23.361764454705067,26.35591502181527,24.664079547461466,29.24341154906867,30.216623019125777,31.198570415409737,31.173613200027376
NC,2003,2.840274629015236e-05,5.348293244175924e-05,5.590044071042017e-05,5.887995287238931e-05,6.140842125583126e-05,5.710792580043304e-05,7.551992317544289e-05,5.7536347976472594e-05,5.171003029371761e-05,4.162531625980071e-05,2.583309542845712e-05,3.7114844626275486e-05,0.002775410197748393,0.003962758757730971,0.0063719078251822684,0.007376420644320544,0.01054096690279796,0.013169691493834956,0.015801084026658925,0.016335899611692725,0.012010542488426807,0.008036347270447284,0.0066337134838851215,0.0035680551422210926,1.550400677658017e-05,2.084891220465723e-05,3.269594511907158e-05,3.2526330823740764e-05,2.229291411148874e-05,1.8006161382682415e-05,1.9766682298956442e-05,1.7520973932650004e-05,1.7911166537406802e-05,1.2905001104921374e-05,1.0121865284409265e-05,1.3528665625505053e-05,1.7888611406846957,1.0313883984279384,0.35495103090323094,0.34317046578800975,0.6044728821966383,1.0668207852474727,1.8010563845624041,1.2464640468605037,0.8337378310011737,0.4184091749567749,0.6825299047932835,1.240153804297206,275.8753674391423,278.61032985367143,284.93575176169406,287.81891390751883,291.9423754910387,295.8187747958136,297.62256067218095,297.8070332214054,293.96522967239633,288.40435371307484,286.22763839281396,278.12188651347736,45.950189833084984,70.05847613862686,65.85310342701418,50.18572515697763,72.70650433615859,59.63060837916133,60.427484336770895,57.80743389033803,49.731177829592276,49.98045995873161,48.7538472287512,45.01262877303647,1.0948428944296927e-05,1.4858876401896117e-05,2.22330025403199e-05,3.3950833022517657e-05,4.0270226922742504e-05,5.11295542677433e-05,5.158477073829426e-05,4.603584590643269e-05,4.023829307237037e-05,2.4981597666813467e-05,1.7528972576180157e-05,1.2587544592767956e-05,30.540094479413284,31.930688936286984,31.349893925829925,30.43010259600327,30.187767408822562,30.288710223382868,30.733344427830374,30.930359711910263,29.105391614796257,28.9507297556457,30.027462328787834,31.428760358697627
NC,2004,2.135325999399843e-05,4.2089186322285945e-05,2.0838275196608773e-05,3.373125669362647e-05,3.474466775444601e-05,5.33088356361255e-05,5.2023180350640915e-05,6.302517005571432e-05,6.039301535497075e-05,1.854216602952145e-05,4.140350175283839e-05,2.7791584064705954e-05,0.0030069612223615357,0.0035853941969280372,0.005316787622164624,0.006595145500103628,0.011922063800540545,0.013974170596806154,0.015367466404125028,0.014169164404166493,0.012638858272787221,0.009330641585013968,0.006125519171355072,0.003702998586160512,1.0717042534906084e-05,1.5492150390086777e-05,1.2000695257963335e-05,1.1360529187900305e-05,9.121022572488398e-06,7.0667672392939925e-06,6.444860330438346e-06,1.1748379204675315e-05,1.5966127590914087e-05,6.648792815969709e-06,1.0174872653138613e-05,1.2769895959302513e-05,1.6859815497067314,1.1624404048990256,0.8950273413940824,1.417103573614403,1.9102962383130906,0.807325949819474,0.75229638980152,0.3170019105090796,1.5887053871395154,0.23812195936224817,0.35985778781475225,1.2954950775667837,276.64014940015863,278.09982420019577,284.41189682929377,288.34840591081183,294.9354444050986,296.60913085400796,298.11961080186364,296.4669152031814,294.6045095245027,289.84537206856317,285.1364284468823,279.3216140572853,44.19247416747003,66.488529162653,54.07318124250515,49.591263676848165,51.23453901849979,71.60235022081567,55.54227372946521,57.54006803686962,62.4321921368865,61.80256851449539,49.86523245081897,47.15709621673443,1.2322982633613712e-05,1.496506185703858e-05,2.47149121405052e-05,3.727355988091722e-05,4.485203262121156e-05,4.4842055958292025e-05,4.997275133172879e-05,4.482888448695177e-05,3.623883513898803e-05,2.3186325772336693e-05,1.6970708720206123e-05,1.277703202794167e-05,30.800471125852695,31.951251049884604,29.891939085237293,28.09469511397503,26.226271637243425,28.21561918117088,29.215897596007025,29.761443393733398,30.11776416825456,29.299183805666146,30.16272692725856,30.879369517267037
NC,2005,2.4734111296040882e-05,2.8615397886740025e-05,4.3538648264263093e-05,4.1696145065826866e-05,3.9294863553852084e-05,5.439446080192841e-05,6.28289900957962e-05,3.43607850698793e-05,1.875564118751087e-05,4.8851526610073145e-05,3.534328769644404e-05,3.961310627905042e-05,0.003969640034837245,0.004022679194189001,0.004390354965275015,0.006077977085364198,0.008308329828054932,0.013444953600275155,0.01646059320436702,0.015917466645830294,0.012338065338088955,0.008679005153622537,0.005645582556110761,0.0035735963124434644,1.0591080793997947e-05,7.590922413553398e-06,1.2961476686471637e-05,1.7538509300538517e-05,1.1151382139730828e-05,9.480947415199741e-06,9.734320728074499e-06,5.278276363933154e-06,4.826178602125774e-06,8.213426039478655e-06,6.105506921449854e-06,8.236882074019788e-06,0.7536608049355301,1.073548597336909,0.9129540090027224,0.8823087629553186,0.5425223085056358,0.5603977932800895,0.9021324087050114,0.4947182107361408,1.5250486764092852,1.0494410652709358,0.8369852743511977,0.9926052262988317,279.49095118986514,280.0262561279949,281.9646983554587,287.8021491073069,290.7962023727086,296.31903091403194,299.1726116356326,298.7307873114737,296.4739476459302,289.9877223162576,285.049507101369,277.9810449451308,64.84925027403217,59.22409921244518,54.26788476179103,49.77744813293355,54.74781711809068,59.265086653906906,66.10910646130455,54.54987526507643,40.12019059071408,47.25939133098872,43.78963023412915,48.800059703300455,1.1777336495905046e-05,1.6089523857836634e-05,2.4144861578427327e-05,3.861629323238737e-05,4.524441155847367e-05,4.5717244453321195e-05,4.9905888278633155e-05,4.715102382582059e-05,3.230788699539358e-05,2.3999816970134763e-05,1.6715377482139993e-05,1.2446024113910757e-05,30.610966406010224,30.9625568490773,31.514427277099973,29.51106646288412,28.076321164856402,28.204339446141656,29.413751217207885,28.968321453786043,22.459802188578927,28.078043821982245,27.37769296955549,31.64939609806449
NC,2006,3.546348439948103e-05,2.70980003002028e-05,1.6217421483031562e-05,2.988252328057292e-05,2.97042672117849e-05,6.0968537814523205e-05,3.798650197577731e-05,5.426088601367707e-05,5.0189685201747667e-05,3.88851702842273e-05,6.511962077745804e-05,3.1892574955005866e-05,0.004681664041242562,0.0033734876395801225,0.004268861437144841,0.0068679932491228475,0.0086064691952567,0.012418892374637176,0.01498599420343496,0.015453870825820937,0.011411391303985684,0.007355981642202112,0.005825459826378152,0.00454444970119188,1.2478951745271518e-05,1.0681087196166088e-05,7.903965956348046e-06,6.718449782568987e-06,5.382248437400501e-06,8.080633319781442e-06,3.367453555044184e-06,5.0779610578802045e-06,8.775536339806274e-06,5.005124285935185e-06,1.84799018592545e-05,1.1271365110732993e-05,1.6037438533198198,1.5321468851568498,1.391344868275226,0.9352482729517346,1.0212621276791256,0.6993588928040796,1.0660521788304764,0.4102573645028791,0.15622991013437215,0.7265054449398948,0.8136696032158744,0.567597517349572,281.77300951192456,279.3054502460435,283.4913591937034,289.97921693643974,291.54323435326194,296.0759020908694,298.6590806400484,298.58954426564026,293.5352958332663,288.10908457328514,284.4772213874694,281.9703454337018,58.24675986654767,55.52721188040473,46.460044968917934,49.00943986382169,43.645225734097096,52.10793609112472,49.901661188748534,55.313354989685045,50.72522690486749,47.355280468915176,53.85991393569991,44.71072964076442,1.4083112213234495e-05,1.695624875390923e-05,2.5530572103526484e-05,3.862995813758416e-05,4.452226505970151e-05,4.6960636638839504e-05,5.085311096117221e-05,4.332277451335108e-05,3.771430545225407e-05,2.532250558115662e-05,1.8001391979009173e-05,1.2697970844235998e-05,31.468102234401275,31.457191793637083,28.905138191127897,26.73826987506233,26.935068323918696,27.019849399280737,26.898780720825453,27.53950598771523,29.863801166617428,28.7511816322619,30.756986886273037,30.195344121806592
NC,2007,3.2181064488616476e-05,2.2003034756229625e-05,2.6569500749011825e-05,2.9618779344774652e-05,1.963546616861316e-05,4.2186729487549704e-05,3.13260128546615e-05,1.544840145455653e-05,1.918132290182527e-05,3.868979463776487e-05,1.1991750671216242e-05,4.305675826987336e-05,0.003997249413902696,0.002621889892133145,0.005102455107031778,0.005427867121332755,0.008476241075202682,0.01238723222649375,0.013191116533851069,0.014623634365156698,0.011186005858749029,0.009455286821348606,0.004752332287216276,0.00490637578123102,1.533176590026066e-05,1.1282190846038247e-05,1.1539157676517158e-05,8.969280782168032e-06,4.5914598147003295e-06,3.875176207697141e-06,2.6678818606639156e-06,1.2033586050004543e-06,1.0035906384155632e-06,3.425558074971937e-06,8.292902055786728e-07,5.075057948026845e-06,1.5089166497405482,1.5530788781119587,0.8148598132687261,1.5126677067456193,0.5378865323281996,0.6779887523595883,0.5885888636339593,0.4960027647085319,1.0291098099389546,0.4360830449367011,1.1153337795062166,0.5979396784819577,280.54752090838,277.5855109743703,285.711560211912,287.7745537923341,292.6026836407905,296.69131423405065,297.5508447322942,300.17464686625675,296.0946495402176,292.2871596145418,283.70999700596445,282.26813085250336,58.6066796813093,47.3864387120803,47.18191065870764,46.01265831735839,45.25666249325174,52.67167137983875,61.57213546741458,41.42149358019349,36.75986031662081,46.492980943541575,40.75690623764155,61.034129278814184,1.4066663124518155e-05,1.589662717732184e-05,2.746549673339861e-05,3.763450985759128e-05,4.086151278644169e-05,4.5559611503552874e-05,4.097643927530212e-05,3.226869988362364e-05,2.516160773103697e-05,1.7948620817677714e-05,1.5718597468310504e-05,1.1846913411960365e-05,31.16069448832711,30.580790492497968,28.593756689193153,26.4353889394453,24.170017968043627,25.120309466813325,24.82907306488805,21.63932833717844,22.25778208880335,23.533523394908055,26.386499591208697,28.758890335280977
NC,2008,2.2442575795832427e-05,3.678293840711307e-05,3.505584844414133e-05,4.494149621040284e-05,2.6569460766262326e-05,1.931715069683409e-05,4.474827068045531e-05,4.274393803866908e-05,4.479128234410254e-05,2.5952308301670917e-05,4.39706702423973e-05,3.581301823732405e-05,0.0032960949255203763,0.004263440809453194,0.004704329740713915,0.00720103330152558,0.008608632615653802,0.01256461632561768,0.013889496910264814,0.013465698715736576,0.012357922408561815,0.0070951780279069725,0.004637395165941741,0.004810940878903115,2.077420937018349e-06,5.5810574831774854e-06,8.584297145105296e-06,8.26993428232153e-06,3.809575378244343e-06,2.156990149332842e-06,2.92141143802118e-06,3.2595993067170506e-06,4.703455761786035e-06,1.5576697713807748e-06,4.941671249855211e-06,5.941564367637002e-06,1.1679965380952648,1.4698047474384237,1.0938761138135589,0.1616201085475103,1.3734342268645654,1.4489628885143258,0.813412085098107,0.35359750100044884,1.100852672922319,0.8986347563781002,1.1168566589640199,1.165167836125098,278.36186792807064,281.76032694128406,284.525232667203,288.3435872372032,292.064105426712,298.4906710534321,298.0591374494297,297.5486413787867,295.05597591819685,287.9212522254035,282.1945407512265,281.8753286027538,53.594666994638416,58.33536383389492,47.653525034830274,61.76409229891701,50.84308825070764,40.147854115071624,49.981580301659776,54.64698231141969,55.757909308872954,38.07625082505772,42.00351861220133,59.41155181163526,1.2419236967992759e-05,1.8667485304786784e-05,2.7428388590587865e-05,3.4397063059026286e-05,4.771463869147335e-05,4.335398678654293e-05,4.494703499317255e-05,3.85097886543457e-05,3.601647905161035e-05,2.6209748420770144e-05,1.5904955313101407e-05,1.1444850702166921e-05,30.969300064324234,31.072622571510514,29.68320033192541,29.393714076627802,27.000415495529026,21.861484148193764,26.335901349702578,25.723984888351023,28.39980247629023,28.548154324874595,29.562835940069768,31.344636025097643
NC,2009,2.7542757590443844e-05,2.033717500408172e-05,4.895312148806475e-05,3.103727527799565e-05,5.0151173410615824e-05,3.635870359275812e-05,3.740094726904889e-05,5.17546685398395e-05,4.6114088019199215e-05,3.1765502048508816e-05,7.246913392774155e-05,6.127252959535758e-05,0.0032591964904416827,0.003312118390093768,0.00490004020146715,0.006540218457118085,0.010770234495158135,0.013502447892586792,0.013361359500197248,0.015210375024079134,0.011842223417920744,0.008269816029127075,0.006446251817343604,0.0038250526989210974,7.121740153593493e-06,4.848310811127005e-06,1.1226024421471316e-05,1.1697957276371426e-05,1.116432564573726e-05,6.627502268992233e-06,3.465848580813655e-06,4.366702740959686e-06,7.138653650082086e-06,5.443208129619115e-06,2.1470555519988313e-05,2.4958483539156995e-05,1.264130379096379,1.6012868198782781,0.14851104660246114,1.5536826204667216,1.0152333663905873,0.4933942626708539,0.9034905883527593,0.9108879667286796,1.179712520976151,0.39652197493202984,1.375376467630456,0.8478720090172951,277.4860955300245,279.83218914442875,283.1379150369409,288.784671153669,293.27461962323514,297.4428094533917,297.5581101805684,298.1756146737419,294.28590890478023,288.76561262578,285.2253271131418,278.7894700540108,50.79818154150736,45.865576719970775,57.78653219019723,49.717499273948455,70.76346091524186,58.851255428337154,59.97609897856632,57.678666675298075,66.42309951398155,64.02583360451933,57.628463804881555,65.99467370218235,1.1382909577897471e-05,1.7305967346265364e-05,2.2961049837483677e-05,3.962763144743241e-05,4.424552520378662e-05,5.199478562760079e-05,4.452304056158669e-05,4.323172203256523e-05,3.339912550526927e-05,2.2730490897509156e-05,1.7571612980765252e-05,1.2086111401518026e-05,31.105800051538566,29.424038205970405,30.984349076504724,29.35965824767005,28.46714786354767,27.75334561588896,25.40366378165844,28.769166467697936,28.59039289613319,28.83450304407308,30.997160003241547,31.92081435063812
NC,2010,4.369816519053751e-05,4.195310101564641e-05,4.155200049770177e-05,1.5467574679671647e-05,4.4483460892576925e-05,3.0376330985932267e-05,3.773415928050835e-05,3.7273512540214115e-05,7.048450429503977e-05,2.0600224534802e-05,1.8038680547003394e-05,2.829041877081159e-05,0.002917502861572523,0.002957066251128808,0.004769799093378077,0.006777402513088348,0.011078884276850158,0.015113373966000428,0.014975288702950286,0.01562617786313837,0.011506311785310828,0.007581546282684268,0.005160553670232544,0.0025757295056337906,2.336406507272294e-05,3.251479386323755e-05,2.143843066818467e-05,1.1691811194698567e-05,9.122686469016336e-06,5.039114546936033e-06,3.6801405808373026e-06,3.5287414707455805e-06,1.2293586984910541e-05,3.0891008194634917e-06,2.402238559146067e-06,3.6904643712955985e-06,1.6563772927690013,1.992723952004626,0.9879821791667187,1.3955195863535708,0.6598403766933193,1.3061553434749351,0.9788497888922433,0.4334947485785521,0.26491871521478877,1.3470466374901353,0.6887685679961302,2.1426670392571867,276.24998647838135,276.28180199306547,283.6291359587209,290.158065505166,294.31902309865177,299.1458689714197,299.61799694351356,299.13623340417877,296.5023338170368,289.8109293716906,283.67178322231484,274.50863972103474,48.90551352898645,52.16529400126939,54.63775599808904,38.39404204525498,58.84704287435811,48.99686459022546,51.46752091685536,52.84181163809739,39.364230579798374,33.089402246635295,35.51963768967574,51.580644229035386,1.13161284446696e-05,1.463668981961259e-05,2.5363938499541425e-05,3.915319041891832e-05,4.018145510849081e-05,4.9944206502621584e-05,4.63443534395783e-05,4.276766481045493e-05,2.9905780893181802e-05,2.9416928011120604e-05,1.6685421635562555e-05,1.0652499671104108e-05,31.24411880828123,32.02948420391762,31.069233988713176,26.13144750317925,26.461526896113327,25.411333647382303,25.405117601000875,26.73752679025741,22.58898241277635,27.477967536045824,27.81275240950314,30.185360699900652
NC,2011,2.4138358578140923e-05,2.5105878278562847e-05,5.031735826102305e-05,3.286298965714591e-05,2.2583660215525053e-05,2.21395806182786e-05,3.698042382709624e-05,5.490994429173187e-05,4.9825969112946296e-05,2.796963410662325e-05,3.8507532905254825e-05,2.2307893030225166e-05,0.003069416412568125,0.003920657277322174,0.005054237242953832,0.007497356509385621,0.01012526651684421,0.012867612840233628,0.015277536129693375,0.014288930822055236,0.012565542036501332,0.007108808347870462,0.006003605317015053,0.0049166901139751544,4.4172545898565624e-06,6.2833667964238545e-06,1.330859080630415e-05,8.99086561536842e-06,4.412586636453955e-06,2.6337804093865965e-06,2.6049692420362425e-06,8.40155588195797e-06,3.606584603516054e-06,2.7837438657624134e-06,5.478874399270093e-06,4.732410882385993e-06,1.1564773696122361,1.224600014441214,0.2564426356478932,2.097260103455693,1.0884530251796691,0.9477028243820449,0.9979350405812086,0.16861671870921074,0.5149484173755874,0.6177039554845698,0.6104651674431844,0.6966934211737127,276.08625356071417,281.45950897659804,283.9515519063729,290.25758661964,293.35726926994255,298.49654773632477,299.83727516213963,298.7180421930676,295.02849698310945,288.12856784576275,285.03322168529206,282.2557162354185,53.597604922748076,51.60766024032545,57.57973043567428,52.395511484908084,54.59252826824771,52.81748419553824,57.084439764844376,49.45393930512292,61.60727007672078,37.94534449419963,47.51020647344447,54.63580376589778,1.0138825108928719e-05,1.838929845583812e-05,2.5213576430123422e-05,4.152557228943977e-05,4.3289819717519806e-05,4.152641134995156e-05,4.3457734890953925e-05,4.3050455679759425e-05,3.063441662751368e-05,2.6144608472394587e-05,1.7289806445770843e-05,1.2512766886511972e-05,31.26485607719825,29.986260979193652,29.932602929195504,29.161605144963914,26.066569304695523,21.76077327856911,24.697467404110583,25.674424551355226,27.78546629254424,28.130172365315733,29.84253462618202,29.807841858188915
NC,2012,2.698950998386777e-05,2.8835630457121897e-05,4.3868150603176944e-05,2.7602220748488e-05,4.6765830261003446e-05,2.6607547799863804e-05,5.267690678519871e-05,5.258631429395156e-05,3.677290568924605e-05,3.601600628696651e-05,1.3973557056391508e-05,4.261188698490202e-05,0.00401954412687018,0.004377195397549337,0.0071220156380544155,0.006718786033311617,0.011361853426088099,0.011488114901924463,0.01592311264685532,0.014951023429044665,0.01173679837928565,0.00819693279228688,0.004403142582227471,0.005185840665437659,5.964895646983503e-06,6.1362485837156365e-06,1.0319836771215053e-05,6.5479206786447575e-06,7.292860843867059e-06,3.6353050579740622e-06,4.624943884609267e-06,4.280464102305155e-06,3.83006842063618e-06,3.637059744810817e-06,2.489135216046797e-06,6.896825413213852e-06,1.521463116541701,1.0345423522679056,1.0016878062833707,0.9904200726228607,0.37783420008280866,0.24423735617888828,1.3562820261443784,0.8705353880963747,0.33384008390892417,0.755052183906023,1.4745861082409792,1.0860313762210545,280.57619907712495,281.4807954177036,288.4378255960767,288.8387027636676,294.2989656826719,296.00884053363524,299.8671503725569,297.37739189162517,294.36032563848033,288.85541123512274,281.7221545386172,282.35236979481067,50.1956834908257,56.26935944701851,52.53172343338822,51.15794015126953,62.53884947424879,48.59130375499551,61.975708241725215,63.26504454966617,54.436352161496636,52.2609170913698,43.533122060324445,63.701163605037294,1.4004242968552394e-05,1.695174190696791e-05,2.8849953510618455e-05,3.6862874359926306e-05,4.5225193086117036e-05,4.906142338874491e-05,4.758092685238946e-05,4.2288443373113335e-05,3.634218828645456e-05,2.5516338395684962e-05,1.4462806480889555e-05,1.2454566119737253e-05,30.294316203780028,30.711354994223985,30.48362871208878,27.635010537027647,28.5291009254563,26.277749954799393,26.622954176844075,29.356867613054668,28.118920030693914,28.943038156447304,27.610313195832923,29.670251524131327
NC,2013,4.1445196153499856e-05,4.712977102088253e-05,2.6968258911451066e-05,4.268850028283555e-05,3.365938507303559e-05,7.133796462973072e-05,6.368322900405692e-05,4.705067905376889e-05,2.4025518523915866e-05,2.907357393517949e-05,3.541200333665655e-05,5.134543348841704e-05,0.004467024310773708,0.003563972600194503,0.0034525247020476364,0.00683431076035295,0.009269682190657696,0.0140932801090127,0.01591604643113967,0.01434519419610164,0.01143422378521107,0.00871009583190624,0.004588726950571251,0.004802732814914058,1.592297777810625e-05,1.4365024293029193e-05,1.1175368821838608e-05,1.067512753620745e-05,9.712264109379706e-06,1.0548548893949123e-05,1.2097288897559893e-05,8.45811656725902e-06,5.459077612399135e-06,5.6265757835806135e-06,6.048066359740543e-06,1.3288702973718331e-05,0.787821340606374,1.2218273712084204,1.8552317875353785,0.5072786946711992,0.5576941471934965,1.5020468144652843,1.2360644706259274,0.21366054626257477,0.6990094572848743,0.6978390393570936,1.0301530079980799,0.9224981183863505,280.50043689040376,279.1321910171467,280.60841119217656,288.6871925065759,292.22026370614356,297.04606528562294,298.3394906983235,296.991694218557,294.1476819126022,289.5791043325935,282.4966192790029,281.21853337772427,58.858298115740126,55.08335716951173,47.91630902524977,58.10318998376548,59.056018298866896,65.98312803356771,67.30468053388388,68.50169994800392,49.882083192484785,58.226052723909746,49.3695884875938,62.6701261751371,1.197978166999411e-05,1.6580059307776376e-05,2.3955232433747024e-05,3.652881852717811e-05,4.580519561225597e-05,5.087161212327183e-05,5.124280339619939e-05,4.5843668602920046e-05,3.558244696258088e-05,2.1668587666259276e-05,1.517510623785987e-05,1.1713595099690246e-05,31.21684099356194,31.551885639613328,30.0125141716546,29.80771821382418,28.544359076223536,29.481226975361874,30.567581589822886,29.536315034574745,25.63883548505408,27.320053650522816,28.076340745259724,31.343361883459202
NC,2014,3.251046570489698e-05,3.600632382121329e-05,4.7994480428915056e-05,5.0403577756638516e-05,2.6558894743526108e-05,3.124895464468373e-05,3.989786574074371e-05,4.752720646524931e-05,5.164904384799131e-05,2.2427283117698075e-05,3.629854462941272e-05,3.4753429973395624e-05,0.0026579410516166706,0.003794481181393167,0.004015477577507248,0.006532493943354252,0.009816159162901095,0.013488962359344481,0.013835953255639992,0.014201226824620314,0.013108297634764043,0.008348741860010563,0.004373751207322514,0.0047279100593557895,1.5024182635602793e-05,1.4791669379568613e-05,1.652032977740214e-05,1.6486575384237524e-05,1.0928025936756289e-05,5.723348382098477e-06,5.010545248746406e-06,5.3831333449044465e-06,5.331489486907924e-06,4.555964715395274e-06,5.040727056248393e-06,6.10232515914152e-06,1.3908088529775284,0.6058839546756749,1.0892948928528594,0.39887078517478897,1.2389354436949969,0.6042733845380497,0.703475573360172,0.393421286540287,0.716701932287269,0.9970141737770186,1.114455375388251,1.0373232946792204,275.7451284101206,279.4171622962402,281.40182787297465,288.9811337521059,293.9743546739193,297.2065144962159,297.65999403565974,296.90066872608446,294.9761161564671,290.01316005205314,281.7491031233585,280.97366539621873,51.26391370324234,64.84814993234035,57.86596469356218,57.56622918183254,52.018748106090925,62.449749005625236,61.99819331083762,64.79507613457606,73.35097153313352,40.75478475962266,50.37213866543253,61.63805170776929,1.0658661031433045e-05,1.4303858762779502e-05,2.2850863242102447e-05,3.816253966878373e-05,4.904223283399033e-05,4.618880643964265e-05,4.3998409803673256e-05,4.236084936293046e-05,3.250641522562643e-05,2.7058849084612882e-05,1.5365577521957668e-05,1.1330632083009158e-05,31.44006045491424,31.78113005361382,31.465104898602707,30.189112125127316,26.25573343735232,25.35905736389355,26.236961596693018,28.430115561470018,29.24923123959039,27.70002593696945,28.33355084688542,30.930309466348167
NC,2015,3.576581244278653e-05,4.04008336004963e-05,3.0940236503431516e-05,3.8947712549867876e-05,1.9592336676968712e-05,4.217218994053886e-05,3.6182751471791105e-05,4.193837030979159e-05,5.825147760139198e-05,5.998365115750171e-05,7.515083287477999e-05,6.107601019146044e-05,0.003297786882488601,0.002444100830478619,0.004915536526846712,0.0072992882735905575,0.010232768716440443,0.01441369174511827,0.015103569312663635,0.013779056931634658,0.012992704363095714,0.008398120278539967,0.0066709660367848585,0.0075849323866602,1.0045982405709599e-05,9.960906156304309e-06,1.4807478300213234e-05,1.368274238495287e-05,7.948805330611499e-06,5.895809594066594e-06,5.098220660861254e-06,3.7479267936348358e-06,5.910420104341455e-06,1.3942818522215274e-05,2.7100926968352966e-05,2.976056060244892e-05,1.2757622954924364,1.350005937895002,0.5790762478374768,0.5615361323116188,0.4995570817158956,1.0509815452585456,0.8717898556205307,0.13648589966636254,1.3421216406622596,1.2354528388941055,0.6459528467087966,1.0706599711751814,278.04400992932915,275.2696241135516,284.0121975807379,289.51971983535293,294.0831855712344,298.5222013255844,299.21411391952734,297.77153472789905,295.4931347189062,289.19003023410124,286.2783203378899,286.39282069628433,51.95544590972606,55.78114287848946,67.04773629940212,67.55166517746714,57.88829287564303,55.76247375372011,63.275173210420974,60.481432855359984,68.57938134728768,48.577915933638785,63.160898262242526,67.58813170007937,1.213063679255531e-05,1.3261962999034757e-05,2.2770021171511705e-05,3.5699467538723596e-05,4.364401341246181e-05,4.8658622542248804e-05,4.569139785403191e-05,3.8470274549949774e-05,3.1245655585473444e-05,2.7307103598561107e-05,1.6147189409269535e-05,1.147825195735824e-05,31.695368455654002,31.73384894870125,31.4168433868824,29.731915900380496,25.38185031654274,26.142672081064728,25.469866421957164,25.95492838878538,27.246249833195577,29.91519572444182,31.320522260681965,31.57288365581066
NC,2016,3.1567130843363106e-05,6.2073347905319e-05,2.8363344619385223e-05,2.705360767435364e-05,5.607645338581556e-05,3.888424264606025e-05,3.710082943857633e-05,4.0258633441277126e-05,6.817976998622842e-05,4.83115945641137e-05,1.5082989038895859e-05,3.222007677089056e-05,0.0031606241820195144,0.003782739906123291,0.006079880549649957,0.006038108278425564,0.010028585691835498,0.012818408632996455,0.01613926993835479,0.016284725781403483,0.013951283801090845,0.009024983674246605,0.00525676488745332,0.0042118755261798865,2.56708890301539e-05,4.1231557770326744e-05,2.192830866146025e-05,1.2185323521039646e-05,1.0129696257128582e-05,8.348771400181659e-06,4.562088124603501e-06,4.0475401149827025e-06,1.1294368172655902e-05,2.1858871343452367e-05,3.715738520857786e-06,4.659922396300193e-06,1.3695303635965987,1.1802638715583302,0.9522512105979885,0.6556677567523103,0.5176303113841144,0.6146018791745712,1.5564060762985965,0.6046298037769463,0.6200278621514663,0.8315368438881958,0.936268789633434,0.9122132481884608,277.3205397812002,279.8040033998386,287.09664536533734,288.6621336504916,292.38076520037015,297.68943095559314,299.9026072216522,299.2886514371276,296.76280397112555,290.8974503740011,284.52994729729556,280.39638381247494,53.617971254622596,52.932864949968305,56.52135298728571,49.094477660134245,64.00545220260798,56.44467886177216,56.983280093964716,58.25527803936675,57.085124184655534,37.68988897679728,37.988241491434486,60.34222332381265,1.2217683850420727e-05,1.636753955786524e-05,2.711657898966979e-05,3.8474031834114166e-05,4.4052742816589195e-05,5.1915413722714996e-05,4.9852720064953664e-05,4.4786871589267334e-05,3.4894263706909616e-05,2.7472806965177752e-05,1.538868035847756e-05,1.2684766230077855e-05,31.57307607320902,31.40172853023204,29.593673855693485,28.16861111278154,29.56834842170759,26.282062434408775,26.55487698931231,27.442447288692424,27.02964829293994,27.39379923515243,24.192399301137055,30.836926595621687
NC,2017,4.7110451905144396e-05,1.440605696943294e-05,3.074906111060254e-05,4.9507241096499446e-05,5.522986163157803e-05,4.663375203021936e-05,4.3594769206039646e-05,5.7885341847994335e-05,3.621815907650259e-05,3.392871748141412e-05,1.526306351984758e-05,3.2203792718704437e-05,0.004699526096446495,0.004644922133149775,0.004438573881824462,0.008713915880232433,0.010279959821520586,0.013217263364569416,0.01587080874753608,0.014996377226392413,0.012375131214478101,0.009227203023854826,0.005714470572454952,0.003963016694801311,1.074566303880818e-05,6.510687091834865e-06,7.0745299472222615e-06,1.2142279205409025e-05,1.0665682599004462e-05,6.920095291308875e-06,5.76175536364289e-06,7.737277708901028e-06,7.862644367730867e-06,6.843821576742187e-06,3.077617695849352e-06,5.0016217985407325e-06,1.1340597011544358,1.2395626912370576,1.0239325775685457,1.3826999319398163,1.503746023555364,1.2174070679115738,1.3751953642752364,0.34056844935834163,0.9942729439078938,0.31598503082057394,0.7312140317662476,0.8821378246757747,281.34002645485907,284.18826505802014,283.8466635305311,291.34952870744,293.58599256871184,296.74665327664735,299.25850701259805,297.7533862509939,295.03906311533444,290.74561427640884,283.9769500036248,279.4461169897877,66.34588356351291,50.639211406259534,48.21043288496715,58.206419583762205,57.83078365679988,66.27724272882261,59.47531410072886,66.59675070283535,46.25471095220341,44.29093507748267,52.24801686784496,61.75299877319919,1.2514453506686e-05,2.0020902188234233e-05,2.643710633150501e-05,3.822253941812296e-05,4.881010099925334e-05,5.2082093978296235e-05,5.21333441613845e-05,4.2741236831910734e-05,3.884462396005727e-05,2.4127321540344173e-05,1.5349927587142626e-05,1.2158697414555527e-05,31.785907984153475,29.356115196070803,28.971766613570875,28.811625648663433,28.627263678115934,28.887481723468873,27.893678191863977,28.432160821564562,28.149763772022737,26.057956753366753,28.835692616412604,30.408814478133884
NC,2018,3.561159167726088e-05,3.964582457870541e-05,4.392625327484152e-05,5.0234898262314046e-05,5.877409685543023e-05,3.392258425100406e-05,5.800677268014169e-05,5.6723147587184795e-05,9.986771675732988e-05,3.4325539252610746e-05,6.337836969252711e-05,7.108779935858465e-05,0.0028397834617045325,0.0062443909176716885,0.004037458461328125,0.006080724449323043,0.012522424256611405,0.014668358786164749,0.01515854540900317,0.015832826345976696,0.01600812986963091,0.009198577344937843,0.005585635235430245,0.0049531581974708045,8.499797957962445e-06,1.8504550326178587e-05,1.4279112976958978e-05,1.5695171626410537e-05,1.3316720688810966e-05,8.664865260283336e-06,7.524325386167332e-06,1.0479845292587971e-05,3.521460387270983e-05,1.468511656861492e-05,2.5046921163605525e-05,3.899119238175852e-05,1.0377966799135467,1.1517111760612533,1.5599112843163305,0.9844217755068739,1.6613016026429903,0.7549391237068047,0.672368903701177,1.3177602542652969,1.1162731442802027,0.32903355829077824,0.576690323801236,0.38782242108026543,276.2566571348101,284.6072024367198,281.6332180534949,287.3811668427227,295.40919838014975,298.23599446345446,298.443600033254,298.304370094144,297.6817190661601,290.62439061597365,282.97784551747185,281.01863774444837,43.609999960396415,67.10911389316847,55.155361499914534,53.36858269203938,69.52962309182693,61.36203787595249,63.863989941152134,56.5449422913877,66.5484545278653,51.07744783600305,60.7394013212265,66.84768775505265,9.098161537018748e-06,1.600296543563544e-05,2.473262644122572e-05,3.813572966176211e-05,4.346114574506008e-05,5.4203350096252115e-05,4.804766875046173e-05,4.9715758794427344e-05,3.982134650219399e-05,2.811864601689259e-05,1.71721532524107e-05,1.1300562027753833e-05,31.009434376300575,31.496165036108298,31.28706733822967,29.84352088683928,28.712204872534652,28.09771825851066,27.389720483619605,29.87833770343615,29.201375555159686,29.204970815848977,31.515398397575606,32.138847579732804
NC,2019,3.926815881525659e-05,4.6479299740926666e-05,2.851566320604173e-05,4.5702283239626554e-05,2.017850027829619e-05,4.923209560233309e-05,4.450451324775465e-05,4.6884778193010865e-05,2.9595835690892518e-05,4.3542108541719406e-05,3.265077834131964e-05,4.078131438182434e-05,0.00384173922066423,0.004831683069627451,0.004413584212660698,0.007678014077563895,0.011517794593435935,0.012947519904057523,0.015291610372189448,0.0149692274713654,0.013609422711224404,0.009742752034015124,0.004831416592764119,0.004906872101415428,3.621317137320628e-05,2.8871365600541362e-05,2.4576821449898676e-05,1.6509670667936572e-05,9.174529336337674e-06,7.587133379085391e-06,5.989808209924216e-06,4.097491712758118e-06,6.599510513377847e-06,5.33511673544566e-06,3.85381474489523e-06,8.076400258561769e-06,0.8762586859868442,0.5746491809828018,0.5304336834813794,1.4812782008915746,1.4948756925252076,1.0036395672078136,0.9603930965529587,0.3994725298261506,0.7242165651290582,0.34063976667529067,1.0419808413961098,0.7086269474478468,279.18745640564345,282.510856816602,283.22697620368524,290.05699115201827,296.0574666530177,297.15772893965664,299.5534354211322,298.21895401286986,297.3384117068441,291.9086678568043,282.3911411131602,282.00021584675784,55.575467903771155,70.984914382009,62.22206636041161,60.111145709989565,54.221325973715714,65.64786349628847,59.331185370658076,57.539521417487386,39.903760916011066,59.80822876674645,52.35537350937393,61.05466296368185,1.300504878118302e-05,1.620175833302954e-05,2.4650812999968717e-05,3.868567695080121e-05,4.3241664117066694e-05,4.9526313036312834e-05,5.048082917000788e-05,4.4902072444451945e-05,3.345486496831268e-05,2.1115782422775587e-05,1.7061016380636168e-05,1.2921147387688982e-05,31.49043680248169,31.205467428487317,30.182207788419856,29.868699352031452,23.8376998084846,26.946575842490176,26.25577037730148,27.60798838230945,24.202249423086382,25.73076116291761,30.54595316932648,31.117815305942827
NC,2020,3.695972158549015e-05,6.80398443868259e-05,3.58349624638973e-05,5.0531213038649094e-05,6.328001622705418e-05,5.551776308868281e-05,3.354835300097628e-05,6.549655509807156e-05,6.710681422495713e-05,3.937735792210846e-05,5.269171405887e-05,4.350752838788564e-05,0.004520450142482038,0.004774877693346155,0.006451514196165026,0.006251021410238261,0.008975965271616683,0.013409289657349246,0.016345796154166058,0.016257155708286935,0.01247724098088421,0.009831086168570436,0.006646414498068261,0.004152039401405525,1.2279393107885437e-05,3.211795934018575e-05,1.7175344498857278e-05,1.6196631013263335e-05,1.8262047122103934e-05,1.5219667521617931e-05,7.650603922084772e-06,1.0567660079188075e-05,1.4869600465764172e-05,1.0751205116009014e-05,2.3245211129736356e-05,1.9760580436431148e-05,0.8854763809277119,1.3833212440096747,0.9199174594188431,1.2868149724811506,0.20883058963570333,0.8795917219238395,1.0031532696701166,0.9930289382208718,1.122565328684935,0.35210453724121016,0.10564766102099228,1.0540316069727504,281.64718418751795,282.1386718550785,287.06100261375747,288.31076575234925,291.5016158794319,296.47895495921773,299.79706635012747,298.5855964557868,294.7051550954819,291.01445511639383,286.56539621358866,279.5577337604479,58.999494000706534,66.29243454927891,74.5731279286398,45.70050387685548,60.904911000124464,64.31009258859908,54.76429693922591,66.88298232307892,64.83161400445802,54.40266221374783,44.4357197485248,52.62824755838529,1.3758782282604378e-05,1.780537812695114e-05,2.4676911921806123e-05,4.016038349292471e-05,4.342916205327046e-05,5.2156677222587226e-05,5.270525300132708e-05,4.6327702799313814e-05,3.7183830298385235e-05,2.6668418293596957e-05,1.800160228963168e-05,1.3096431245671409e-05,31.278515467795156,31.96190971945495,30.706410426739552,29.336212133529667,29.295260500563078,29.409365298286275,26.89781554160838,30.23108715143631,29.42306595335763,30.108251146740063,29.982344548651966,31.62440527409712
NC,2021,4.6227976200440704e-05,6.189531660916323e-05,3.3702138856662954e-05,1.657002454258364e-05,2.2317047075445274e-05,5.516970147475874e-05,4.9059063463931897e-05,5.8284225719704226e-05,3.473640691194714e-05,3.076751539731528e-05,1.4757460754739966e-05,2.5805148271770097e-05,0.0038707927831392636,0.0040748602595426725,0.005083609168338661,0.005998412806865099,0.008528340178249591,0.01372957845665955,0.015251516713912075,0.015939673802979684,0.012137932138923897,0.009888336731511462,0.004483380426416208,0.005793219062372949,2.924576228228294e-05,3.946183227335055e-05,2.9895667346872747e-05,1.4428807009323975e-05,7.012572809179842e-06,7.2446301927145675e-06,6.410999989020595e-06,8.466322083775552e-06,4.488961405858242e-06,3.7761640984779235e-06,2.2609625497460006e-06,3.0596911618264786e-06,1.1040212133623495,0.9542561304148317,0.2532680896854422,1.4080387811364663,0.3772360471244773,0.9909742266828059,1.5084319640419142,0.7560843059938642,0.18035727575160376,0.42665585068617423,1.1031771463631712,1.0198820016843433,278.58969486820854,279.1998345764681,285.5936991701814,288.91653162053444,292.55298605582186,296.9152550018752,298.5756517686276,298.7853945738535,295.27349365298915,291.55415503623374,282.7633232889547,284.3049204947507,53.70611383807963,64.09073231990303,61.10040222261289,42.78715275954696,60.10369707008834,68.58200548865169,56.852013453445124,56.50976500943745,45.18449310540889,55.43732793743086,39.74540360965989,55.42861328636472,1.2458512798822179e-05,1.5066027608114558e-05,2.432739114638133e-05,3.7745425747065104e-05,3.709922206585224e-05,4.619326034563238e-05,5.109017129028717e-05,4.569364130883732e-05,3.764890078252651e-05,2.519731832169611e-05,1.7323743354935793e-05,1.223357913617931e-05,31.82823014277617,32.34153328341673,29.840980307904545,26.50679733429227,23.318508458127994,28.540476992695382,27.978174632035955,28.66013694043222,26.582027418747767,27.342101813903184,28.089468373925467,29.061791988909423
NC,2022,5.320718218625234e-05,3.223287650128104e-05,3.94086398288766e-05,3.059212028655897e-05,3.833119498351566e-05,2.0222188240370327e-05,5.892815238860255e-05,4.070067543593184e-05,4.847172978800429e-05,1.632367747139222e-05,3.1796208378592286e-05,2.9846392349552856e-05,0.0032434459610032294,0.004402064079189577,0.005246381184036026,0.006348130749077871,0.010943021638779296,0.012363908815797858,0.016531361697572473,0.014987100698151741,0.011462284698467908,0.007308743901878496,0.006170376749973528,0.004014111557147097,1.4769895355270599e-05,1.2307474579395778e-05,1.105411247614383e-05,9.650450120090812e-06,7.0511054617889065e-06,3.515284908449015e-06,5.3987089184716085e-06,3.5675722967313903e-06,2.5785498288392147e-06,1.69326994312074e-06,1.441652517534657e-06,2.4411627320792416e-06,1.0487916602177085,0.4171697653405106,1.4075650345301358,1.2424290288342656,0.43316863659622123,0.13839467696076105,1.7269329050311386,0.6819604278447867,0.7114054572231523,0.7929758644985017,0.45037240694192765,0.5197523270470171,277.3746412188287,281.57606608890046,285.89182357657734,288.98756741428383,294.18003453018997,297.79674235617176,299.325769752309,298.0237496281643,295.01505302765787,288.0282394511701,285.78086974351174,279.32566876888507,50.276064759476945,50.53072335748545,53.01951180484017,44.36714180347578,60.89067856064677,63.646584989708586,71.11566940371698,62.86044121215551,49.59629025526397,45.491914058701404,55.2407763672617,56.15479023833756,1.3795943350623485e-05,1.7385028075298217e-05,2.7243593054552288e-05,4.0268291403071765e-05,4.316480956608889e-05,4.331107559056787e-05,4.671958450268476e-05,4.4170955647207e-05,1.1799245004959478e-05,8.184108937155674e-06,5.742316325453695e-06,3.7808904856043125e-06,31.63871790177117,30.427763124933303,29.93100502494855,28.388207226705834,26.5506632515657,22.913196369835173,28.023873637655335,28.28669622439376,25.8065878794273,26.87592202076244,28.864287099266473,30.71101690354562
NC,2023,4.031096152802716e-05,3.840323046509178e-05,2.8343220824403535e-05,5.5734783228507955e-05,2.7536281148656922e-05,4.298315618990514e-05,4.087345673419813e-05,5.614948092896402e-05,3.422010084436675e-05,1.1294965110793113e-05,2.2326538213574578e-05,5.4709057226999175e-05,0.0049167755864576446,0.005476982149071663,0.005036490659210128,0.007378287571734742,0.008747536526581964,0.011914791882047401,0.016023352344531366,0.015190059855603172,0.012355667802154954,0.008282217193107533,0.005018902677414328,0.0046791998749613935,5.3566269845202e-06,6.430833301049889e-06,5.102325809192187e-06,5.229401408209351e-06,2.670923111038846e-06,2.6714619679648963e-06,1.9581189068036442e-06,4.108977412170859e-06,2.121834858854123e-06,6.665409500550116e-07,1.5043969857903801e-06,4.9629920239374835e-06,1.4961234502331402,1.1885035967330082,1.0021922303854423,0.7691877901250822,0.6068469178096999,0.48086422265735596,1.2258431686493332,0.5765385692520141,0.6472048126782395,0.6862248399263445,0.900509307700901,0.5451493641335026,282.0120615980972,284.49554700242476,285.1354333206611,289.69480071706937,291.8559470664275,295.4450123557197,299.30871525092743,298.71104959788505,295.19802717033593,289.8135420945266,283.8824375936029,281.61284732792114,60.4416241653846,67.97044446426688,50.48512629846793,52.103975284031904,64.85644767503962,53.533134993804275,60.76621868275501,56.301724250305654,48.80830036372616,33.959719982995374,45.17340932751805,51.06651333815557,4.518772221711622e-06,6.857966933194851e-06,8.93134305769784e-06,1.2923288249942622e-05,1.4185069896684397e-05,1.532396933083138e-05,1.634286546204647e-05,1.4276444215364198e-05,1.2306678850613674e-05,7.583556209227696e-06,5.125834671814365e-06,4.330099183301801e-06,31.142883248229403,31.231964976948543,29.720030858964222,29.406336615331416,26.560925621378466,27.21263259669221,27.36598826395274,25.9367796277512,27.86422527889757,25.075510628741974,24.817198108272727,30.535933916432324
OK,2000,1.3659041400453863e-05,1.5209181788000519e-05,4.377650387003519e-05,3.1355479448944475e-05,4.307257506858821e-05,7.161189598411035e-05,1.810752363672198e-05,9.990635266430445e-07,8.438863066532834e-06,5.044362607806446e-05,3.0010151573985272e-05,2.1700799909802244e-05,0.0033204498258790796,0.004256320254149097,0.005787218039207035,0.006722642564081709,0.010606345525692376,0.013442112827170978,0.014198851687814965,0.01202964718987863,0.008659045923515542,0.008298189249315233,0.004277957911602102,0.002650654449579632,1.1239973301305496e-06,1.4969732932711694e-06,4.299166526696007e-06,2.4997285906911934e-06,9.667840030871343e-06,9.15520208500372e-06,3.143016410169287e-06,6.577676711380586e-07,6.351531214480181e-07,3.4901499088313896e-06,2.5960250071206768e-06,1.0063762924143154e-06,0.48817733909841726,1.3556226051806466,0.8879394339662117,0.6978494991226221,2.3396361819408673,2.2833438179924657,2.141556171700187,3.0639301793285605,1.7503567871771861,2.3835891736408223,0.3832655141574203,0.7494000447074003,278.02693468711266,282.36779308868984,284.6388134097949,288.39772762888276,295.17243094849874,296.7028855403976,300.88661432278786,303.5149532332775,297.99303604972556,290.8734765255792,279.58268876670223,272.75417672709574,47.164566912355085,42.39318494295694,54.48233519388674,42.63545910535173,44.037848727875044,62.58627317821413,40.07689217199362,27.76130984900848,20.247518872961397,55.435195746545475,49.03477484141683,50.95666748185976,9.087706028775865e-06,1.524250186378288e-05,2.401383920976336e-05,3.5371923599733746e-05,4.327205871012999e-05,4.4109678213261106e-05,4.670664720791189e-05,2.5396033884125708e-05,1.4383251954568956e-05,1.6473249662822716e-05,1.2902723695645692e-05,7.104183607793058e-06,20.081357117282554,21.863904569639796,25.274929458951824,22.615167002515516,21.127295777619313,23.981387362652878,17.105015584085095,11.777440438013029,12.092556536155673,20.3857421853077,25.763637304583266,23.984147530451168
OK,2001,2.195949434804588e-05,5.2934785354799305e-05,1.6383118713557284e-05,1.911129360346237e-05,5.752190507585172e-05,2.325259273390978e-05,4.773682778415842e-06,1.8331963041887655e-05,3.0953643509395144e-05,2.68066181644344e-05,2.120654062579e-05,2.1299170314816328e-05,0.0033730555356219116,0.004147717661253311,0.004755169338902489,0.008020011534216854,0.010838620658193583,0.012755071245887106,0.014570361675725323,0.013752999863506189,0.011083052862364443,0.006631825818577511,0.006263730992564506,0.0037373156582302496,3.0876646887400204e-06,1.2334949683405625e-05,5.5452216445599456e-06,5.276760393924947e-06,9.063073133249437e-06,3.7990305700692095e-06,1.0378181892905597e-06,1.0126821484112907e-06,2.4595564343031402e-06,4.2920262079042505e-06,6.680626700000826e-07,4.756554342904327e-06,0.5552023507342841,0.38200890440757374,0.32183218212891235,3.1317640895571897,1.6994844987497362,2.842797730079775,3.0065049490093205,1.9736808791929101,1.3483396059958073,2.0754887421234005,1.3234570958687992,0.9933473681897679,275.2811772089555,278.10582108363616,281.3753952651774,291.1380757165762,294.00446969822576,298.61395547606315,303.18065811540504,301.4245206818904,295.1691421607312,289.39104568565284,285.5139156332462,279.35169550086954,47.51782443395259,61.019698766731715,66.06688411616697,45.71643915772398,48.88665673929699,36.73257182294905,36.80138602967787,44.06366242144155,39.36617889168599,29.536333495700152,55.75052567065559,42.464377677466345,7.918287650954779e-06,1.2273261585565228e-05,2.0623878777249807e-05,3.5858634604430055e-05,4.378115059470448e-05,4.8295531923193444e-05,3.125249744642974e-05,2.660610273543994e-05,2.575809145335609e-05,1.7376980419165975e-05,1.219807459016116e-05,8.693022856057212e-06,26.175524627621463,27.192863187975487,25.79752642170491,21.840809102690265,22.356485470373823,18.831851238541084,13.039274188532321,14.261566113200235,18.872515238990186,18.065407802527307,20.40488188439344,21.650632444812782
OK,2002,2.3436430203910456e-05,1.1009877215217624e-05,2.9351850478370455e-05,3.766845596990297e-05,4.5001900475871845e-05,3.356092532160003e-05,2.6108837623697394e-05,1.658604052443243e-05,1.8637915311751568e-05,4.044081703520624e-05,7.168685369817922e-06,2.946157060323244e-05,0.0030353725951455584,0.0030345642022935773,0.00380966209875772,0.007943468331159827,0.009842859951872415,0.013873298013910112,0.015553422778053543,0.014573697030874954,0.011357355177350006,0.007419441742242414,0.004389340775581646,0.0038450186546180203,2.885661643296426e-06,2.2277061477451034e-06,5.969068040121843e-06,8.150208276420082e-06,9.103530715098798e-06,6.29189808822274e-06,1.7738666883057354e-06,1.6165300137464506e-06,1.6388804772763012e-06,1.6013011466452457e-06,5.194185515620085e-07,2.5712357373025513e-06,0.7565890352281807,0.7020367153756445,0.6041808949990545,2.098912917390294,2.151425528439364,2.8550462613616365,2.276353759458491,2.416309632058848,1.2600526509557715,0.8402788881930265,0.919959189915522,0.7486669008893123,278.0928801828437,278.5040914358919,281.6467354587753,289.9002627568861,292.7806314926992,298.27871143153203,300.1125172455408,300.7018805348953,296.7992270761155,287.03731219364926,281.76010631747437,277.9124541377072,44.85189172427998,42.47000578561341,49.59957785756527,56.27461607015628,56.37936830776934,38.818915727242995,46.78681177562839,43.767881641606316,28.44201939009274,63.2450887592307,40.242695612982,52.54118132164815,8.649509263528706e-06,1.403566648111252e-05,1.7008723621012364e-05,2.9642557976007014e-05,3.596860189341595e-05,4.767786254273925e-05,3.8422120703223755e-05,2.799851747178041e-05,2.2643430092948516e-05,1.6335256325653023e-05,1.3231040023608421e-05,8.621637833453712e-06,20.55064126156217,23.260238907009352,21.1525361931274,22.35634757020123,21.56416729644487,20.591668540329604,18.066402764792443,14.912858038791326,15.729667486639745,21.73990809297439,21.723591649250917,24.01531401728602
OK,2003,1.9537225450619714e-06,2.336716688480923e-05,2.1533050105341312e-05,2.5757682509374488e-05,3.685085436086826e-05,5.2211052215421486e-05,7.13862218277982e-06,2.305465748179409e-05,2.6758610995455335e-05,1.3316923044965804e-05,2.0715265224676813e-05,1.6124108218816673e-05,0.0029903014054061348,0.0035173135778730205,0.005011032311918576,0.006738883278221506,0.010467096646789431,0.012998009426857693,0.013534547048019796,0.013851972917045749,0.010310444295423675,0.007799018648188159,0.005115056743461513,0.0034123526410644693,5.345732753386248e-07,1.2500680732031422e-06,3.072229862231634e-06,2.8429043796745006e-06,5.369872878843963e-06,5.138870236510079e-06,8.156606399518247e-07,1.0788524141756644e-06,1.6033543527881353e-06,1.3286942924456362e-06,1.3786276950455746e-06,9.484333779694294e-07,0.5010894140698834,0.5058526522756511,0.3748816736707126,1.856461033468065,0.9051516923165294,1.3165425300115545,2.573977717763389,1.5299666389355109,0.9088972240329125,0.5026632394261421,1.0156179147112898,1.037796571406152,275.8171411281005,276.546387601032,282.8930696527969,289.55996439563137,294.0612974568908,296.38340547435405,302.1155175423947,301.5263259787639,294.1284155090212,290.5111600554601,283.75133349123666,279.01155873334875,35.01116132132677,63.17187239058607,46.31333815464727,36.59277938445305,52.56576421791711,54.12616755056598,28.617976202165224,44.8532588319868,44.975171444827815,39.64059052197587,54.56876630333556,38.317826355571206,8.038035676074765e-06,9.72082329227248e-06,2.0638841273366624e-05,3.429761310677397e-05,3.719178941728513e-05,4.592065596821776e-05,3.509946662092779e-05,2.1661611469821992e-05,2.900233699599759e-05,1.799827344575151e-05,1.093572607005622e-05,9.117554071662636e-06,21.942655334689945,22.661204832232244,23.452851220599598,20.550918296846994,20.824569734118185,22.762004317844774,14.090348716356356,13.32322343790218,20.042707663260778,18.065560603545613,19.236317992542084,21.135489988525833
OK,2004,2.2421961325762563e-05,2.1627672726615013e-05,4.088114666996642e-05,4.459255915784989e-05,1.431933921828009e-05,5.9438721837068e-05,3.189922552363817e-05,2.217875792939593e-05,9.290572409069985e-06,4.874353074121032e-05,5.468478692132938e-05,7.796075066098773e-06,0.003474477316087439,0.0034703064159545918,0.005666225023032262,0.007211884162515717,0.010524395498032283,0.013472726206732061,0.014278941841964763,0.013096738394918801,0.010503508347918569,0.00904690788250127,0.0061272957946016775,0.0034716616179696577,1.6862881860317586e-06,1.4523783314873213e-06,8.235580156325021e-06,6.497040536097158e-06,2.8203448432669798e-06,6.057956250362368e-06,3.98057243324634e-06,1.2440744850272914e-06,6.586038147250573e-07,2.5683987528594894e-06,5.498959778425743e-06,1.9303800936229113e-06,0.3614429762241917,0.4705156715942826,0.9886006205259,1.0872114306530276,3.3277589660235543,2.0627543945590037,1.530951414662718,1.4802964767611893,1.9705707607526215,0.7689537438676499,0.5969703108717895,0.9641354302927155,277.34340133692837,277.3169641878677,286.15364617028723,288.9188724612491,295.1544282689725,297.0845282755114,299.2513940569069,298.1206351684547,296.9318054956596,290.9828624264734,283.4619404327592,278.61849681130684,51.426697643961894,60.87377148395677,46.24419749196834,55.46947885233102,41.37724398278124,66.01023183391335,48.12859323745304,42.975246652556116,29.595278586550794,49.2491527253671,71.79480434889895,33.02363413660159,7.6060333575137105e-06,1.1919419505580788e-05,2.4026835877866553e-05,3.40037996445589e-05,3.6821889791828094e-05,3.841304229325672e-05,4.3935015408614446e-05,3.786011210304821e-05,2.1368412521051362e-05,2.18687880535357e-05,1.3547273493774613e-05,1.0210941135464718e-05,22.44786799975639,24.455916932177505,24.179312498804343,22.846685667227533,18.227490014952526,21.660335022682837,19.085277143053787,18.74244499552298,14.083119981210983,23.09344951449964,26.93230612822983,24.537737803896913
OK,2005,3.616548888413151e-05,1.8686713748321605e-05,1.488975293877153e-05,1.6546940632379347e-05,3.024957286795369e-05,3.5161463538948535e-05,1.463428677567848e-05,3.6249822254559035e-05,1.580978661043199e-05,1.901416690791897e-05,3.4257568345822854e-06,3.865905971647055e-06,0.003905002331926988,0.004588572206951039,0.004438544736902009,0.006239619613316475,0.009731517448295807,0.013316924989594728,0.013647526283706683,0.014667027131609587,0.011804279230884162,0.007493490009837081,0.004286832316563426,0.002745566311698591,8.422605841625689e-06,3.7800290878859282e-06,3.4436623171418998e-06,2.947006015149156e-06,3.2733717562372454e-06,5.272491260896286e-06,9.382336610957111e-07,2.1259409644887285e-06,8.741633819499693e-07,8.48715773371192e-07,2.3555027320658572e-07,1.925914964449915e-07,0.11066282092838205,0.47597406788413493,0.1715766738007093,0.8829374566584578,2.0421752817952217,2.8540639434222252,1.6933387661718433,1.353029062420488,1.6048900093486964,0.9928812470317444,1.4106594729630562,0.7753801570366712,277.572330675077,280.92465216255954,283.59986259659473,289.0249506702342,293.44194779227297,299.0965533276277,300.6799561926924,300.2922117930967,298.24316837680254,290.10787541395166,284.96449593292874,277.0309704008887,58.01242077796066,70.24592390451794,47.49158366192718,41.51728627486372,62.85521112694359,34.47452458531725,28.622622718200315,37.7003281700513,29.98368555833011,34.28144425013648,30.47526559080989,37.92903411605908,8.72474099572006e-06,1.4816539509215203e-05,2.384669460467162e-05,3.206403541958308e-05,3.640513922040696e-05,4.679191510379768e-05,3.07961994982325e-05,3.389076554202704e-05,2.4937121267388436e-05,1.7330136087560327e-05,1.0035332670755295e-05,5.1662282462888695e-06,25.47357555126491,26.3142998528906,22.27050235891679,19.051723233602804,19.081137448411262,19.42620321178637,14.151867537238669,18.126218092788655,14.70530868232001,16.66407362396632,15.217125729467584,15.493743711935608
OK,2006,1.0076306395935609e-05,5.229377594628588e-06,3.24890331967268e-05,3.19730840854204e-05,2.7725783435306245e-05,1.8304822575631724e-05,1.1007181654784652e-05,2.1451330350536838e-05,2.3282827477780986e-05,2.3504408330518765e-05,2.859262434821561e-05,3.0492124508038898e-05,0.0031879790859606055,0.00270249111583852,0.004437716972723528,0.00693101210271632,0.009798926161752618,0.011324763352752234,0.012469073721413112,0.01376033035581259,0.009014324624270714,0.006846232780581874,0.004786803672508303,0.0036110940324828268,3.22192827968026e-07,1.8639713309284993e-07,2.1423206437731965e-06,4.287971238551837e-06,2.2518957081166374e-06,4.445572344704396e-07,2.2922369792467032e-07,6.179388674743898e-07,1.1320718004377804e-06,1.632767207315961e-06,2.598080069082294e-06,2.328018318453851e-06,1.500132024933891,0.2536195587268201,1.1345456328875858,1.7281282862588463,1.3320827063170113,2.063939705967638,2.3572561362036795,1.5357293026437098,0.5059910385981243,0.8676911440880143,0.7974442373545435,0.8648230512048626,281.98987685885237,278.7364384390321,285.56795849854217,292.3870199879285,295.36687479611356,299.4612134407216,302.5229959766834,302.15959455137397,294.61456396377565,289.529424198353,284.12643027918034,279.2438957373399,38.065266413886114,46.35905673965854,55.490288798159085,41.51234254023314,45.613050497372896,30.1910395122153,38.971842472343056,47.61173088161357,30.636813058111557,37.78927400154002,40.290209370485094,39.64983366426603,7.640834349830812e-06,7.74966085157976e-06,1.7104865596688345e-05,2.7457849220019343e-05,3.595384404106919e-05,3.382036935589938e-05,2.3837810476721362e-05,2.094261583694499e-05,2.4936087284897212e-05,1.546416698110669e-05,1.1298028030382442e-05,8.772539868373276e-06,15.412237845638645,16.12657531879837,19.308864056940592,17.13911023982296,19.177396102816672,15.83129276040186,12.861794527241058,14.338369037808038,17.22107093967343,17.51413979665591,18.77222901591489,22.79328031100223
OK,2007,2.2106860400121174e-05,1.3019369395774223e-05,4.2922113883922874e-05,3.2167702777687606e-05,5.7622367917834875e-05,8.357868173191372e-05,2.8684153071783668e-05,2.1993144939194223e-05,2.5200192722857458e-05,2.2336734614492664e-05,6.572410613986011e-06,2.8899789666662537e-05,0.0030001750289964844,0.0032176937252001666,0.006276678406440517,0.005983391171623037,0.011284188137910647,0.013904005247568659,0.014850940767067817,0.014798752924661566,0.012092534755224215,0.007738719890836272,0.004590131056465516,0.0034796031286866537,1.826055985876318e-06,1.3541747518612306e-06,5.472389402625272e-06,3.1355388837602807e-06,7.373275847920935e-06,1.4925095004728858e-05,6.471152596817217e-06,3.2814651326729626e-06,2.3162368623885057e-06,1.3813641316111218e-06,6.747206321936194e-07,2.40032395228689e-06,0.7378688344971787,0.31033800579540133,1.7644847293651822,0.8552522651745386,2.15604847503393,1.8763268438573995,1.5874194911194983,2.637709914257659,1.9710647384933178,1.082841088857873,0.6166074219839701,0.35121537612713255,275.29653086117474,277.8704619278043,287.9721286970569,286.8707608469781,293.9033769637181,297.3781930859872,299.7295652189533,301.96488960012647,297.09199052147216,291.52323505956934,284.325539775302,277.1590435733237,53.37363762235358,45.28741032412429,55.737183035950565,49.27235175674593,67.99504917668301,66.66068682288622,42.75233422825735,32.98634645436459,41.325630648839365,26.4370889893257,36.948643026821614,50.230095661440856,8.416602577745876e-06,1.32708702824258e-05,2.2817463498209077e-05,3.421127504670089e-05,3.843789722948153e-05,4.5836860536464704e-05,4.7491530130554536e-05,3.999196142374054e-05,2.9663286056629566e-05,2.3084896560981873e-05,1.0326999004460679e-05,8.700027529542757e-06,25.623993358136445,24.34684427263636,22.714352351416917,24.483352460836553,24.46799518755907,25.115683618317114,21.206909196128,16.495738711594974,18.138989248548587,19.524898313282666,16.37117398853134,23.445107157162067
OK,2008,9.573118274210212e-06,2.759200212445247e-05,5.353165071642092e-05,4.9321795184340985e-05,3.592140297727474e-05,3.540291850668265e-05,1.694001291722209e-05,4.0730162810002904e-05,3.709899204363592e-05,2.632119846016756e-05,9.26292794480408e-06,1.2819507008324727e-05,0.00281515862054231,0.0033018532459194463,0.004483047513803133,0.005641815506834344,0.009034942232628974,0.012846850593227304,0.013319287372133835,0.014059434721269384,0.010822357777358687,0.006872006968819522,0.004375921187686259,0.0028866853286994855,1.4487211743932843e-06,4.3351685055745586e-06,1.8407397489308485e-05,1.9956040478205338e-05,8.259124477149766e-06,5.623460769604676e-06,1.858915576347349e-06,3.1275441660639447e-06,5.575083473249941e-06,1.6753171969836282e-06,7.904986297130275e-07,1.782778606382144e-06,1.6275442215718852,0.44866796052284086,0.464516222549965,0.8831233139928036,1.7286214552951469,3.054946311173165,2.5017765532198206,1.5121785327429116,0.9497738038392223,1.2510436651375523,0.54423408110996,0.8795810438388123,277.1678283178324,278.57446258620337,284.3507027682789,288.4207327022701,294.49427494981774,299.6770567455267,301.4368424495352,299.66494477619005,294.9341117454307,289.37062110957464,283.5187337779644,277.3516329925337,39.21303736188731,42.733902522155354,47.37333576131621,38.90712020954113,42.02946607580182,45.61735525238052,43.386898989360034,46.97650386695889,34.383276048312325,30.500638625232764,27.84986561688982,49.294459822090595,9.639893117018582e-06,1.3635354065239427e-05,2.2321350068633527e-05,3.368505000019316e-05,4.1115841163159765e-05,4.480985896451715e-05,3.406642327065591e-05,3.3381240327146046e-05,2.990749817124553e-05,2.2027534494421136e-05,1.3066311731620428e-05,7.464275841183359e-06,21.89901136561815,23.34638867542516,22.6943774090446,22.20404512047371,20.512609109701128,19.098847338566685,14.9315219197134,18.93886530042477,19.538755769811193,20.255402370481704,18.94587442505173,18.934901588265213
OK,2009,7.753664017825878e-06,1.266442311212426e-05,3.1973525981090395e-05,4.523686245222048e-05,5.6508858460446475e-05,2.2737676007639802e-05,3.39865245190943e-05,2.16416878610251e-05,4.19556106779523e-05,6.374197919323746e-05,6.689038092074582e-06,1.8774626939022117e-05,0.002369058700410483,0.0034760277509582643,0.004586561553650005,0.006036120542010437,0.009561617453693291,0.013102352899198127,0.012813572136711837,0.01330731768588013,0.010961772301013766,0.006853692710526478,0.0058037951587502756,0.002888112698077259,7.692252788481905e-07,1.5966589820449715e-06,3.1136552876376892e-06,5.120010351291545e-06,1.718983804956269e-05,3.927869850420116e-06,3.781694679769573e-06,2.1428235127051975e-06,2.8785019821492754e-06,1.2891940173832234e-05,2.7826952105856554e-06,2.8724914696269707e-06,0.878731418173618,1.1701039389015742,1.7305702099041846,1.3520230782901976,1.0163424570867923,2.3981548724252395,1.3723027864137438,1.895065506912236,0.8801020160788139,0.6248402920277604,1.0093939571517934,0.6640631803214784,276.2277296134568,282.06708840124463,285.0055037217572,288.2819732453648,292.6330567840562,299.9126646349442,300.8016787302999,299.47713846769307,294.55629412869723,286.4350944712886,285.1651195321802,274.90926772565376,30.222758194329337,36.20205229346161,57.87473182534213,50.87365782436321,53.68805419562389,45.117573119768736,42.07107814915646,33.883627044581544,51.34801224493162,58.096826542221955,38.84186089954904,48.30626901066247,7.73742369831369e-06,1.3404761663791756e-05,1.799446968051074e-05,3.24931683405719e-05,3.986691431567584e-05,4.346502702643713e-05,3.2991934611331784e-05,3.519010631397634e-05,2.7042270828930733e-05,1.887911622768564e-05,1.4581812443352878e-05,7.256593688421936e-06,18.400190202710192,19.59050620547923,18.927574130528782,23.17656990710109,23.65569435121373,17.324861970179615,15.555271747197294,17.21759426874092,21.082715898305025,24.02679855450827,22.307356654794525,22.225961191549775
OK,2010,2.168965038272752e-05,2.0456849182385866e-05,2.31489398834137e-05,3.0108854677356662e-05,3.61711314857447e-05,2.667812409966837e-05,3.5576291603353815e-05,1.0537371407779163e-05,4.1445634520538183e-05,1.06656422151656e-05,2.119989750877782e-05,7.464173748028608e-06,0.002984372974395637,0.003126866211440431,0.004556531528105555,0.006933992530100452,0.00984609926782719,0.014876942903428952,0.01630943545887488,0.013782872632463907,0.012229982254501195,0.006358664135873991,0.004550306005962014,0.0031765232533144403,3.5542919963298577e-06,5.014625898113351e-06,5.181211844937288e-06,4.797114040217473e-06,6.33132993101943e-06,4.301442079342313e-06,2.7445693680322713e-06,1.087829861937107e-06,4.503219198234731e-06,5.299193271514772e-07,1.1555592282552308e-06,5.864295919520108e-07,0.14605969507109962,0.552955830652719,0.37042691975619096,2.4515873877094414,1.6464134964422172,3.0018847358255467,2.727813419859208,1.6296391190764112,1.84995195302949,1.205306722673383,0.964995511375306,0.3035469347536871,275.0353208304875,275.3560025664591,283.0308005374061,290.3703085566093,294.1042310456699,300.97718390011545,301.14950131885496,302.69271557083147,297.4959847866816,290.7131939104314,283.86398230489743,277.7379642089887,49.39274651591204,59.79740169179515,47.606726741550496,45.60270028580884,46.03563568734577,45.36274725298676,47.693148574321505,24.930676668786695,33.02525987284029,26.073508250551587,32.3277831403362,47.123842079603875,6.931466560646687e-06,1.0531799525380238e-05,2.27422332426072e-05,3.494425775338469e-05,4.0854412109132795e-05,4.289457189655078e-05,4.260480350856072e-05,2.6574121359319648e-05,2.9530223730221395e-05,1.7368543793791413e-05,1.2125038804690642e-05,7.119309040812644e-06,23.93361073598477,26.62501395731202,24.708093175823176,21.44560901748153,20.827270653902254,16.5669160769907,19.477845598693623,12.754490087382504,19.239744524430524,16.10906974145422,19.00202589710814,18.454283016383567
OK,2011,4.483239189208089e-06,2.4132769086462507e-05,1.3037316209315404e-05,4.549604036866129e-05,3.29897425750409e-05,6.6877326020578225e-06,2.885535669912678e-06,8.810740929414789e-06,1.7633373609319438e-05,2.9541594905498657e-05,3.8551725446903244e-05,2.624122583858464e-05,0.002564374019228871,0.0032514384447231014,0.0048098427113380665,0.006028899584885305,0.008384772618479936,0.011808020380072821,0.012961621420069517,0.01278606334940497,0.00785291415326251,0.006416380432363385,0.004852311700552407,0.003808014301031186,3.116393890976556e-07,1.16361376283875e-06,1.0820959337618642e-06,1.031973339631837e-05,6.367311366863434e-06,1.2248581208815367e-06,5.879998393365585e-07,4.848198255878515e-07,4.89007599990595e-07,1.8871444747206898e-06,3.909334534401005e-06,1.7917278599089838e-06,0.5066599971617001,0.3486398040147479,0.9061321705952778,1.4872410884522567,2.2749372145418856,3.8197683850830813,2.694497051775632,1.8918608114152422,0.9266679378695614,1.2086093813064707,1.2980049741475463,0.42885647898472956,275.0032018277173,277.7490215475935,285.05769487061707,291.0390794416078,293.7253503895769,302.54382852126173,305.37435066421386,304.5958688223958,295.6620084080427,290.2313543788498,283.6430545125632,277.8368113240648,37.11306923569393,48.100643715741114,51.19890377073146,38.74629862091491,38.99655144129988,25.975821969133957,27.29099800467128,34.33384991121461,27.34618590044165,24.89469552294966,42.44879451369689,48.81760386288877,6.2614831285082595e-06,1.0984391532260938e-05,1.7722107981048698e-05,2.5106765405397093e-05,3.465811202250542e-05,2.974486111382213e-05,1.630871225113562e-05,1.6187101470031067e-05,1.7115953139828695e-05,1.8430545676485285e-05,1.460463673107135e-05,9.244352699632441e-06,19.11386592258298,22.214419087445354,19.528309988450342,18.2838019175673,19.33358104460798,13.268797301107673,10.954740944975097,12.212495645347937,14.610823352215428,18.228251008868014,22.77388832596142,25.541323832165318
OK,2012,1.4305893887451727e-05,2.005831219957679e-05,4.501564670318434e-05,3.47183561145194e-05,2.273621812383597e-05,2.108516377438399e-05,6.731937648097616e-06,2.0270770228279818e-05,2.673041539822829e-05,1.478750753750702e-05,6.8241311072532526e-06,1.1808367208533039e-05,0.0033226459483125777,0.003918293850013217,0.006815509803367018,0.008722637113602171,0.010366511485879875,0.012690421428063122,0.012534001319771925,0.011217337191247349,0.009838396713201905,0.0064482298172004755,0.004568777052643921,0.0033634091977887423,1.9820773189017036e-06,1.534542339657208e-06,1.018277115850527e-05,4.608003693715934e-06,2.464111852606331e-06,1.753263793804477e-06,4.0941640007647303e-07,6.657566094546464e-07,8.998721064341773e-07,9.562626156309795e-07,3.293912996040024e-07,2.2679253644733747e-07,0.802169920971296,0.31210426512260364,2.635334167858615,1.801332030777059,2.3244211727184325,2.8116953521933974,2.3554400470140395,0.978270358165022,0.8043923308996681,0.9205373039319897,1.6139840832790566,1.0590276358349484,279.39603538584464,280.24962985717707,288.7061278309694,291.611372507412,296.3578897586127,299.9272020404375,303.61988655057576,301.2757074303011,297.12487653379196,289.01395033305926,284.99593515418815,279.3904909206238,30.93754020186662,52.994183953119986,42.45906178821854,47.335303894670574,40.1161575588468,40.1867076973802,27.142970024583303,35.3821390350693,40.64087126609513,31.895620173543843,24.307746446178434,47.66329347296831,1.2029164201896281e-05,1.4435075981382596e-05,2.6083579213153654e-05,3.6986796048358614e-05,3.9527403593693414e-05,3.9644112859449266e-05,2.191533654643526e-05,2.194355733128929e-05,2.029403128913658e-05,1.8960804269324467e-05,9.718253206263781e-06,6.357713788635281e-06,22.15709807277896,24.385011701962327,23.06674957068764,22.21369287619942,17.5154107221666,17.332280894366644,11.953196450200965,14.113236706801596,15.930945537365657,19.392998574900695,16.215860276153116,16.34190425865351
OK,2013,1.9001273570288388e-05,4.05780809191635e-05,2.019864408549817e-05,5.015962116404598e-05,4.219331260019417e-05,2.6347050057907696e-05,2.9396802640875728e-05,2.721313627667918e-05,1.529359892468826e-05,2.847713741084756e-05,1.5942190319304473e-05,1.564097571324754e-05,0.003508782054884394,0.003479234489486289,0.0040716023981295256,0.005863620643762889,0.009152132050351569,0.012626370590700906,0.01301787546879965,0.01376875168709328,0.010487425710539677,0.007159282581928453,0.0041047155879143545,0.0029732316505891275,1.6701467873236154e-06,2.4507197641177895e-06,2.1772975248296034e-06,8.268463717241803e-06,7.506844683563954e-06,5.816363434317606e-06,2.4863629028346806e-06,3.0051212438803416e-06,4.797959471325094e-07,1.2058621274301086e-06,8.127316420035103e-07,1.0902562606828836e-06,0.3583736053407678,0.22401742030621044,0.18174703323537647,1.0090890724176018,1.8569711058086649,2.248236623776557,1.9130653626934593,1.773134110746576,1.6135606229811308,1.2929467237624082,0.9867704851479867,0.4065631383283569,277.9045617592297,278.69954614111174,282.5417470367236,286.46997779442665,293.12707249907504,299.6643370222322,300.35640422807404,300.26471713832524,297.78135869075334,289.2788760802017,281.6263352006009,274.99678665702015,44.75122436686572,42.25074293406825,46.86856562703256,51.65008739796573,51.83015135549651,39.80240186480224,48.82040040951886,36.315691156150855,29.19450791010964,37.41080752076847,49.0742343509733,41.79192348092829,7.908939756093896e-06,1.2930980419170426e-05,2.1473783527064935e-05,3.2029870795842485e-05,3.723781980797175e-05,4.414276759349109e-05,3.26988488791247e-05,3.5822657140279004e-05,2.0025530209865466e-05,1.7869004069026557e-05,1.2612703446690397e-05,6.832367864593224e-06,21.353103287006718,23.284260324705567,23.209311020517827,24.042283702642493,21.37568206358009,18.121275111315317,15.731564042403289,17.843686024942738,13.939686104783602,19.255860529807794,21.14048751198026,21.947512580507773
OK,2014,4.549416926109006e-06,9.807340962881077e-06,2.1217747317848223e-05,2.2262293809926226e-05,3.5729289208740896e-05,4.672622140641256e-05,4.01796129609018e-05,9.35158909033967e-06,1.781643480636846e-05,2.7806381711705766e-05,1.7238463678052266e-05,1.5413031467647007e-05,0.0021778703179644167,0.0027147631155489877,0.00348927009442144,0.005662322064895532,0.008275769256492652,0.01407016796224572,0.0132126919677099,0.01337994128806978,0.011515650892449302,0.007897461260932017,0.003664845398293411,0.004303747209012397,6.838980161309367e-07,5.669989279789278e-07,1.8549176615514712e-06,3.017942176744391e-06,3.5009162120178217e-06,7.42966994106263e-06,2.8827083615099457e-06,5.254831434718441e-07,6.334819042388403e-07,3.1211833647615462e-06,8.329543614733545e-07,9.448523359543756e-07,0.9730930538885948,0.6838767376005882,0.16258581834584673,1.2512057238017846,2.1353521438110286,3.124993955499947,1.6953236643443972,2.25330374559498,1.770490835534973,0.7753263689692815,0.7819717732904258,0.2610117287545644,275.7378953539065,275.8968073809931,281.46219574657977,288.98520629847866,294.12810071080673,298.5444542631998,298.8005336484172,300.4646257744748,296.2541136084277,291.5704592318585,280.7850772600294,278.9295819869904,31.400415049422914,52.834819136825416,44.75534087385377,47.60460190556123,46.4345919539883,54.487697116292665,52.78329095341407,35.54887097037709,47.9319852078817,34.877181985260556,39.88329937343029,71.80095061561997,7.810231543502018e-06,9.817816002032627e-06,1.7323758255881234e-05,2.497011037655892e-05,2.9596602351768737e-05,4.325345600479975e-05,3.670590143432788e-05,3.152609001277019e-05,2.2304996592983643e-05,1.866515519367964e-05,1.1238003182465731e-05,6.967484834285783e-06,19.718201418021845,19.93461381104578,20.096810959030087,18.34555568404533,18.189278820073756,20.75787084336071,17.260729397915494,15.545063043755762,16.684036609905778,18.43696423413337,20.041507272156597,21.956991745817877
OK,2015,1.4777903138818023e-05,1.65466073800947e-05,2.674241153882556e-05,4.7859451646837575e-05,0.00010939513151090921,4.2218835548996645e-05,4.288894244565038e-05,1.4561484748560606e-05,1.2697672403957658e-05,2.903296807123077e-05,5.5415320817804306e-05,5.475055295610778e-05,0.0028402626513171617,0.0029378471734106733,0.005136375910522813,0.007607246753346366,0.010653310020635406,0.014443631022110813,0.015946948429485883,0.013538599777256584,0.011980776253778308,0.007356382937840984,0.005555241200971842,0.0044577588693627615,9.250236706073488e-07,7.213480874057796e-07,4.207589623120863e-06,5.151225144060372e-06,3.163196272786775e-05,1.1987349510808633e-05,7.79405120295037e-06,1.931191342924862e-06,1.1368912517280058e-06,2.172138833549103e-06,8.444880001468665e-06,2.0554090795587584e-05,0.7163005157753062,0.8321183585048234,0.3806987039870718,1.326575101111054,2.32366175756763,2.454736406000611,2.6232091195487635,1.6647039151032255,2.3608418512017186,0.9163755975496184,1.6267841845423514,0.9896069535277734,276.95325795373316,276.34213745657394,284.2893893165969,289.81691124954745,292.38933786522836,299.5088147879824,301.2191974615647,299.9136861679556,298.22246173331257,290.958599084412,284.2026940876048,280.5686595920192,47.870083654630754,45.55584077421198,58.9288611507789,57.54812842592083,71.23573844410387,41.1313739218539,40.427873728382366,41.05782084522869,38.14709410680657,44.77815906250852,43.649130918887494,41.83881853211533,8.571225181018932e-06,1.1399093967134172e-05,1.8493879583275397e-05,2.977650115532799e-05,3.822118719359722e-05,5.438705487120558e-05,5.131182854635903e-05,3.4068999305574596e-05,2.235239763619245e-05,1.5202079291763662e-05,1.4956395756997867e-05,1.1765827019244117e-05,22.430100992842483,21.999494443860527,22.835973474388947,22.66571964856954,26.756297198928884,21.48353416944831,19.17397308041832,15.210416799309693,14.560316127791484,15.91847776142736,23.713240843980724,25.59517764247734
OK,2016,7.3122837863951e-06,1.1461712102294982e-05,2.9224376833145756e-05,6.338146592013796e-05,3.83842424252529e-05,1.9359724657222126e-05,3.0285369774137392e-05,2.498103087394603e-05,3.260882543990039e-05,1.551485870307227e-05,1.4165936959478942e-05,9.657587733723037e-06,0.00326695861394705,0.0035379002530075017,0.0050708918508908084,0.006950698298180635,0.009599252730479053,0.014451234223165655,0.015742383360040683,0.0147236728839357,0.012470397827430877,0.008931501909409466,0.005979809215583617,0.0031215037618050404,6.936304244846336e-06,4.1512692387487026e-06,5.924946533445612e-06,1.3062925827002212e-05,6.670465252093928e-06,3.01208100333011e-06,3.190392811319387e-06,1.4918894810630145e-06,2.5184716187576158e-06,1.3542353310414407e-06,8.264439502441637e-07,5.088705051852509e-07,0.5168214935317931,0.7649588992721278,1.0391490308383333,1.1188719958463738,1.5790304860538655,2.091421177329644,3.0188777040755013,1.7503905461615041,1.7404523278367405,2.3409973509120543,1.0595646522233373,0.2921676540336612,276.85460485319453,282.31077212437157,286.41575559860206,289.9795894790492,292.68645818611304,299.9911509057233,302.0437889131678,300.45797805747486,297.4050903975727,292.85272752109887,286.384964879945,277.37315719373885,42.41632167752439,29.523559763694813,43.878739176375305,48.056037137059214,52.06257049084175,42.097452403094344,39.189140900379286,48.24108705438848,42.06354263388337,35.19381282701878,43.372728713010936,54.55022894870226,1.0163475495288545e-05,1.7746729028639885e-05,2.3504995896307838e-05,3.38513803812108e-05,4.131481510947789e-05,4.703622716835566e-05,4.064075989660509e-05,2.981451680630361e-05,3.263106289609059e-05,2.0217852689406977e-05,1.2002601303782268e-05,7.3148402388655714e-06,25.092617462801137,20.79415603232189,21.160239852849056,22.315899099160504,23.53448532952777,18.860060697182075,16.812573957576845,16.36165111405559,19.842565560990714,18.16833792765557,18.494960437494115,19.914653691659925
OK,2017,2.28439486255639e-05,1.9752752783995167e-05,3.013777806935097e-05,7.625051992389724e-05,4.267046720460263e-05,2.947211686197221e-05,3.0182470500548658e-05,4.358141106841862e-05,2.1707240420220052e-05,2.7961874250980138e-05,5.391133184068162e-06,8.762784177742323e-06,0.003466065760825222,0.004461834497016743,0.005466902520327409,0.007939411846876026,0.009269389488741675,0.01338672763472468,0.015387890205764638,0.014703895474453287,0.011178601422296104,0.00724896147753211,0.005467568636156816,0.003213872084892933,1.391240233196647e-06,1.7587075871145596e-06,3.583469827974446e-06,1.6723415136413634e-05,9.524746298817641e-06,2.6881521180019017e-06,4.631808322905039e-06,4.158698828653607e-06,1.2078484639910053e-06,2.881503774596717e-06,3.5848844941897163e-07,7.978296361760506e-07,0.8508052575775845,0.7586811271908291,1.4218225050031892,1.1126531250382592,1.1468831268531872,2.464810675382143,1.9619768223349845,1.0267617409219336,1.7835933312919736,1.3487089681448365,0.7580232785152403,0.5335689827823504,278.3994939273659,283.6129896743553,286.9131219901043,289.69742888670896,293.19238751541775,298.78916698652176,301.3275748243199,298.4829154937962,296.4112490885503,290.13382852472597,284.9700055422624,277.97763704304606,49.253198110294555,49.63473258550062,45.50389575523816,57.52761685796581,37.20004573418388,47.7374422190168,42.238847958906796,52.80465694033262,37.38191551649694,31.155376965300025,48.27164046629926,49.11066515572203,9.675612028348489e-06,1.5186378701090786e-05,1.9887659774128863e-05,3.461087755609409e-05,4.8957740070866046e-05,4.5656769983891836e-05,4.173959274693646e-05,3.801823434565893e-05,2.3617533847831847e-05,2.4856692490920628e-05,1.039957573972547e-05,6.724603486003822e-06,22.564915623107076,21.28697030498043,19.288414074103926,24.674861169387366,23.429900088971618,19.02916182390261,17.356474075234747,20.516007577256378,15.221614750250193,21.430312244299923,17.53064920324314,17.280403995845244
OK,2018,6.847355245677855e-06,4.254055468181952e-05,2.255769262467651e-05,2.519640112661928e-05,2.6489388313024896e-05,2.0676522697688043e-05,1.8615751093818214e-05,3.82931806657617e-05,5.43772237757293e-05,5.825887132300323e-05,1.170683111816607e-05,3.159355327824507e-05,0.0024082715540578044,0.0035875459769489763,0.004712146849846664,0.0049333223478696155,0.011824185952705428,0.014107616347985371,0.014389623274149827,0.01401298956057994,0.013390509175604609,0.008382865825154445,0.004097590089722821,0.00372897233761821,6.399143353641414e-07,8.138176226463458e-06,5.0465910555263695e-06,4.288907090527827e-06,3.287864245229674e-06,2.560860698988332e-06,1.4444289366398148e-06,3.1731161850038624e-06,6.5465480984655646e-06,7.251051859286113e-06,2.0203479712006113e-06,5.408532276092347e-06,0.9811380529579335,0.5017594371760727,0.6030579798364157,0.18828511549517152,2.859723752127804,3.099183219296278,1.3888849211330498,2.2067548489912903,1.590443157118059,0.714651117851728,0.3461684401618167,0.5955882722636797,276.07801560525803,278.39084124307374,285.4732028890838,286.17966284290867,297.3882521838256,300.843499156424,301.7407543958205,300.0637232906983,296.3930375855884,288.951064185046,280.4202548704749,278.3813226169193,34.98563266212893,60.52824617301111,45.47524147923642,44.29088054629656,51.11981729671936,45.02538763733658,50.54844388633571,48.115017495481176,55.004414819577306,61.38468694321452,40.52670592081693,53.698111858274345,5.894210565164745e-06,8.40858124424245e-06,1.88953471194916e-05,2.657987967109854e-05,3.865855143131812e-05,3.211721995325303e-05,2.646487727173168e-05,3.418037786094716e-05,2.745846535233313e-05,2.1714773157333768e-05,1.3835921813489031e-05,9.524033082073231e-06,18.670522609971062,19.388149848055733,20.1571602797085,20.577137369789412,18.651934614445633,14.820401318441196,13.794838774916943,18.570016545141367,21.75843476029386,25.647876907402853,23.611647480645914,23.58150515618983
OK,2019,2.2286217770602898e-05,2.1124061769684196e-05,2.9064226008776755e-05,4.8277256295264124e-05,9.666114420335823e-05,4.269120516076872e-05,1.0015585870431406e-05,2.9193333861380402e-05,2.450810797651272e-05,4.592101049602176e-05,2.9444339214017543e-05,1.110182776724017e-05,0.003397573879796749,0.00379059697819504,0.00421153260519817,0.0070399393451946535,0.010936853221114972,0.013536593993096443,0.01441589245429674,0.01541346504569432,0.014579364882982488,0.006315799950264561,0.004289136192612249,0.0037641357742122512,6.833500867917388e-06,6.9418741625974865e-06,8.545857593065627e-06,9.620783582235418e-06,3.2301834283054175e-05,1.1599282815489212e-05,3.248277950154096e-06,3.6025705313441283e-06,2.9328775881929087e-06,5.9695666750554975e-06,5.623259247094428e-06,3.7877282713715395e-06,0.568421570792215,0.5394730282935071,0.22517960810611046,1.2770658252837366,2.0940473523796803,1.7391777773169055,2.180936092221686,2.1797112772355884,3.186627120837028,0.17089715403298397,0.596719898746475,0.8993951984021952,276.82985135534267,278.10186284169765,282.0835326129943,289.53496162952473,293.12923119689873,297.8287206382612,300.83779093534616,301.46313642508403,299.76781399151747,287.6317020107667,281.2142833694367,279.6001461639483,55.149202293990705,67.06699524639926,52.937843115837616,54.97323880229603,57.944482805555296,50.485622531399365,39.79735651799553,53.54723281434253,39.16707858872394,33.37018228596366,41.25159980903946,48.05568498435444,1.0054267357045002e-05,1.2005689952749585e-05,2.1880595955615048e-05,3.6255291861952755e-05,4.3226820170012264e-05,5.282370452200057e-05,4.1115552455590466e-05,3.1315154912815425e-05,2.8521992176262932e-05,2.103333777897148e-05,1.2834197814763103e-05,9.458741127878512e-06,26.063008846243058,24.22242810612559,24.14046568012097,23.326943624287082,26.51480191623152,22.88862742852657,15.568950951446492,16.234591858730187,17.62091491289949,20.408424957577047,23.0722541989688,21.901742473159512
OK,2020,3.6558339839201794e-05,2.2345875042314223e-05,5.0219017492472675e-05,3.251003861465022e-05,4.485733917152633e-05,1.1895414865891895e-05,2.7874743397671828e-05,1.5942956077528105e-05,4.000828121907976e-05,3.300746708060274e-05,1.3568541570768321e-05,2.6054512987459028e-05,0.00397955417925987,0.003628019317129891,0.006133341772130225,0.006425735489898323,0.009610338927042054,0.012452595225944638,0.016063441484546737,0.013589052293796307,0.011003301189806101,0.006362217424900513,0.005364140940280557,0.0035153073999632297,9.509888786941622e-06,1.0995122259557923e-05,1.4527694425365736e-05,1.2503600914783645e-05,1.2746791757310598e-05,4.912008410715512e-06,3.6803946411791723e-06,1.8534991975628486e-06,4.112122454546856e-06,3.2190451352288378e-06,1.1439654988052242e-06,2.197797429014974e-06,0.45177644270691963,0.6203713787607393,1.1299159582446703,0.6874391203800378,1.4214138326721313,3.1837953610601017,2.264014127021207,1.8126033568199045,0.6185054925099164,0.6696600589109946,1.5236737194616843,0.6995563165530522,279.0252074181118,278.90348962967937,286.45015558556884,287.9758272865107,293.3923945957773,299.9574894754338,301.5719200987739,300.0374910923398,294.7448538489672,288.0237175856158,285.23766468180963,278.43263875794014,50.28601979104258,58.16478938016522,69.10400197579271,52.2681892312312,51.10556636850361,41.3170143073868,47.462670412671365,30.80381164631905,35.989096259239716,35.21665047034349,30.98139708258378,36.93259845224045,1.0409421266186868e-05,1.4564224571607737e-05,2.3399541242735842e-05,3.286436894231872e-05,3.823730678664401e-05,3.775954372241296e-05,3.1201999790552846e-05,3.058175617330629e-05,2.900181034588801e-05,1.5524257279988596e-05,1.5544443972068784e-05,1.0494509140456701e-05,24.621441774748025,25.087265485620755,24.373891108897336,22.312231921564013,21.54920585294255,15.549389233447561,15.202570867904592,16.015346390070246,20.39279694315342,17.311102797426944,22.230853914522488,24.069785382863344
OK,2021,2.4253368046004158e-05,1.5214412626692238e-05,3.752404111083419e-05,4.0657370558724636e-05,7.03693036512214e-05,4.879878818427435e-05,2.401728367931468e-05,1.7762236651352147e-05,7.305908174671832e-06,3.63005106383755e-05,9.587246095575828e-06,1.4011840363859509e-05,0.0035056541949086955,0.0025649979589897672,0.005164394545298165,0.005874794667441606,0.010078512770387483,0.01416707651970525,0.015050982380834488,0.014921560549804033,0.010714185430361513,0.007872629605765062,0.004586241624823327,0.004367180468090069,4.821319513118356e-06,2.9957559683054813e-06,7.691050738214313e-06,9.638975451570009e-06,1.944106102474504e-05,1.5346518564125293e-05,6.167714716344597e-06,2.338606291736448e-06,1.2892084269246548e-06,4.148234291981836e-06,1.1396351443599944e-06,2.517448302053864e-06,0.8895127485262985,0.8441253349712237,1.4638652312437876,0.6916859210476232,2.0120513391193433,2.1599651022781496,1.6243848139701471,2.5843527591160553,2.074935377151291,0.9376035424923248,1.0068966519510185,1.85884693507458,277.6962551393866,273.1949734788241,285.69069040671104,287.7793294475603,292.19340562747357,298.8019701189926,300.12566021290206,300.7324509649338,298.55153447370486,291.69184515453804,284.122439020842,283.90604907921016,54.42056832326677,53.602102598951326,42.754592034240005,48.98232575444148,67.58700899382131,49.49467056866114,37.03388116935188,39.07958485016852,26.091092676603285,30.126593568885017,36.78333642834223,43.36407522418161,1.029635887346858e-05,9.465395813691815e-06,2.6346100045984885e-05,3.144160778093835e-05,3.41093029447088e-05,4.657996234717518e-05,4.8151361452943504e-05,3.378512074706775e-05,1.9231392151516446e-05,2.1337075031155655e-05,1.1774536579401426e-05,7.820275965011474e-06,24.972842193033102,24.098107747376197,24.487937655770043,21.485564690977075,24.02579332904626,21.957444457712057,19.91997501994079,15.72063239813307,12.408038341280209,19.542656751546073,19.410617556966503,17.295873171715677
OK,2022,7.005795267697763e-06,2.2228625127165542e-05,2.8527453561292927e-05,3.83043107232469e-05,6.381486386788816e-05,3.640170676818459e-05,1.1760073845500482e-05,1.7057777185262807e-05,6.752775335270752e-06,2.8200868929168833e-05,2.9754444540110133e-05,1.8298082456751923e-05,0.0024311228950281575,0.0026833373954271177,0.003919918048025142,0.005876303439981927,0.010431803489383263,0.01346901194601218,0.013449063704993538,0.013681964707312847,0.010359509896729428,0.006247850306648544,0.004862789095557367,0.0034275175148425208,1.3669261230726655e-06,2.508953499180243e-06,4.9563318343027045e-06,1.0557500535662804e-05,1.5916170401044974e-05,9.92149226422893e-06,1.893422687524059e-06,1.4734175065015338e-06,3.686784230726716e-07,7.368590064512045e-07,1.0263388415114827e-06,1.3066062293850887e-06,0.6722074549922973,0.5823934494698745,0.7296027174429018,1.5115729707655172,2.1826622270533624,2.330161930884461,2.035491769302302,1.758072366767568,1.4800844471985326,0.6212084402306857,0.7612326085172011,0.9144393213867056,275.9423280233803,277.09238326316444,283.8021440727231,289.9867093752266,294.986701359694,299.9011025700498,303.90709972452066,301.45883680438357,297.95191148514834,290.3321974600997,282.0303481529022,278.1039479692326,35.6933644813919,39.73978539351101,38.86766744001845,42.12141257084128,51.61862879843909,43.948708085568136,37.82348403850504,43.29029960391713,19.3539652329801,33.41890098570308,45.533320887088145,56.16995506585596,7.133750935997983e-06,1.1639390679743002e-05,1.924979747510281e-05,2.7445540946112884e-05,4.1495608552362163e-05,4.7747427998138004e-05,2.619474219894482e-05,2.7005295247556085e-05,5.7140681513191775e-06,4.981577954297899e-06,4.138795237408058e-06,2.668849960145129e-06,18.174674645778495,20.791788822955564,20.356272488073813,19.921850550293726,21.698033923430895,19.34144666608793,11.822314790763626,14.597541520188258,13.23487361108213,16.065237699006417,23.011014500611775,23.358143051447687
OK,2023,1.4569349865084719e-05,2.703434476023807e-05,3.5888555197658e-05,2.450637944715285e-05,4.1291988616744636e-05,3.629804193520591e-05,3.263926981599191e-05,1.5468976256029882e-05,3.0475422563001702e-05,4.0100520249059326e-05,1.543453418972924e-05,2.2716148502332566e-05,0.0036315744133573855,0.003605629167253784,0.004638659137027645,0.005483014543119055,0.010716784842560527,0.013844208069173596,0.014887900000052719,0.013695055579283357,0.011473146925220777,0.007489547550151646,0.005129791140997857,0.004208590149047259,6.627613891226241e-07,2.2992870927844143e-06,6.753606908910159e-06,2.7514086446139575e-06,2.5552082562409843e-06,3.316581070951954e-06,2.2314952287668543e-06,1.0976476418490629e-06,2.1724547073295632e-06,1.8676542599430491e-06,3.7694275170268356e-07,1.0284024439491481e-06,0.9736229985826852,1.0666239614157564,0.5023612965149065,1.1964244339183048,1.5350006147597108,1.2446223257219557,1.9513420435528006,1.0762611378670959,1.9780109533688484,0.7294232730637165,0.9578549370115053,0.9202925403413448,279.33161196623473,280.211590618168,283.844144052444,288.73297074413085,294.06260306554543,298.4138951656049,301.3613597261784,302.4772363097188,298.37943093074796,290.21255924802574,283.93652818233176,280.6006356723154,45.679782406038896,52.59650045993322,53.131552153644414,41.3020597299391,65.19743758068137,40.029101421434774,42.640882717026784,31.415658338853703,31.875260513213284,38.18650040941824,34.0664380563933,45.12235284533223,2.8779520484038885e-06,4.67465734383872e-06,5.71764208335311e-06,7.782178824514967e-06,1.1318321855136822e-05,1.4191614592256458e-05,1.2940561259828095e-05,8.71102437812763e-06,7.345657151952868e-06,6.627666946798664e-06,4.213408155082495e-06,3.255313222221833e-06,21.356970101382082,22.860430209040537,21.528539555649417,18.5047529076527,22.749402604166754,20.452973977663486,17.831229649873915,13.676824165138854,16.43055733236588,19.089418396359935,21.650726673610123,24.03159700104442
SC,2000,4.5278013754887206e-05,1.4569939499709523e-05,3.0252576148935484e-05,2.6963493750461513e-05,9.760024358425477e-06,4.185601290510344e-05,4.4913133036855825e-05,4.242887082010368e-05,5.41897046029568e-05,9.34798302275432e-07,3.665049055658191e-05,1.9585760574289963e-05,0.00403417204088753,0.004983728796453923,0.006616262547907762,0.0073433534711394985,0.010964260889536134,0.01411060972153566,0.015362523818309038,0.015332178826445832,0.01306760335060046,0.007752810361006151,0.00585461781608343,0.0032786667306123427,4.418166079745341e-06,3.2673035177400074e-06,4.989766264119823e-06,2.81506332590059e-06,1.570593596158619e-06,1.95958792152267e-06,1.956474034693434e-06,2.4341742388278572e-06,4.254688338646162e-06,5.666640848800945e-07,2.178204257973699e-06,1.3277679409476835e-06,0.8251594745722903,0.48705361556064153,0.321869505630246,1.1942510666191626,1.3697325695353422,1.4777696290389912,0.3324254038423532,0.23357077434672516,0.8815905961570454,1.285981304848306,0.6785597654077975,0.9690187708941116,279.4893831695915,282.7238879447963,287.4328878298162,288.88891485439075,296.1172807887315,298.46196569217943,299.3053928334642,298.5447576668846,295.21070155208497,290.0255424584988,284.50385944061804,276.935825452744,51.95665132960854,40.039065143268125,47.35001198776902,47.389620515586095,43.50228248726827,46.41923350263355,54.97915323051655,55.524426472954424,61.10140723722344,24.13820172789673,53.15555189324467,48.91626105188961,1.5222768624051526e-05,2.0860417648646695e-05,3.2553680091325356e-05,3.932738058682472e-05,4.0274965564955994e-05,4.1644320015877536e-05,4.322218448640343e-05,4.430728414959336e-05,3.668433853892709e-05,2.3741838508772977e-05,1.5552916835595138e-05,1.2633768197064909e-05,26.592783688473926,26.411457416006645,24.770283961317755,22.872387786681404,16.776355096801318,19.569287009725965,21.46948819319342,22.657447141436222,25.154693040769764,16.864025646315405,21.743736936711887,26.02201780596158
SC,2001,1.80992236168978e-05,1.8701588869943062e-05,6.23290131797264e-05,1.194756966201445e-05,2.5050555917493417e-05,5.58530906483216e-05,5.256839200928834e-05,2.7757413050923118e-05,3.0310940101264945e-05,7.627574890699315e-06,1.0318196656577782e-05,1.8572776372524152e-05,0.003759471865017462,0.005408945845759419,0.0051648694514763276,0.007509008355519891,0.010135342843328654,0.014810789596853533,0.015636742574069162,0.015757113404235096,0.011928174474959126,0.007136964072028357,0.0069012654912444455,0.005567028780294435,1.5711866457809202e-06,1.6111676786711205e-06,8.753733778879835e-06,1.8176216852222637e-06,1.7332527223200044e-06,2.6783362006509366e-06,3.5898506253075175e-06,1.4065562370862447e-06,1.3404745575464862e-06,7.676255982323175e-07,6.444162812134786e-07,1.0563867209003955e-06,1.048154480533688,0.28851609696336644,0.8721158299261875,1.2186186464121922,0.8615699170879285,0.8356783361817911,0.3904276903500439,0.8193099035641556,1.1614597281204997,0.33277821912787237,0.7206977059845547,0.511289528816233,279.5113151643324,284.1882941260421,284.6919112607843,290.8717136910538,294.7731046360117,297.65573595533374,298.561438181236,299.43047255543,294.73555259969385,289.4949582070339,288.4238501209933,284.4550090120301,52.717513461986655,66.07227223420162,56.17684887809576,50.993757075494614,44.42504173894308,66.36803449531199,64.00662260799412,50.527024069449745,56.03850289520209,27.850825523379697,42.14806951680024,47.97110233893005,1.3966944187023e-05,1.9739123312110338e-05,2.973126102457347e-05,4.165493663249898e-05,3.849193281490063e-05,4.8600346868937316e-05,4.828770117961718e-05,4.447065546389068e-05,3.324823985077879e-05,2.038893694038569e-05,9.669801198776623e-06,1.3166470733795335e-05,25.77910792865679,24.586848118542097,26.54230091241966,21.70113672207889,17.252034127960176,24.3925516964939,24.092547624445952,21.57746035395768,22.371576323128224,17.50921887151606,15.703470704069883,22.203740010740212
SC,2002,3.124617191237284e-05,2.0373206523831625e-05,4.8058230250647365e-05,1.6822102693675323e-05,3.3838829877236195e-05,4.165679193066921e-05,3.868827011098046e-05,5.5302495924625855e-05,4.68723374415677e-05,4.4570989089012647e-05,3.888112778935241e-05,3.6311150980213146e-05,0.004844411324900526,0.004091705426286357,0.006337169542096868,0.00877123754567764,0.010214331436736035,0.01368203863447975,0.015950148157098026,0.014532402590257516,0.0147049058371998,0.011407686383391695,0.006089849710866408,0.004342321677481325,2.1100491609702124e-06,1.3722044043278893e-06,4.694888768300556e-06,1.183326909665954e-06,1.7965787050704581e-06,2.081042431895847e-06,1.2789171998586788e-06,3.2763424371419275e-06,4.489733861102664e-06,4.153728329190762e-06,6.952832578474098e-06,7.655380566896873e-06,1.0157597004544032,0.8070163717887501,0.5665360710725337,0.5547182899829598,0.23816338160528122,0.6023150942729082,0.8480031130529145,0.5617689462170771,1.4329595417380736,0.9851665501808229,0.926627075802537,0.833302783735981,281.62763989080236,282.20574946071144,286.7762256382433,292.76250077687905,293.6963866985574,298.2835159421091,300.27898915983513,299.11068678885806,297.26390577931556,292.06840717274696,284.40130924723235,280.13843337482075,54.4827681302379,46.60260506530211,58.02407163136165,51.739300623753095,52.93378971486638,58.34217433052429,55.14242537250653,58.21590472162767,65.96232927663611,68.8829289615079,49.636820712282145,54.6748286872752,1.3331516081103191e-05,2.0554820169696186e-05,2.767878617109034e-05,4.045822000815724e-05,4.2398085586587686e-05,3.956730561452868e-05,4.774460749639764e-05,3.354597247778388e-05,3.6171712658036035e-05,2.5999468689326868e-05,1.937248556384776e-05,1.4384998195293836e-05,25.50989840151086,24.211132071179385,25.1733672456915,21.80572947423085,19.941703388490836,20.02563158268645,22.355480111256504,20.347398302307685,24.952668560992034,26.228012063701918,26.978709798629595,26.709270329415613
SC,2003,2.3321965035363394e-05,4.178467005465411e-05,6.295310766701116e-05,6.333943369294927e-05,4.671031835465551e-05,6.346753315869334e-05,6.856338830128228e-05,4.641065141601848e-05,2.878208513055445e-05,3.487176342015004e-05,2.0049605658665534e-05,2.6705047849563266e-05,0.0032399431299708053,0.004613555826596857,0.007533129556016442,0.008289861011525632,0.011815861460953135,0.014296699334772374,0.016635895603441465,0.017209304853388348,0.012347955063219434,0.009026174786864507,0.007330480920461388,0.003930648400882646,6.7418972714966465e-06,7.724235857233613e-06,2.1132431252106796e-05,2.3349996146659046e-05,1.3891682845985246e-05,1.1725542791795172e-05,1.1111031041982116e-05,8.622027946729359e-06,5.43453649526386e-06,6.632885799266835e-06,3.635550464347767e-06,4.205417036458298e-06,1.8592084717945385,0.8572226290685528,0.3982709823918067,0.44221028179713506,0.6836873117945738,1.1384723306109714,1.75034842569486,1.128159629849142,1.1420583435994662,0.5909619588142753,0.37307012824211244,0.8834578625988203,278.6031118935698,281.5351301286571,287.2327066545572,289.5080315291459,294.546565354685,297.4117982849478,298.82129530273096,299.0014765287457,295.3077985090465,290.52966431699446,287.92489197402386,279.52198538919095,42.490362892605,65.54106004015084,66.55020049337665,49.0519415423538,68.87935571325188,58.93945721705877,61.537040521854735,55.13868855331408,45.71682284268566,44.800573981203634,44.70653700554788,41.680353240831565,1.5859587271944726e-05,1.8995284924294916e-05,2.610582875005666e-05,3.8655858139101176e-05,4.516675853853611e-05,5.473968209170878e-05,5.4002030732474314e-05,4.9029634195319674e-05,4.103893000850111e-05,2.550658831406678e-05,2.0901475123413772e-05,1.496004428245568e-05,25.801704053461044,26.941964465196634,27.627968090566785,26.326140256292998,23.77904578939439,25.918415732280298,26.610356805303695,26.671180855938836,22.891260833691543,21.45890262498866,24.76653712147749,26.43692137898212
SC,2004,1.9759194360978533e-05,5.010069648647496e-05,1.0107993213901455e-05,2.060626450104158e-05,2.640508149253154e-05,5.0980797316894667e-05,4.536264816314679e-05,6.300827209494253e-05,5.992253501176448e-05,1.6700333605431707e-05,3.941902474880885e-05,2.3398207584779764e-05,0.003603137564664889,0.004189894414968731,0.005726560061319092,0.006674344477271313,0.012233356436192867,0.015133310250399691,0.016036894407398174,0.014925239409186511,0.013334819175665622,0.010640499342587309,0.006831271810247026,0.004147411663984456,3.909561201304745e-06,8.442192785033322e-06,4.155073794481209e-06,3.8019010409264604e-06,2.6374722426493753e-06,2.8463187042360705e-06,2.2919255184219787e-06,7.290897009414454e-06,8.415847082135025e-06,3.095113951068376e-06,5.370437575091692e-06,4.5327311800482655e-06,1.2976630113742829,1.292801381073499,0.7508037786712869,1.4008825852388431,1.7455853146652083,1.0312989147912324,0.6575177701751131,0.5483840017157696,2.041252130928498,0.2290750347505103,0.13859288345752768,1.1277191705404768,279.4049929051059,280.064009369922,287.26307723493846,290.49458126127377,296.516890785937,298.6649371228048,299.8002997958719,298.0060593266407,296.10777476755425,292.0792408090794,286.7864051709648,280.90831599884723,48.806379086060055,70.5172607580203,46.07109498447635,43.982579304952196,48.88646369513553,73.35502016590692,52.85185777478107,59.171769565312445,63.79477896886934,63.95479127126536,46.95802928858415,45.59962554322301,1.5749174458695914e-05,1.8155206493173954e-05,3.088933229379794e-05,3.9708837523405805e-05,4.3523779869554856e-05,4.34843636182203e-05,5.055876304632073e-05,4.3642854489826356e-05,3.951719849056799e-05,2.6475882107080627e-05,1.978913380544116e-05,1.615399690182199e-05,25.01755709700635,27.5479340033392,23.091396404792736,19.83989357032213,19.67932810238467,21.620577684199297,23.14437519978855,24.28585073695486,25.76448960649295,24.08502029882086,24.87266196778501,26.011382493932494
SC,2005,1.8798596221205367e-05,4.0071855959354776e-05,5.4320615461738656e-05,3.7996509608285624e-05,3.647952539937585e-05,6.44632008577693e-05,5.63335557184173e-05,4.653660299004356e-05,7.018515015737961e-06,4.3996965315439884e-05,3.173765550575729e-05,3.6566290736096665e-05,0.004426414005671499,0.004627359193382454,0.0049536284302422835,0.0063685615001608,0.009174187103090483,0.014690050526662661,0.017311118735649653,0.017038197285546553,0.012957319402651352,0.009264286895889862,0.005992865393019147,0.004099703274979825,3.3901106456811254e-06,5.747947487412835e-06,1.1002380020070356e-05,1.0968122348633461e-05,5.2678352205385555e-06,6.742042491335457e-06,5.557508818419882e-06,4.453388867262439e-06,2.010014228460881e-06,5.1340769432679746e-06,3.829769903457716e-06,4.694654401702544e-06,0.44401498917312815,0.7798469785441599,1.2706620662913124,1.2710710075002107,0.26538372695396073,0.8236136914654874,1.0031809692530498,0.5905670853537435,1.4983927226461196,1.1792592538409516,0.3500036507299685,0.8143884330860968,281.73925624187973,282.3045241981099,284.8421243030136,289.360498993221,293.0752313794488,297.6309261173753,300.2708704131431,299.7827447166653,298.29143197483097,291.5930601780066,286.78261592180485,280.12294397607144,59.34179666513101,64.40938098992163,52.2385449573855,47.94627059063463,50.284410997340935,60.419314544244564,66.22777351242641,62.94821609408295,41.388758610215966,41.8671090766962,45.85153626936773,47.0009431584444,1.5555852752093127e-05,1.955955150744492e-05,3.0131899063530743e-05,4.5568744214171505e-05,4.768866586917022e-05,4.926077083919651e-05,5.512307432381398e-05,4.9840761944104074e-05,3.562804718908123e-05,2.7286795681434683e-05,1.7944457168895774e-05,1.605466067038197e-05,25.476022791996236,26.736353723789982,26.851426805545305,24.876691143472442,21.700059530217896,25.35969237551405,25.12794681497774,25.946329950169982,16.74135689277673,22.691344947123653,19.948876447694175,27.20225468858751
SC,2006,3.2598222356566125e-05,3.632534700904205e-05,1.3323336918347355e-05,2.4812167937291266e-05,1.9904459021476385e-05,4.5483372952339935e-05,2.622160847850316e-05,6.432136969589153e-05,3.425571455013562e-05,2.7875084999080934e-05,3.6369079070361136e-05,3.133958714881513e-05,0.005186554366987659,0.004019297928450645,0.004728197134858758,0.007325533065877198,0.009187471073130388,0.012587382832736808,0.014589057009167626,0.016443055072708716,0.012330201723496133,0.007794569555486399,0.005897569091739107,0.005155235446791101,6.148151645460019e-06,6.757258950455379e-06,4.580899071000131e-06,3.823275988818182e-06,2.309229133405376e-06,2.990045942421755e-06,1.3735494989206255e-06,3.3380543089734028e-06,2.936523469809864e-06,1.3433931792836547e-06,3.4310244460959724e-06,4.17516198291578e-06,1.591663292099482,1.2967133955468775,0.939502380280843,1.1024059119050118,1.039525185981627,0.5597567759331559,0.9896063099596777,0.4290141010876979,0.4402713166947432,0.5135258634247399,0.8644995673727001,0.08951251321680366,283.7637415878353,281.4568608050496,285.80892449984543,292.2491458966913,294.15961983102113,298.16942729955053,300.32169036610975,299.9619591181934,295.5410270014265,289.77561065656033,285.4980768935083,283.8311746206611,54.29159143621208,55.66263654700116,46.78682575319987,44.99993031356851,41.71608441056131,44.587819394859025,46.44874923583942,58.999534990474686,47.59161162713749,44.05775237829507,46.26436718418668,46.922409152605795,1.7625923759308916e-05,2.0909612133310033e-05,3.044310063813143e-05,4.313983942778016e-05,4.257295713101084e-05,4.5640483953652e-05,4.0855163080091987e-05,4.3916552194106546e-05,4.0136422972028404e-05,2.43280229534124e-05,2.0266137647975726e-05,1.4822591450711413e-05,26.87606841596762,27.43612932997151,23.516848770792503,19.836036307341047,19.15233878688231,20.007103667798653,18.1542623560253,23.169007507652132,24.036894310809572,20.828964417640336,25.076236926415266,24.658822779390167
SC,2007,3.38622898329703e-05,2.5596913750693566e-05,2.095165747832717e-05,2.2230354159548977e-05,1.387667141662814e-05,5.2803017887355485e-05,3.9850414872861705e-05,3.077842363072546e-05,2.9669488461765115e-05,4.0007662493902177e-05,7.939460901634175e-06,4.470973187336111e-05,0.004543378587462098,0.0033126426618673996,0.005656232408898693,0.005713714033075006,0.008686801154548273,0.013459011698834861,0.013859130123064655,0.0157375408441267,0.012323361092872505,0.010331910597161554,0.00499525126882329,0.005457321572247304,5.3197365475708085e-06,4.699388362572429e-06,4.848084377991116e-06,2.8552734197010043e-06,1.450389475666616e-06,3.744707763755966e-06,1.4267049715164592e-06,1.2364507797221365e-06,1.802542389323345e-06,1.9756603716416557e-06,7.302697647020984e-07,4.098788370224543e-06,1.0367996255116918,1.1242746537823445,0.7026006512933983,1.4944854812852462,1.0859344608116237,0.6941024618547962,0.5208301175241739,0.7825197518404028,1.2970293847258538,1.0803823563765762,0.8326269285646685,0.44381813715349133,282.5252565321791,280.8153123196504,288.1423844327009,289.9201625980707,294.61025536830067,298.2779142091591,299.105602964051,301.8646675530296,297.550610697789,293.3922644733939,285.6210546272826,284.673406014829,63.04812976468111,45.11781771588145,49.23051349724438,47.7388457154354,39.96056257928217,49.091751852678755,62.07855656455612,47.735757972960016,38.081044992878624,49.370800809551326,33.71088917407262,57.50714728341176,1.7531796372994122e-05,2.175573065293206e-05,3.1782034354708594e-05,3.955003835203393e-05,3.515565794319631e-05,4.829299145138703e-05,4.193779852288638e-05,3.614178465653081e-05,3.446431598649482e-05,2.432637493551572e-05,1.8296564792716873e-05,1.315479935706154e-05,27.02595446021813,25.909216064296757,22.395833745335633,19.31151527551813,16.5704645948428,21.146433371073083,20.388001176720465,18.956535164355685,20.93038734486389,22.020021865884388,19.649762511580867,22.820096364374464
SC,2008,2.946313388211546e-05,3.989639057292768e-05,3.080805235714772e-05,3.514433784594025e-05,2.4028235402497023e-05,2.045652591781756e-05,4.369330397446233e-05,5.26675714755417e-05,5.7099399011688805e-05,3.552093846803335e-05,4.423500209591429e-05,2.1690255228127956e-05,0.0037977537216781552,0.004802534559904316,0.005221723463645152,0.0074319327773237345,0.00939030142755276,0.013246477856489563,0.01464656968200822,0.014915590859123683,0.013144625300859369,0.007751476158839103,0.005028826277590441,0.005693626891798285,2.394954579135559e-06,4.675769778753131e-06,5.340456794067137e-06,4.638420216200331e-06,2.514514364112246e-06,1.131019137167667e-06,1.753189126064263e-06,2.5035932961282673e-06,7.008075905464592e-06,3.29672513235219e-06,4.492985836121428e-06,3.197837518837317e-06,0.7931365615914729,1.6964089705772911,1.051885538962784,0.20936383770036698,1.5102045468846947,1.5450016056600184,0.7554089078946723,0.7669629221863917,1.3141146027964783,1.096489695439357,0.8709173943681698,1.0970908455114239,280.1454812800734,284.1977122079537,286.4403919423119,290.0697414330148,294.5012148921168,300.02680873169385,299.536485999803,299.21546404663724,296.26321039731494,289.4911983194515,283.63401758700985,284.37593424777566,53.28572877313121,50.403401070546984,44.49179736740141,54.67194024586461,47.14864068130094,39.12974585627287,51.409525014780755,59.065619040108785,55.713579527693426,36.17430790964406,36.15929580120912,56.24858579527194,1.5730858518399255e-05,2.4003617379446672e-05,3.320231145012483e-05,3.926815479424313e-05,4.65873211366862e-05,3.88060128586893e-05,4.3890012114511476e-05,4.139222370211239e-05,4.0535603565015056e-05,3.0182942158512706e-05,1.8626039038476777e-05,1.4710772049826264e-05,26.912921866212756,26.644388784758657,25.083620554379284,22.86501157042342,19.216564966441517,16.601265738284948,21.18096101505174,22.76507563034783,25.11463641724665,24.545752140090087,24.265811902105554,26.589125677435952
SC,2009,1.9366522509028168e-05,2.2235148121500853e-05,4.841357356732068e-05,4.220614626351426e-05,5.2728683903329185e-05,3.0184914415588257e-05,4.2230886544663806e-05,4.3760001468564e-05,2.3712785477863283e-05,3.8425246878453945e-05,4.2109180558326516e-05,7.010325168100427e-05,0.003904554015053694,0.003609147009744453,0.005742344457855723,0.007223816891206885,0.011739970197008473,0.014524896265788274,0.014004280304456744,0.01558464829632312,0.0124396525006562,0.009167021211818189,0.006781187151653982,0.004409487514053708,2.941064007873952e-06,2.4950029081950016e-06,8.378061260333669e-06,8.559092236177284e-06,5.37630463153254e-06,2.947009165802704e-06,2.3290783290117898e-06,2.4619700812819126e-06,1.332245893470849e-06,3.2042028078324787e-06,5.826748327139502e-06,1.7697273124684683e-05,1.3389218774119847,1.3218223805805367,0.3341907253940126,1.566911328252593,0.7643476056794467,0.49919606034708075,1.2479683148565877,0.8353254761315493,1.224932058276711,0.4208618143211396,1.2399534340526,0.7294219616763872,280.5635721197435,282.02438740397395,285.6662971616282,290.3924287111211,294.95562969606385,299.56626831712,299.3828322760071,299.5248884545371,296.622004538585,290.4787057156009,286.3102081720571,280.8341000873667,50.53740693764328,45.27976916325189,53.785267892155055,45.95531340820274,69.21898617877473,56.989806341898564,57.743887022135354,55.816189048178956,65.58337800889771,63.36779876975803,55.10402657633223,68.99128639326834,1.5463910074896148e-05,2.1921740782088024e-05,2.8358587988945783e-05,4.5149758440021e-05,4.64826285136175e-05,5.6053424318359895e-05,4.76745755938929e-05,4.334664059450178e-05,3.332789219183164e-05,2.4062951213671124e-05,1.8433146179364804e-05,1.5047328719036322e-05,25.902195314561574,23.537494942070744,25.71034142647925,24.54166418878319,23.749929921727993,22.423422600172085,20.64366662676728,22.481963578539926,21.043194076636368,23.8553552610838,25.048205355617547,27.834917700604453
SC,2010,4.4499178694904884e-05,3.5872543043820765e-05,2.9937127588156398e-05,1.1903028885755264e-05,3.208051621708486e-05,2.92832370438948e-05,4.097981852067067e-05,5.471593862278179e-05,4.899588146469319e-05,9.87504011756004e-06,1.4882817534624303e-05,2.0204556939463804e-05,0.0033525819376006454,0.003504680085859351,0.005129141124818766,0.006969821261614585,0.011930348184306555,0.01563888232244341,0.016036366853815515,0.01736709375833786,0.012499380510557363,0.007952370379806433,0.005561094047145662,0.002883527280477779,1.3578419595315456e-05,2.1046047122476512e-05,1.0321948733522717e-05,5.690981436433382e-06,4.062088459517119e-06,2.359783875498091e-06,2.230778380769338e-06,3.610079258224793e-06,5.563837425289801e-06,8.247473009640787e-07,9.786016261878702e-07,1.063325475988815e-06,1.1409384348528464,1.4476232578053367,0.9114645696783269,1.4602703235194434,0.8286389729359976,1.4456176853477956,1.0806464290554383,0.8223747499789819,0.29713364823887917,0.8811846548905173,0.34541282614222885,1.5615959449047727,278.0602468870141,278.45332106605775,284.7796152531779,291.97595290129107,296.36915125707276,300.90667076707854,301.1659887806598,300.535677340924,298.3241355626371,291.54065236473076,285.6151279524417,276.97187291297286,44.65043217480853,49.67971462154167,49.07571003593921,32.17394144554337,55.15480117645012,49.7734018179026,49.766728296412964,59.69968158527861,38.51720425100527,26.37445500349737,36.44522377859468,43.60222228467353,1.4917924679502511e-05,1.8335107174408935e-05,2.9041443296466936e-05,4.215315155078339e-05,4.03574037930873e-05,4.507510390506492e-05,4.589006586590359e-05,4.641470921925234e-05,3.110356032538017e-05,3.011338376440755e-05,1.6713257884137256e-05,1.2396671862037794e-05,27.070608771653397,27.749569308415747,26.13972768279684,18.786023120985803,19.47200500414076,18.9220238364251,20.25833636894641,24.389433511057877,17.320912374860473,19.901567538442706,20.08114267992034,23.562279679991068
SC,2011,2.2182138749734347e-05,3.305595737573842e-05,4.655747256866371e-05,2.334917935082392e-05,2.0696163323334203e-05,1.9246109100975048e-05,3.4874720359162584e-05,3.3570356864741587e-05,3.700064479373807e-05,2.996458127178268e-05,2.2849899900980737e-05,1.9123364853160836e-05,0.0034716614590827037,0.0045792409444233425,0.005761246480091942,0.008207421160367157,0.010712856746797188,0.013715161360645434,0.01592785449350487,0.015312502365641243,0.012652208966744368,0.007473406420019851,0.006281628797032287,0.005397822182726162,1.122717368560876e-06,3.0196389174506193e-06,5.6895911124338914e-06,2.2881974844617657e-06,1.3037470606746634e-06,7.659480791708619e-07,8.723078427988581e-07,9.194563604061083e-07,9.593231976431365e-07,1.3932674521737669e-06,1.2072390918001493e-06,1.3413648732751484e-06,1.0201801026450539,0.8734106487019394,0.0592196537127677,1.9825951312504038,1.2030797523133319,1.0174246858944576,1.1691258479978384,0.11603084899706764,0.5260474029789857,0.6582506196619928,0.22636851889210396,0.3250762054887842,278.3083537977093,283.7381008299719,286.94064635819507,292.5021315770053,295.59842456591133,300.7012526473591,301.4010692762456,300.6019505298496,296.6308293326148,289.55807258657455,286.50688418300706,284.01176846308107,49.57114923485562,49.094464463518946,53.668315664320254,46.27847588692138,51.91797490874575,46.17687244232605,56.555621784682394,48.921615455263534,58.88627498324207,31.127265040031983,43.42220311373784,49.76927617343145,1.309275011245823e-05,2.2346311904659174e-05,2.9571656424518615e-05,4.5784147823758375e-05,4.0577188561271524e-05,3.6978875424598864e-05,3.987708977562738e-05,4.0786164461236485e-05,2.6452794152783357e-05,2.8622348644309764e-05,1.7383730799021046e-05,1.3932406828834035e-05,26.31738408685792,25.322664371935954,23.358351494483728,22.56212810530558,18.546603420646672,16.355038444451814,19.344048967426087,20.007903699770193,20.182760340537534,22.3739253395669,21.876296477909932,23.515823382705246
SC,2012,1.9658122826068053e-05,2.6264264171705227e-05,3.9334383036501984e-05,2.5335927543968123e-05,4.512355327976654e-05,3.281536720966333e-05,4.8536789859288724e-05,6.722415591935832e-05,2.4552218328705614e-05,1.8145662917845235e-05,1.454580302335463e-05,4.164033137248665e-05,0.004511005148795129,0.005021779547658214,0.007919822478794244,0.00788842841634626,0.012000303993985028,0.012116260376158011,0.01616126863773961,0.015897996165256643,0.01284277938492713,0.008601689464535179,0.0048203535847581806,0.0057838433921560805,1.3166324624733248e-06,1.6470369265162238e-06,3.930338117563527e-06,1.2579185915150302e-06,2.5820805696543752e-06,1.3223147068688974e-06,1.8363439635162429e-06,4.612348074122766e-06,1.402880573827878e-06,9.88553175107072e-07,6.5457195401401e-07,3.24538962057736e-06,1.6433248766856976,0.5191016982117485,1.0113115011144065,0.8352480686681929,0.7008862520579937,0.4244263684271299,1.5217345820755481,0.7404239601828632,0.41536612405529416,0.5825495183957426,1.1566216355693852,0.9972147067895768,282.85083614848173,284.1292748378049,290.69926598597414,291.5260620886014,296.0165240565885,297.6505522599262,301.36540069813924,298.4705456057595,296.1376306818301,290.90703029982,283.7823970825881,284.1355918881661,45.837220564372345,65.09432905384608,50.184574303599746,45.88092889821303,52.9750717113273,51.224299262330774,57.98382713733472,64.77642461083222,52.96123436742617,49.326518734828205,40.67526276062321,65.30532352810465,1.5891087025632534e-05,1.8870998109344077e-05,3.334738270862735e-05,3.9638396206809056e-05,4.567694769211827e-05,4.820780397359178e-05,4.597964426318716e-05,4.465046039764513e-05,3.92899071398899e-05,2.5325521476153826e-05,1.4559075777808001e-05,1.3770592589683741e-05,23.998507980515214,23.968980378273848,24.63880254693535,21.254736503725546,21.64722219244666,21.17163099784669,20.38357622140021,25.887628223311417,22.66886655999233,21.06939410689656,19.58574894426452,24.373156131819897
SC,2013,2.531596424235658e-05,6.851743275884821e-05,2.5420208559161224e-05,4.813624993667938e-05,2.8249508608148202e-05,7.709142675936312e-05,8.159013024691888e-05,5.722516780104278e-05,1.5186875107842673e-05,1.122468733925107e-05,2.917282667123532e-05,4.6760109094503084e-05,0.005346042592598064,0.004263736906077474,0.003884596796623889,0.007904736210158018,0.009692520995823097,0.015268374920449272,0.016938413354291866,0.01567872465084664,0.012380702627216654,0.009241890282068257,0.0051211279887323205,0.005584429706173706,5.0500611442697264e-06,9.176980703073043e-06,4.463264453762957e-06,4.647939465859394e-06,4.149937161204807e-06,6.237199196875437e-06,1.1194890984057697e-05,8.970849639131776e-06,4.3138549609623815e-06,2.4824310000841493e-06,2.8217793803250167e-06,5.876108740550345e-06,0.5666250277663553,0.8814270080994002,1.5370442294360724,0.664853184912539,0.5769967177456096,1.2932429261683922,1.2323778078398118,0.17538104084828016,0.834432135083804,0.6208425818172512,1.3467113512173114,0.5995136675339681,283.8281842963639,281.5025736743224,283.03922879926404,290.38168959224083,293.8640562970154,298.40301733405295,298.97247281241664,298.2392638298398,296.31166474428426,291.40521290556507,284.5268105120545,283.7916519255948,61.37432757768458,52.911304007760386,44.241527638065755,59.70301902868418,54.838651132133144,63.908668370559255,72.80632618981778,67.77629614779721,47.674945252701505,51.71256212673245,49.10750693168122,65.51216592463489,1.5367574398860714e-05,2.02424146374988e-05,3.0371662520999983e-05,4.1526445239049854e-05,4.978522670378705e-05,5.311297154878676e-05,5.151159882642825e-05,4.9482854992244746e-05,3.9242548648344985e-05,2.273142562331193e-05,1.6287537079842607e-05,1.4634387965784382e-05,25.016196073711217,27.1052255387444,25.020729332817893,25.773408269614688,22.780135084944398,25.385002270725185,27.926263035627464,26.31405482836822,19.390220791688925,19.084355057857156,20.440102406420326,26.86726579447005
SC,2014,2.8867094910878906e-05,3.5812539821267455e-05,4.614171257354675e-05,4.928048973169361e-05,2.8109806664757135e-05,2.4033363153155532e-05,3.582329262862197e-05,3.977066972305967e-05,5.65040578021212e-05,1.7953593930669683e-05,3.923351173924354e-05,3.7320460749878594e-05,0.0029681356243133673,0.004670461401715726,0.004660161234714027,0.0072449590797651,0.010293975165218312,0.01421576518278583,0.014795845548295562,0.014838615689399768,0.01421468380914541,0.009049080174072658,0.0048114495803967825,0.005445820319699916,5.867068037815786e-06,6.406177614688432e-06,9.026347568311656e-06,1.1214252229514135e-05,5.751208283990002e-06,3.184151343946144e-06,2.5004035354888753e-06,3.732642286832754e-06,3.3027261830904288e-06,2.044454920555514e-06,3.5532306625950116e-06,4.7841129568406654e-06,1.3844560622350186,0.4465510593955476,0.7763774746247154,0.6203747667058177,1.443477456920682,0.7502075719969024,0.5335757715075491,0.4239058184942684,1.0647873379940562,0.8806102122998495,0.8659045803363021,0.7291279342790994,277.9949472008511,282.37738243090473,283.95753616226324,291.2305720074321,295.9041035853078,299.2016137101561,299.56757453842505,299.1936131778847,296.65610679478596,291.89111836924985,283.47695279785773,282.8311051893513,48.46084735079089,64.28179479447255,55.451337587784636,56.170468502244496,50.03053859001424,59.73451618376979,63.365532445054804,61.87828808613129,75.85100549331776,33.76571077372535,45.818266338026326,57.68839439495266,1.511544823591432e-05,1.965691152805074e-05,2.856829678970475e-05,4.568417886703373e-05,5.0982113425133104e-05,4.648117772010109e-05,4.261488278846677e-05,4.262292313868887e-05,3.175369123355911e-05,3.128117916123512e-05,1.7130957753673516e-05,1.3097777297994348e-05,26.85888751479763,27.332971185267336,26.97445990718346,25.07223449314029,19.772819078212375,19.186222472898812,20.489044380877893,21.643565220020573,24.070203349263913,22.04574257899128,22.405506617025765,26.02819500736479
SC,2015,3.103409991703839e-05,4.4040687119474435e-05,2.4950754372137955e-05,4.443928025481916e-05,8.580825088269953e-06,3.170334160302998e-05,2.212010912713966e-05,4.865020795494138e-05,4.0661392033912605e-05,9.908000085804852e-05,5.8741283813993146e-05,6.251701544117313e-05,0.0038080187654774772,0.003131126871389616,0.00625719132381973,0.008751645714649543,0.010686181879685,0.014710042942052972,0.015368882758283003,0.014990316424980618,0.013594829242685947,0.009405781708800702,0.007667791463252568,0.008328661876577957,4.765735177321633e-06,7.480416036714173e-06,5.310490006996011e-06,6.650452406889837e-06,3.6221319132191745e-06,2.5535946224749875e-06,1.6258451594168774e-06,3.617425240753285e-06,2.036812848008724e-06,2.9081487372863284e-05,1.684807792228972e-05,2.133532448825648e-05,1.043563621935321,0.783992641865616,0.08870359879435151,0.48233236999383744,0.5169391607319138,1.4898553536700956,1.0850485340127844,0.42201063421640866,1.1970633591014157,1.4101637341680306,1.064884330954364,0.8483829168063194,280.20812979569644,278.5495948401056,287.0748083649473,291.9413924568536,295.7108678494368,300.151281087676,301.16688411294916,299.50864093701745,296.87216494182456,290.77899270984034,287.9357407566373,288.1860401829548,51.54182131267486,54.87307152299861,67.98877978888557,72.17094248213749,53.787029440058944,55.91607887083489,61.58458765827892,61.072884229640714,68.51716613168841,49.40753440176161,62.21285227172905,65.52524622032371,1.609248637590571e-05,1.9111497139195855e-05,2.7273221681322727e-05,4.027486659507946e-05,4.474178794110046e-05,4.8614682535071355e-05,3.810529479227646e-05,3.693820574625303e-05,3.06000727023618e-05,2.9646051094734726e-05,1.9398868920521418e-05,1.3641918007721601e-05,27.478511358458665,27.368182685525124,26.822820406560904,25.511885985208714,18.4663136688142,19.5765634927499,17.440487172025325,20.899740276143312,21.941579474113777,25.901919327413115,27.253893514416507,27.29416138709688
SC,2016,2.745844565032389e-05,4.909741933515616e-05,2.4898692383354238e-05,2.722668138998632e-05,5.1748716021714244e-05,3.726603264332637e-05,2.6325201230527883e-05,3.8117288651758496e-05,5.4669167400871764e-05,4.6863222216773996e-05,9.592222571926442e-06,4.112572794090458e-05,0.003810317976651507,0.004406160600569192,0.007007340165571077,0.006767340003127919,0.010481048402169508,0.014360395687025067,0.016329602530164713,0.016915446026024638,0.014702403479752178,0.009372249106658034,0.0056371125354243426,0.005078699882381146,2.0015519790579808e-05,2.3359136105552445e-05,1.3488954602237862e-05,9.181961092624787e-06,6.45082360300186e-06,5.867542782878354e-06,2.38311058675803e-06,1.9384520096417994e-06,5.597022494539462e-06,1.3588569560934766e-05,1.7879525450177396e-06,4.075891808954291e-06,0.9634717788294829,1.1542168624350435,1.1534874433454811,0.5724176983888601,0.5615586374266454,0.7210005894104191,2.0662069969995542,0.9804915871500683,0.5392350803627385,1.125932647002198,0.299359689758592,0.6354149094340059,279.6766567158015,282.34345740917877,289.4420470794042,291.1894174121604,294.8183238244456,299.82709176474117,301.9984357073025,300.83603031554185,298.14084304502944,292.58891661724704,286.6181833124524,283.1181520880554,54.93613553004894,47.02639404922742,54.27054447143229,49.34325550574511,55.30783945365677,53.97662919641043,46.855035623723595,56.12718597255481,49.45766789642052,33.1818157667337,42.19762625572595,60.26409027779965,1.5924579813094308e-05,2.122017601707817e-05,3.1675715727178016e-05,4.5346594114696603e-05,4.623432870504495e-05,5.504880927656431e-05,4.856113943789812e-05,4.372257195072483e-05,3.914637271613676e-05,2.9902533248809634e-05,1.575030497051086e-05,1.4631881136049859e-05,27.55830781923307,27.25945381237362,23.874373891842424,22.595917917372827,22.150319671112054,21.132561700840924,19.022744696698595,21.129851272284498,23.016669591818065,20.836410205447034,16.84295810479492,26.06608191855417
SC,2017,4.732771359682057e-05,1.3358552570868187e-05,2.1764196574971643e-05,5.4017794956453964e-05,4.966837101928125e-05,5.011968794469185e-05,5.35646903768479e-05,4.989971016449259e-05,4.714594212990994e-05,2.3255344539961553e-05,1.1301606824770553e-05,3.570580896746872e-05,0.005648731124017023,0.005515927201238376,0.005043915760831974,0.009370078346672228,0.010840257232096943,0.014220315759994122,0.016672055968650144,0.01618251747452365,0.013215486100317614,0.009844326432970306,0.006257195788132396,0.004852859513369784,7.663806549581535e-06,2.9864771393549118e-06,2.410099284636842e-06,7.2029601113867935e-06,5.412719605860895e-06,2.8813685590935646e-06,4.284882356055839e-06,4.219820540470346e-06,8.481596726519869e-06,3.045495372682086e-06,1.5770004765038808e-06,3.583892873911771e-06,1.302939874319995,1.0759357784403836,0.5707750564802309,1.3310314372583192,1.8945749916472805,1.0440570299419247,1.3947381109735326,0.4125677041423953,0.8050592938833618,0.5775340581425186,0.8412782515039207,0.655959049710473,284.61542719277446,286.888654809994,286.9529228733667,293.02472557119125,295.7055975202993,298.446607673844,300.3863272472271,299.5546123624481,296.9404755473883,292.41792870081713,285.9070473660037,282.35295063058703,59.652647656002344,47.630957163565895,48.728587727764015,50.62053444606393,52.49033550841601,70.77128302517791,55.03478770168777,66.42125007944571,40.00372464628337,39.36977902971106,46.3712581691745,62.35426235167336,1.6611033768641553e-05,2.425193569320039e-05,3.1993921714336125e-05,4.235272756125082e-05,5.306722353034022e-05,5.1798875595581664e-05,5.7587721579309524e-05,4.5539330368313054e-05,4.504944100187874e-05,2.7092997306091213e-05,1.6972061946648826e-05,1.489145328406132e-05,27.145821884749378,23.994625544459662,22.173036435998675,22.852447851742504,22.32970190703595,23.47825627584564,24.559399929176298,23.332656393804783,23.134682478698032,20.45487158965789,21.066239947016154,25.091948399943444
SC,2018,2.8326024118737192e-05,3.329424527620317e-05,3.3544928952945975e-05,4.611158078184688e-05,6.578914580999573e-05,3.117298102732496e-05,6.12389351889629e-05,4.4127978257344135e-05,6.314809124491616e-05,2.9929638110919276e-05,5.292531903248909e-05,8.179684114182582e-05,0.0031877279037618124,0.007383747575974176,0.004570116086373175,0.00659257929799239,0.01278469359296944,0.015957205814224804,0.01654383500983817,0.016640854865215337,0.016542615538170553,0.010350046377019017,0.00646435283427314,0.00567594322961867,3.5036572236869255e-06,6.10367482055777e-06,5.551979572980386e-06,7.062478703885177e-06,7.716833182780834e-06,4.373353862537075e-06,5.146029009817508e-06,5.552706919471316e-06,1.0474067396264003e-05,4.633134488345175e-06,8.653399351696352e-06,2.5038288391548218e-05,0.6586179417316735,1.0139024626054922,1.3399075977691979,0.9883099867907658,1.545833599363727,0.9852046614610626,0.6161809271924797,1.2948340328839842,0.8199833087695765,0.3418823342400657,0.5169197754500031,0.2568181581278294,278.6180594758958,287.60455051032443,285.1175866187086,289.86647867108945,296.7813828304518,299.9818615854473,300.0051632680154,299.849759567134,299.53156043841943,292.9210392964864,284.87070116507203,282.8686486453213,42.99283906940272,65.66323858303781,52.777810160663876,49.16165277459219,68.41796947975452,58.75436718659676,64.65924508355249,55.870499617367116,58.89655939242265,48.52180093319986,62.194733432331226,64.75117903585213,1.3468314502011741e-05,1.9076637618808665e-05,3.167469864947656e-05,4.3926884053056617e-05,4.490099400856042e-05,5.809856033504009e-05,5.176250237746936e-05,5.228625410782699e-05,3.90380506807011e-05,3.153512502703428e-05,1.9165476462689402e-05,1.3585204451410056e-05,25.808452854497336,26.884378875317203,25.39561421889955,23.762577741170595,22.87726907420483,22.705062422618514,23.829911589232484,24.182625621231423,21.35736707660658,23.530294681567835,26.980126054043915,28.36523552868038
SC,2019,4.0397248597429615e-05,2.640284038205538e-05,2.102134523237293e-05,3.6298945075290254e-05,1.8390199065692683e-05,5.35404370672361e-05,4.349502845538693e-05,4.525267182641514e-05,2.284292236383714e-05,4.2020966114854046e-05,3.14222772775887e-05,6.552121503843137e-05,0.004670495290814745,0.005774515290334549,0.005255560196052358,0.0081503595165659,0.012126114389419894,0.014021406404742072,0.015776331386321094,0.015857578023332045,0.01387996364087523,0.010804413228034828,0.0053600083659967775,0.005455264753542756,2.7103044581226827e-05,1.5127470768444087e-05,1.3648040273465886e-05,9.03185280581652e-06,4.852521221723477e-06,4.41630817143619e-06,3.249395353366297e-06,2.1153624293050666e-06,6.000682058516107e-06,3.183994778312163e-06,2.9874885695169337e-06,1.361111370958379e-05,0.7775542533988741,0.22721349767482663,0.32298277997401964,1.3824342326672971,1.3649007629030048,0.835121869103204,0.8397817472616611,0.4344492226596061,1.0166306927814484,0.6612679536264101,0.8875303026763599,0.433666647974571,281.86869935261313,285.22941483366895,286.163036643982,291.7081488179153,297.979005031026,298.7060478524924,300.67976279560924,299.90499457155295,299.22719317736704,294.07853554366835,284.1500545736551,284.1122456985028,55.13302556460482,72.04603700152279,62.91854842647643,57.58909643430851,48.02997489131082,66.69656830061847,62.91501486195521,55.565240220502396,33.600813367687984,57.702158982475204,48.81756885074601,59.29765199675976,1.6668551573695453e-05,1.9208367917006285e-05,2.926488057307727e-05,4.254957708499096e-05,4.377983411864407e-05,5.024961883350551e-05,5.3468684438396405e-05,4.591158024993085e-05,3.28982274967516e-05,2.1894529315611616e-05,2.059679919562217e-05,1.595906053834857e-05,27.502360570890104,26.34781221755907,24.294821514273092,23.881219246115187,17.98061107873539,22.166307855077978,22.052541099644174,22.501182328147248,17.41528427613809,20.055476258998603,25.886519683874653,26.51607970918846
SC,2020,3.5571607655030286e-05,7.293438534662911e-05,4.477159133937128e-05,4.755024344556817e-05,5.023862859380192e-05,3.7084915796306396e-05,3.8194067208800544e-05,7.935538687238134e-05,5.961138088702368e-05,2.705763998199732e-05,4.251462961932241e-05,3.2839265670338005e-05,0.005118274085210037,0.005537483753333175,0.007785564987673494,0.007309354253494911,0.009934486720314599,0.01404425902231203,0.01665707938291821,0.01726750674484404,0.013459255419480218,0.010979102413507181,0.0075657010628121454,0.004604082080910956,7.830356817238923e-06,2.6734170280478423e-05,2.0253704414426434e-05,1.452175910293358e-05,1.0512382745315168e-05,7.375146845595573e-06,4.767783298509512e-06,1.0064096319648416e-05,1.0287132020549725e-05,5.651817625876198e-06,1.200350904530503e-05,7.735333545420406e-06,0.6395367411228585,1.1786119779846966,0.8561314883105368,1.3694216767459708,0.09625400293051202,0.8838583785910414,0.7767329787190256,0.9056733949465997,1.3238782740627875,0.7687414249248152,0.757005439939815,0.7841191342817602,283.8914079289375,284.2064839205602,289.42889712202737,290.9598674458931,294.02093892822825,298.0360852888494,300.92831754466044,299.7054410492391,296.35588803543186,293.1111266815327,288.6813288858868,281.24862981517595,58.21545563680791,66.49224417944262,72.35428731357104,45.305530439744246,55.54679682842074,65.41813455731334,52.71449275657106,67.11684127914815,62.80701669525569,50.50955644306773,43.825602974352144,49.044241429518195,1.718124786001838e-05,2.0847035896237072e-05,2.8530385445940098e-05,4.710449072133709e-05,4.7438085447618804e-05,5.3289625259857484e-05,5.321509155586632e-05,4.7945283510124525e-05,4.166930874500054e-05,3.0611696866686395e-05,2.0894299809840498e-05,1.6251347311295738e-05,27.37887742182513,28.154825322740315,26.60139314324937,23.727012398638376,22.93718082386176,23.227724425565967,21.868242324810783,26.60171109557592,25.442778910635255,24.735286143210978,24.612350799621403,26.99426944012287
SC,2021,4.348746480837603e-05,6.589782909531303e-05,3.6279141070482596e-05,2.2293236431927504e-05,1.5445811054740562e-05,6.580758881228382e-05,6.0020349643415056e-05,6.372173507804091e-05,3.593467434019111e-05,3.349650617255363e-05,1.4107518437297699e-05,2.6417435739023905e-05,0.004621498915132821,0.004929426659305797,0.006073310177166396,0.006546255868986376,0.009302216975192406,0.014736113480331629,0.016185860451951573,0.016905849527461343,0.012845043913132828,0.010399797451785419,0.004851860121671921,0.006633160936461171,1.4264178428049863e-05,2.8213071091219634e-05,2.2977355678329454e-05,1.2484666801609106e-05,5.859354296578006e-06,6.250079135499689e-06,6.086736740721632e-06,8.619673372010739e-06,4.6055921612761245e-06,4.817293471246419e-06,3.012548989657223e-06,2.8533646745954278e-06,0.9789572838940432,0.5189649657275724,0.31987240679936085,1.3179663524346168,0.5352055581008687,0.8925401446220032,1.254636585584238,0.8199263777362383,0.14087797262903548,0.2925108411806101,0.8461670348433761,1.0120055181454835,281.4934931148305,281.9873848892761,287.7678460630178,290.7288695573604,294.59003050229796,298.21415399136464,299.5857792407105,299.68874751626345,296.563972408548,292.88402802214875,284.4095674728775,286.1970262542951,53.800866689233416,63.249689893065565,62.40748786275626,43.3850622749224,56.08156830307522,69.2445185008626,64.47593923106609,62.58318600237918,48.84944994664861,51.84911429079078,36.731448641711786,57.947608613614044,1.6008980660420385e-05,1.8487492367141786e-05,2.9441564456504315e-05,4.465391606919501e-05,4.0414335405505103e-05,4.899148880590058e-05,5.3888789242844835e-05,4.8326492386990804e-05,4.1769009544973454e-05,2.8991763516781738e-05,2.1608133501681485e-05,1.417151068400879e-05,27.72601055034573,28.46098500248466,25.78092789195719,21.55780319411842,17.486878988256827,24.390513536329255,25.141146372892486,25.82494164453237,22.790162863923058,22.783023786857424,22.96093982802142,24.370547556163345
SC,2022,4.0675577335217935e-05,1.9419257406976337e-05,4.191708821730825e-05,3.217662601318836e-05,2.8874281387677392e-05,2.416094876132762e-05,6.749466561071223e-05,4.601792234061938e-05,5.482892986333867e-05,1.3840666894231707e-05,3.457272215133045e-05,3.3972178588919734e-05,0.0037584309195477592,0.005115803969533277,0.005869686173694703,0.0070616053156974746,0.01143038498871551,0.01344254234091359,0.01735184585469289,0.015934162310765283,0.012224411005712876,0.007753518184666249,0.006862178843082601,0.004643521018695967,7.904660871381265e-06,4.5754899792999435e-06,6.570900600951263e-06,6.291257343076885e-06,2.9861269016065596e-06,1.7686193515689187e-06,5.253188068112355e-06,2.623025377026857e-06,3.111167192514847e-06,1.0730879676836875e-06,1.3118059714490507e-06,2.022706941438047e-06,0.7235016322901264,0.3705221892010915,1.2754885975972179,1.1643519857142783,0.7278173738472182,0.23486514888450413,1.9008900993859388,0.6880462825263359,0.9747846615038072,0.6637800443889434,0.8622738253868553,0.3690963393539495,280.02662590875786,284.5862083165457,288.1974729875365,290.9067158687144,296.3072103553742,299.6806530898522,300.22107672296374,299.0895564357542,296.41651423172425,289.65615248696565,287.6812515727856,281.3793798715612,46.82161388801466,48.534304259729666,50.11262723716352,42.6401410320819,54.62547542149143,64.40491009471926,72.23141129679604,70.8201849216849,53.37552571724983,38.79374082737779,59.724424640700555,57.41433444258919,1.7980027849290068e-05,2.2264707676083677e-05,3.271007870315727e-05,4.555099426778205e-05,4.447697836449732e-05,4.3421694130443116e-05,5.113001033569536e-05,4.326872120901826e-05,1.341878595082728e-05,9.257343524271535e-06,6.7147652764841915e-06,4.883066504571009e-06,26.924912393670247,24.767357954826647,24.628213139606554,23.167332275343274,19.30962186159794,17.967952282297613,25.240905844421032,23.425616085588363,22.283944538705985,21.136752962698,23.94043588980344,27.114808632443772
SC,2023,4.05523051765714e-05,3.7873754753434876e-05,2.768618433755053e-05,5.164301473875013e-05,3.8511176349629416e-05,4.766456165470868e-05,4.353598293227733e-05,5.742644677399104e-05,2.1069719622910694e-05,1.80210390616141e-05,2.2064081532791306e-05,5.180053391462219e-05,0.0054556466824962615,0.006600816000834996,0.0059300105904515794,0.00785926168320049,0.009606401861182183,0.013006843742118853,0.01679492058829245,0.016198291114902185,0.012707097741556084,0.0086882364335591,0.005579887831429438,0.00512487198420723,3.002040182957513e-06,4.797919334500546e-06,3.041876704080523e-06,3.6273806766271042e-06,2.389993949646994e-06,2.199844173812265e-06,1.6788719465301196e-06,3.248970794241052e-06,7.431743504151176e-07,6.967346630560619e-07,8.154694583550436e-07,3.3240789679502864e-06,1.5702578652967896,1.1859753004466547,0.8439676512691591,0.47420065934666933,0.663682127502264,0.6401719776231873,1.1961090637761747,0.6489102028032412,0.5430438387825448,0.4577395434918795,0.9654008678913691,0.3548985518988497,283.92062477999855,287.0114777460484,287.8408905605046,291.41027155129126,293.55862492653955,297.13160474824844,300.65358543865835,300.33885342668634,296.5391490515307,291.3164004252846,285.75988898737967,283.4292709842661,60.036431713518624,67.22353018781125,49.850078526259914,53.71419683345092,65.61186235179703,53.790388900471456,61.100179008626334,54.99515317835333,46.064855677837855,34.80246772555029,50.3563786619376,54.62162412252245,5.449454310236857e-06,7.451375623422968e-06,1.034287151352769e-05,1.4189971901969738e-05,1.526738066027048e-05,1.662713176035186e-05,1.6954837923593965e-05,1.5567622676446163e-05,1.3220639918798486e-05,8.214633421195176e-06,6.176403339131783e-06,5.28891115591306e-06,26.963949985535344,26.846826294777586,24.6628333259485,24.05708215876732,22.74190336206907,23.493613719191416,22.057180928886932,21.87936129983015,22.16452313034589,19.85805477894352,20.572352815330923,26.143330824576527
TN,2000,3.215458913259121e-05,3.3893460091218e-05,4.598909621294692e-05,6.213297264448938e-05,4.1111445546121556e-05,4.343433483784151e-05,2.1745472213508204e-05,1.9689401447270477e-05,2.836042522842743e-05,3.4493044026190894e-06,4.824790105926845e-05,3.2878428716725145e-05,0.0034362532886740363,0.004401253702620796,0.005522947115735869,0.006701443221140905,0.011245076125574729,0.013433186942603767,0.014014493410224418,0.01419670649937983,0.011130929128498706,0.007398499463148731,0.005011099564652185,0.0026156282619743364,3.6059795466095914e-06,7.003149287883776e-06,1.1308506173577473e-05,2.0060803183815986e-05,1.249182075955757e-05,8.063470680249984e-06,3.726139393202327e-06,2.6886494073879925e-06,2.132231227823717e-06,1.0558049783125191e-06,5.252080769552063e-06,6.27032483539161e-06,0.5933122797784709,1.0603642784856526,0.2349853811633411,0.8758532441210742,1.580157879910983,1.10671976639988,0.35687468739628947,0.18402251991014595,0.5981461244516584,0.1286104965472424,0.7592747733941011,0.5480804095935778,276.9104897410928,280.9371773786606,284.9923088579295,286.6375935788558,294.00559341845246,296.76114280038655,298.44522885489704,298.67875376441634,294.276555814466,289.8030802020431,281.63091007084387,272.9045289973314,58.300455286214174,53.892085999503216,52.71051708573526,56.82860674577997,58.69677614220116,52.970406681714266,47.10039003885716,41.604273510871614,45.28134814823212,36.19828341648256,60.97135231160446,64.25802143909888,1.011894982280404e-05,1.4794481643968255e-05,2.577669544687849e-05,3.3915224830207345e-05,4.792638785010498e-05,4.9111948979363927e-05,4.490807760406348e-05,3.764815166618758e-05,2.703043460683166e-05,1.691800534180506e-05,1.2986007717437628e-05,6.222214104193842e-06,30.069479842272802,30.46724581401999,29.76224640815903,30.06988878904232,27.527185261857515,26.268716635790224,22.467634421775823,22.17521495210045,23.09657964673321,20.197109454664414,27.70809133498064,29.677801670576827
TN,2001,3.5826842925487736e-05,5.844458128905086e-05,3.6587157535277745e-05,2.9158547964467473e-05,4.373405660804091e-05,3.9885468142743736e-05,3.128476431262971e-05,3.534583753542817e-05,3.4144277881377675e-05,4.230159433781056e-05,4.4729308621041014e-05,5.4262230742110846e-05,0.0030540476937295164,0.004291254704794958,0.004024502853653024,0.00757190504507769,0.009797081625488603,0.012657033723729753,0.015110753419558448,0.01526606095115278,0.010875209939032317,0.00640531036160792,0.00575062186401357,0.004575550239617036,7.294677523583484e-06,2.03627799811358e-05,1.6644982753791616e-05,1.590542068432867e-05,9.699639487095955e-06,6.554938755824934e-06,3.7504207881004523e-06,3.217687095915747e-06,3.396897708266926e-06,1.0000587503149971e-05,1.1040419910205151e-05,1.602553172073653e-05,0.6697168364367152,0.4727891705734645,0.9401027504250262,1.3675905401269655,1.312349200448162,0.415132973343646,0.5830546514017703,0.7584490414017179,0.41718760382677433,1.145480072946737,0.7060622101714752,0.8368330779815654,274.961806581362,280.41204910025175,280.5466093621792,290.06135361705566,293.0668193278327,295.9847256925637,298.4771977705817,298.0347908287101,293.3651625737349,287.29963176764534,285.53670257786564,280.5672801080255,59.426287237146866,64.85793491466285,60.708711005361,61.05676219777633,54.28527847908169,49.79996452217447,61.13525591583079,58.471287035922316,42.30991104558324,31.85514361221335,40.859895785795416,52.533925166835125,6.783061270816156e-06,1.3521352669319043e-05,1.973701123205458e-05,3.6739690626622936e-05,4.4175468739557954e-05,4.928230299190213e-05,4.448034080130694e-05,4.202402666143919e-05,3.4316943466855186e-05,2.507618472680005e-05,1.4550358187497316e-05,1.130307542477958e-05,30.381339430015593,30.214227588383455,30.40108781294224,28.197784558395245,25.3260981497056,27.21537432804145,24.411568001014366,25.564277326382523,26.308588536006994,26.127599419273523,24.345473469323345,30.11545664910624
TN,2002,4.738604446249287e-05,2.3759092605490368e-05,7.198456254725271e-05,2.912903062403019e-05,4.8465711904255264e-05,2.478122382320752e-05,3.625667781522108e-05,2.178296964262732e-05,6.402942647593022e-05,4.737241263236847e-05,3.95972396494806e-05,6.235715007464318e-05,0.00394121917105982,0.003306250194664215,0.004743709218223407,0.007859028917695231,0.009739977547329848,0.01344281274331994,0.01603497587504978,0.014677290470178178,0.012760706640071848,0.009513893486706627,0.0049389153526330845,0.003948899136846978,2.051637342825325e-05,1.6582617637989952e-05,2.803804912925264e-05,2.619609085505389e-05,1.8421851046105457e-05,7.584004020257085e-06,5.073503703981175e-06,2.5029427507123052e-06,1.1065343630981675e-05,7.0863555580316125e-06,9.586480629954687e-06,2.278934172967436e-05,1.0466105559450052,0.9225252606320921,0.7930900731249055,0.8603834491241703,0.824877689636846,0.7244479758329352,0.5329662165099668,0.32881160184507346,0.728934424099745,0.1669852082625647,1.0045095922812293,0.8259241932679314,278.6474611841719,278.26567470975107,282.7823723543452,289.7967282215765,291.6837495435429,297.65491207589434,298.9998342429917,298.6633400156513,296.38642781794886,289.42465100419395,281.22750207482096,277.9340434689794,57.420927583539914,49.70155110236495,64.73415818868024,53.56908706275502,66.57359913319367,47.69840195313745,56.65214187376031,45.49375355631789,50.790876120602476,73.94443306496974,58.966434965365025,65.1422834686033,8.984888745481513e-06,1.4656921092804885e-05,2.011312977359307e-05,3.567948517371455e-05,4.522603804053242e-05,4.530075562896727e-05,4.371768163113187e-05,3.739765099346608e-05,2.828609052199718e-05,2.122102704330293e-05,1.4505265773099901e-05,1.0296333742344044e-05,30.15915961424184,30.312282005166963,30.277616137821667,28.505888938512292,28.254969874869282,23.48087721705773,24.920713944121584,22.677755265392513,23.764094018772262,29.9095160283579,30.410526465153744,30.60174517035946
TN,2003,2.207703124588427e-05,9.285823252934064e-05,2.292379701138089e-05,4.910958810700314e-05,7.98803973383559e-05,5.39367405388195e-05,5.185904307151269e-05,3.0655980684595594e-05,4.557884941269706e-05,2.0472901851958028e-05,5.675875283367149e-05,3.397547629114528e-05,0.0025703752726694887,0.00388350896992431,0.005680341974882942,0.007525857933372005,0.010859971103587614,0.012364412651067436,0.014992974845565655,0.015695802431267385,0.011047998787424846,0.00782024312331506,0.0061148351813783905,0.00348237568190194,2.2071948113429762e-05,6.092983642715454e-05,3.3965071561376675e-05,1.9041653875018268e-05,3.3557415880420844e-05,1.7108575482419618e-05,1.3172818866062323e-05,7.296025951772924e-06,1.0518400870053933e-05,3.7667725772893283e-06,1.1327125386837035e-05,8.209299301210474e-06,1.3307262349266056,0.7467066651485059,0.548064059025261,0.9220312681319136,0.8912336186122065,0.40061944395650084,0.9973123169207251,0.32237646102622763,0.13847245328570393,0.43167233296290963,1.0092183703522295,0.8828796210757431,273.8857447441872,277.12118980496484,284.33826134665884,288.93344036680554,292.57611231739696,294.9958925141725,297.7840353006507,298.2096420209429,293.5284637730582,288.360084333842,285.1573510357399,277.33463879009446,53.88251670332743,77.29402809798677,61.38223658775813,50.77640447935657,68.44476585820144,60.154628315370786,52.13804327592023,48.387836276881316,44.36389275728905,45.89159553709161,57.56232479988454,53.223126924620104,7.106155251505273e-06,1.0042809488533596e-05,2.070734044654899e-05,3.634322715206214e-05,4.244541868953899e-05,4.817027021959723e-05,4.8531021468836054e-05,4.470003216015577e-05,3.534024990114279e-05,2.239484317260473e-05,1.6006247973067043e-05,1.1356779753935052e-05,30.184712672506347,31.298978961969308,29.620441668250532,29.2265056633508,29.447276404322817,28.42771006528512,27.24109484998478,26.329326760747527,25.856244061877096,26.573645114482417,28.97417435966046,30.760409252590087
TN,2004,3.588935909287117e-05,4.8296026303113983e-05,4.046353244419251e-05,5.134049255868644e-05,5.652906597806888e-05,5.409306560417579e-05,4.357422103469729e-05,2.7868767905414933e-05,5.219594204643061e-05,4.099359476248246e-05,6.784585456481134e-05,5.640988369418735e-05,0.0031086467330393077,0.003509467259305712,0.005282132795934661,0.006467382401193569,0.011945355184563428,0.014023043991493683,0.01502827054814146,0.012992573413074979,0.011418178955684638,0.009447307708403681,0.00629092973996409,0.0035587791932786992,1.539376991970565e-05,3.78522955188004e-05,2.4476129582326854e-05,1.7110599865029727e-05,1.7030545111777e-05,1.1861864761472544e-05,8.992978864982341e-06,5.045879782644515e-06,1.4194030625884243e-05,6.508933452625989e-06,1.846693632404355e-05,4.3820066625128304e-05,0.9173088009482713,0.32594658676340776,0.9649890015175012,0.6663400439583541,1.9511664111418998,0.5945677207615206,0.6960600247574897,0.10806641869228607,1.3789934892413587,1.0371173739503081,0.6577568157519785,1.0814635542862212,276.4418612344625,277.5825087793117,285.04953652422626,287.874474224592,294.54139921029264,296.4707085525216,297.4209862818624,295.86507713807833,294.5995705341544,290.6444596740228,285.1268989542755,277.58421662626193,56.58329334276294,72.2346180782569,57.23248084437469,55.459339764883694,57.2373643748625,69.25343621719533,55.085472375384704,52.9413102583559,42.76668097461503,63.73990990249523,66.59091681394638,49.106267769740306,9.759210938040105e-06,1.2419789184397429e-05,2.394018155715828e-05,3.67139364493919e-05,4.7235437443905254e-05,4.679197481607751e-05,4.9949531102821294e-05,4.4223914460356607e-05,3.616551437022473e-05,2.1692585206118744e-05,1.598012094631979e-05,9.791429565235735e-06,30.528028667945126,30.68056711661012,29.733120129086537,28.982924575633056,28.401087448099858,28.731107527453435,28.16351722009581,26.35019882760822,25.22819364506456,27.090082205621684,30.417461806011236,30.16503501922076
TN,2005,4.070796576218516e-05,3.939950073043483e-05,4.07906813792136e-05,5.5114925578972435e-05,1.4536792962062403e-05,3.788915336013665e-05,5.717292937432684e-05,4.086357005193597e-05,1.7205809899097713e-05,1.0603226401223527e-05,3.157867585071283e-05,3.0980057101958346e-05,0.004148994024439448,0.004454973971891521,0.004363938853937012,0.006739275390960423,0.00830675769125333,0.013090022525335384,0.015577029166842699,0.0152085248960945,0.01173091995376936,0.007470535580123013,0.004811139613084817,0.00323363473419733,2.8480485602491014e-05,2.1606080605884573e-05,2.2094850452480197e-05,2.6165984676270017e-05,1.1876663939868866e-05,8.595916161750544e-06,6.967871201331497e-06,5.716299103776736e-06,2.3565310412288417e-06,1.5030319527799089e-06,3.105493124318536e-06,3.1997117675200897e-06,0.6352669633523333,0.23142567501663472,0.7260925411449022,1.021423277872272,0.23548420465535075,0.6114244931353111,0.4661148122303391,0.45499898584609616,0.49996028406612786,0.7123506070452736,1.3254061906589178,0.7145515887432105,279.34892469628494,280.5074312186337,282.0638360357453,288.40145565051444,291.7909140228192,297.3476306716682,298.89520658287586,299.6313956804246,296.66545963877996,289.09289455786035,284.2476137393424,276.28066521111214,69.94678771456405,72.09171367080873,56.96023315438335,54.044671499170136,51.14700799328964,46.19919717541706,60.339283516340046,45.949182295642785,29.204302347041107,35.47358525452747,46.09679311217072,55.07064105485918,9.633571359866452e-06,1.3803623231797619e-05,2.289809498253615e-05,3.623356590785913e-05,4.463556500403069e-05,4.5808375550560694e-05,4.8359660452002945e-05,4.292366732973504e-05,3.325299809272907e-05,1.9087571542061764e-05,1.4268351919024134e-05,9.075707389484913e-06,30.320297437366342,30.862755921801533,30.482685384668414,29.306505947456746,25.020746558319622,24.875478964878774,26.86801298494171,23.838980215044412,21.784106136297147,22.44436572655828,24.955417214230554,29.871543348849926
TN,2006,5.913724627609168e-05,3.4124065599525256e-05,3.061872719437093e-05,4.9851907938966124e-05,3.8292674683085515e-05,2.342197060166465e-05,2.628870974949338e-05,3.443521428222057e-05,4.0874616246321776e-05,4.001379914184167e-05,3.9901313961083724e-05,3.885487026673666e-05,0.004411404635016732,0.003173269618038875,0.004528234494972125,0.008118888763406894,0.00989810246452348,0.011957999733854842,0.01389688519641906,0.015381865428396176,0.010499595995374755,0.006714933176725124,0.005050279540612278,0.004147699041421154,1.3740560998786522e-05,9.802519900006071e-06,1.1898459175168527e-05,1.393192442508375e-05,1.0387787879048521e-05,5.75196721880823e-06,3.5107907940603098e-06,2.9458008881898083e-06,3.7084820833501474e-06,4.496047611826e-06,6.4191154846025444e-06,7.943012889892174e-06,1.5440647140796788,0.8899603418909845,0.592370791792215,1.2342042641543292,0.977798091186568,0.3293055915658288,0.5748201069300104,0.15758842887828026,0.16657085759010326,0.5919270291435562,0.3176313198839622,0.8614300681637632,281.0449434928757,277.5066150730072,283.7815720528332,290.9835585118718,292.1656038422698,297.01877514693615,299.3245996920531,299.52183740494996,293.1953329318201,287.24718744600506,282.7848681583702,280.3596260742548,64.1701884480923,63.93320110661739,56.712179125532145,55.12988533807932,55.94735009305959,43.56105729479642,49.41843812840392,56.029605837300025,49.98389367909519,47.336941914566125,55.88238184611425,46.03523631578111,1.252203346883485e-05,1.358948835247353e-05,2.3069179518222586e-05,3.864714888270193e-05,4.624763468791976e-05,4.6650706064138704e-05,4.100432108652516e-05,3.6877591481443345e-05,3.334939973395039e-05,2.3595803277345797e-05,1.476745649192307e-05,1.0949689877646503e-05,30.305139024948517,30.830899403069207,29.254942118705724,28.66823260339518,28.53698017396625,22.848238091486984,22.02215451324203,23.434485895312825,26.662367752817183,27.067622940614893,29.771703781462012,29.750251144065327
TN,2007,3.761898551100038e-05,2.2956631490672943e-05,2.376247546730556e-05,3.57353126777664e-05,1.3647566245421476e-05,1.6913277577460145e-05,2.947741429187798e-05,6.528427937604661e-06,2.2363540363035658e-05,4.517326334455987e-05,2.7276592392921627e-05,4.397074849937024e-05,0.0036268704055722975,0.0024721836360389222,0.005637145264789262,0.005634987643079925,0.008783704544274951,0.011486858932381426,0.013347301774283634,0.013958184057356486,0.011089183992016265,0.008384468064562757,0.004773710792710714,0.004723882890582651,1.5101776773956958e-05,1.2120236199756462e-05,1.3138064938875915e-05,1.0239632324176389e-05,5.142804641301256e-06,2.9213940316259177e-06,2.9688292386010692e-06,1.01906155163895e-06,1.5164807103912821e-06,4.62052323080313e-06,2.1265451120610152e-06,6.121627471960799e-06,1.11837317411035,0.7361184381603072,1.2053323719429858,1.1016984734698343,0.7142628967333492,0.2103614715309327,0.38579845827007664,0.2716621177375686,0.5802653377557255,0.8834636969181896,0.7237472022359671,1.112239099692816,278.32230112940584,276.3244534951413,287.5274131020468,286.83114144140467,294.65730748516955,298.1319554599092,298.26379929735117,301.8666901497099,296.8898050560892,291.3010747709523,282.8256523363676,280.73765872872747,63.76045534871753,52.499408244109894,54.332088754320075,49.277715212904916,45.95869106377699,49.623668613753104,61.4730375229,37.7158570571755,42.54751529447067,40.351153010044705,45.807481523855955,68.02987603057251,1.046841698104578e-05,1.1016262409941306e-05,2.475449356045845e-05,3.554783470038602e-05,4.256332392439505e-05,3.304778380832982e-05,3.5654557778832244e-05,2.5660469685535438e-05,2.4266363975280506e-05,1.918735884240255e-05,1.4492323495325895e-05,1.0179215330752729e-05,30.39556270490446,29.84328606159989,27.6247483371035,27.847704278415836,22.390732006546763,19.043306031282103,22.243630881217033,17.33736918811559,20.79381538352532,23.579517398393243,27.99524124684519,30.3779016518257
TN,2008,2.622279525456439e-05,4.080281984207247e-05,4.68100703715779e-05,4.641181535952534e-05,5.1406894551505e-05,2.167736691093053e-05,3.875930047999514e-05,3.3189053662912184e-05,1.37823859729593e-05,2.8115206329904044e-05,2.6280786208770527e-05,5.843502867397348e-05,0.0029033596601294176,0.0038574639858106807,0.0047858874772888325,0.006823072009210608,0.00941980313390307,0.012654719002941992,0.013517503195163864,0.012472112086977507,0.011219471875235988,0.006631954142328231,0.004257236038619737,0.003866998156105379,4.347890529605769e-06,9.706401573395196e-06,1.804275100519639e-05,1.9948839188256486e-05,1.299441282087137e-05,5.770635601235494e-06,4.5422163666207e-06,4.8744622208583275e-06,1.3454658970135258e-06,2.919712515061672e-06,1.684025900173161e-06,9.984062810462021e-06,1.0599245220849585,1.3844140497805995,0.9720576058098559,0.7979106316516171,1.1093964207056715,1.2229825380578763,0.5572643815571114,0.7210259845511331,0.7580946711302888,0.22775803109475784,0.7317608903603648,1.00570784912673,276.2325216093493,279.0669876448859,283.1958635776173,287.9325883310745,292.2611922722401,298.01364998409633,298.706646293296,298.182018079391,295.569821374049,288.3150436435149,281.17378945779853,278.5171394397584,57.31431320561512,64.60024033667202,59.91062120347495,55.9046169126177,55.85754638028861,43.66206726988091,48.21685163661095,50.146468116009444,51.76678024690431,35.95208192666614,41.646724327099484,63.74986345287085,9.405079503482923e-06,1.3787121602814024e-05,2.1975240882648737e-05,3.521190566362053e-05,4.6752029220374535e-05,5.121884275885025e-05,4.643523940366391e-05,3.721760836357535e-05,3.062450229464923e-05,1.9785176432173614e-05,1.3299838880771921e-05,1.0163429402581118e-05,30.179976739975842,30.635600032017102,30.15004893389641,28.93873031073105,28.511913740505634,23.596380015109904,24.241221016127696,22.229960660669978,22.56494799376705,23.845745419121545,27.37232522985976,30.626542240379774
TN,2009,3.9064431177501835e-05,3.014808301982033e-05,5.1599999637467e-05,4.761918062645967e-05,8.454736033816746e-05,3.4207606141545044e-05,5.8154735600361e-05,2.460429275563976e-05,6.675865600550208e-05,6.625526178137186e-05,2.1117794309535326e-05,5.164092271518274e-05,0.0029978293752343046,0.0035115854204574104,0.005116780608126401,0.00653949975702307,0.010652089188154863,0.013810410928540368,0.013111325854543492,0.014046053990598559,0.01288960228122039,0.007792040234578934,0.005476681991410118,0.003528052213868411,1.065844566354304e-05,8.939149260851404e-06,1.7879577746205016e-05,2.634396375778145e-05,4.5429284768279915e-05,1.4988134151438726e-05,1.1301550368423904e-05,4.703040468433617e-06,8.560937430367441e-06,1.5240126262120921e-05,1.1891885287794048e-05,2.2785905793285815e-05,0.9541668015216384,1.1355513465637121,0.6394694753925609,1.2964391422449932,0.6714047948219066,0.7052842400930905,0.562758075190356,0.23603797465521467,0.6604034598624022,0.6570997248880198,0.20955057100740113,0.7312316352162651,275.55808069735644,279.5124269674661,284.14747475568055,288.1024818432339,292.89913944678506,298.4382206778557,297.0738044479844,297.484403173425,294.7684115755671,287.3009658738589,283.87786056497526,276.953264359806,54.679038459624984,54.00142629239893,64.96635954745439,56.23753138759036,70.00280628798902,52.391162439029905,59.67635500403207,48.80512382399391,67.28326596297156,68.10240357976241,45.01411701353927,68.82702124997635,8.153369827981349e-06,1.422792435216006e-05,2.1063636799190837e-05,3.66609520810454e-05,4.2457197958346896e-05,5.259818069063967e-05,4.4526469878745695e-05,4.415086902571734e-05,2.9759966377910285e-05,2.2558991887520906e-05,1.5115919130988239e-05,1.0042768758040929e-05,30.35872644850806,30.29753871659523,30.17074083230249,29.320735712808656,29.70042749370846,26.17658350194588,25.306380635483944,25.708529759536123,27.243687127552747,30.312069729112835,28.972691743035927,30.74334008139913
TN,2010,4.537880031429177e-05,3.123326765202699e-05,3.237393512762401e-05,2.8197392056872977e-05,5.9720377183007854e-05,1.9873776428818666e-05,4.2882786980415575e-05,3.198997224214128e-05,1.769012122858123e-05,1.964114347734366e-05,4.847252351976558e-05,2.2018285174488185e-05,0.00277357138613448,0.0027918725875746477,0.004701754613927112,0.006768316432693927,0.0114267054268543,0.01526494821783376,0.015603805432465317,0.015814552482441718,0.010572695876554065,0.0060394479694019535,0.005306698483028386,0.0027282504732260705,2.724527648647543e-05,3.985928479192179e-05,2.1760423336448008e-05,1.3877294783132194e-05,1.8409829277063763e-05,5.3969670329119496e-06,4.686246270281621e-06,3.3682739550780783e-06,1.7487503981793983e-06,1.7081485441236947e-06,6.4154782772445804e-06,2.3782023334389954e-06,0.6505079368336765,1.2479274876007616,0.4466025376923467,1.3251887685371835,0.9344976904730526,1.0715964363149169,0.7183413878357587,0.45664859678850944,0.03593314072960121,0.5286951207771333,0.6865899896213696,0.7011722483525301,274.0323107532592,274.5727463220359,282.27163458780313,290.40595029271634,294.4275717438548,299.66979742739403,300.1374394405443,300.1218459371914,296.06654668645285,289.1099728669636,283.4352887641838,274.2973602160943,62.413130474653066,68.67825590356651,60.32875743068175,43.656553029079184,53.83885654431937,48.92336097313299,49.82770697478598,43.243993626927775,37.94080175315992,28.56857354798843,45.80003461201636,67.28880030710091,6.019287217427213e-06,9.680488362193157e-06,2.038209329803046e-05,3.804493916135641e-05,4.648839583522873e-05,4.861299070217873e-05,4.44800758817978e-05,4.394768967015124e-05,2.8405266105516362e-05,1.779721563921151e-05,1.400694432920382e-05,7.665505078036839e-06,30.414159892727362,30.995137535019914,29.986189317436462,26.440342095211992,27.84448313257599,23.828833487346987,24.035053552575746,24.369881802115675,20.470199688481244,20.78080322639196,27.695465429289055,30.022797394220216
TN,2011,2.920647892274914e-05,4.0376564309789524e-05,5.700143286620863e-05,7.642693603156896e-05,3.6060610365843836e-05,3.2954722562148315e-05,3.138596038500659e-05,1.637798350603216e-05,6.875593126263823e-05,2.4446794909124736e-05,6.93232897061196e-05,5.3236562584670584e-05,0.0029891361940039747,0.00386940956232101,0.005308783731978946,0.007700847982504184,0.01007570221043293,0.013762689239087906,0.016283168800726222,0.01370718203947451,0.010547014938483812,0.006496570160038196,0.0056974384322028716,0.004493582172546621,5.733819427334137e-06,1.0849561629149804e-05,1.9441041775565635e-05,3.327241664911276e-05,1.9538973117416754e-05,8.939450884256428e-06,4.6982667665969705e-06,2.467630111952811e-06,9.164073999807727e-06,2.4365795384038973e-06,1.2524164430129432e-05,2.002786399606105e-05,0.7123988396797853,1.1102613869006464,0.3995811206078846,2.4636088087688446,1.2567217489301448,0.7476167929232641,0.4232281003168639,0.3224512357010745,0.029612253590578067,0.5483722954018097,1.529355240575528,0.7190405078569595,274.8797981922959,280.0511195909758,283.8759550447893,290.210376151124,292.6712231681193,298.8172915785873,300.27446233478656,299.32800449236277,293.532692949854,287.43464802007384,284.3120108403103,279.9356837963445,64.36191471250616,61.60538448142655,66.52924474442128,56.327755314033055,61.069879951271666,50.03269526709988,52.831508700332655,43.37503507291563,56.01694862205411,36.48465750339072,59.49559640326084,64.38695853013611,7.580608690210157e-06,1.3924186937936879e-05,2.2738895190798454e-05,4.072500342950873e-05,4.492435573946889e-05,4.774846582141339e-05,4.7187052888444276e-05,3.7212082946004566e-05,3.177740330316612e-05,2.49197171906801e-05,1.6006011391594752e-05,1.0481730852394258e-05,30.534910957745538,30.328548079545296,30.131471300630643,29.743743705544514,27.525032004235648,23.402197894725585,24.725779431762184,21.229780393837242,26.347818727088075,26.080061773167582,29.353224365012398,30.757907855803634
TN,2012,4.201653928594794e-05,3.244490975168227e-05,4.2731292562684936e-05,2.0278282910075915e-05,3.360008961467618e-05,2.3573634191600103e-05,4.996734236054637e-05,2.9806189072781573e-05,5.101887650515183e-05,3.299900196865318e-05,1.3340533400912685e-05,5.278646870017855e-05,0.003951948485169185,0.004301647489549235,0.007101146289062769,0.007307841609782467,0.011088218297057523,0.011054733200278739,0.015701211898139753,0.013401719818941279,0.011116563425334122,0.0070064367528128715,0.004342334611996812,0.004977822537589511,2.361807933791038e-05,2.321107999713364e-05,2.1607797554043202e-05,1.2576917734972021e-05,8.266647848912071e-06,5.08992344232198e-06,4.658622922158676e-06,2.766906614927458e-06,6.4909695774989865e-06,3.1812627174186644e-06,1.5454816406315168e-06,7.210496956672417e-06,1.3891313577201707,0.5975766027281916,1.4030128597785059,0.6276229410698232,0.4333435203927196,0.21546631998539395,0.8646630108093744,0.49235101168975687,0.4305004206198645,0.6171431896641376,0.13709226370619032,1.2187388164103679,279.6604463153306,281.05547943283585,289.3032033794769,289.7381203550708,295.33999311996587,297.6910915192332,300.2685959334801,297.8690532927597,294.27184794508617,287.45151992091326,281.4728497149669,281.27382276612775,54.798631424436515,62.859048575360944,55.672795748706086,48.99150662153059,48.96184896502455,42.396594337330065,54.154918474181756,48.98889285805444,50.06746740492755,50.484927757759955,37.20536718832917,70.41240034036844,1.1340930922461008e-05,1.4634278724297273e-05,2.768890196478368e-05,3.6769123604650034e-05,4.541406241577569e-05,4.4836896690853794e-05,4.2855003419805545e-05,4.181949291492194e-05,3.477789910665221e-05,2.4404288595699888e-05,1.4004685019699434e-05,1.1359816401697996e-05,30.32870458966407,30.57421618183436,29.904404599367275,26.62884456074363,25.129948402981178,22.434896834540027,23.980544758617977,24.50760774127155,26.192116501759166,28.210731611592657,26.996682408087555,29.871401411337096
TN,2013,6.274041409630882e-05,3.506188267607521e-05,4.4901910847995826e-05,5.534775763046807e-05,4.924587752826143e-05,5.4459932151958135e-05,6.0449866109681055e-05,3.4712473123821414e-05,3.316171421184918e-05,2.725505266093919e-05,3.059088095669833e-05,5.6642158438442796e-05,0.004057068679429804,0.003531912881771861,0.0037946413509617927,0.006616375113655673,0.00969472616262881,0.013820618360773007,0.01437955308601294,0.014668841570633613,0.011998236434578823,0.00831813286693289,0.004098208965024766,0.004009513636290002,2.199258910096208e-05,1.7492354907300642e-05,2.059395984879724e-05,2.4712831452018326e-05,2.430565508908651e-05,1.5955889179875687e-05,1.5680252356968356e-05,8.147024019385e-06,7.020020434457053e-06,4.837047138839432e-06,4.408768008127174e-06,1.5289595746316362e-05,0.4401950049382352,0.7333767988421084,0.9857979840079472,1.1180037552779751,1.231500761450247,0.8654036298121173,0.3536687474680831,0.22773532380878006,0.4945445519103307,0.5309211206406624,0.09997346205009386,0.7487935544790881,278.64784320447666,278.5537467051327,279.96834635086185,288.02601839015256,292.3678861387478,297.4009689671986,297.62681973367575,297.34476355533064,294.9705156060138,288.8759734975077,280.84189924751564,278.323663340917,62.25807378572604,60.978939719038294,64.56943659408077,58.31202353339332,59.36676881743664,54.21217743586252,62.3138083491502,60.2942607819675,47.96289130623221,54.94824444935461,51.50563050565003,62.96298634658688,1.0378006003679851e-05,1.4901156380280073e-05,1.8791164686255735e-05,3.443604809332064e-05,4.638504231612971e-05,5.3292861364600046e-05,4.805795565468805e-05,4.298207345189208e-05,3.333995712996064e-05,2.1599907163692084e-05,1.4734737735936903e-05,9.79474434957475e-06,30.81817819209145,30.760727868824,30.278899209890803,29.80135477593026,28.727770420414366,27.87219231016293,27.120764810528907,27.27264426647017,24.016951653474475,26.8394111923951,29.1984432074643,30.58558983361912
TN,2014,2.5189933867178617e-05,4.5642178034779953e-05,3.591568864036538e-05,5.952532823831724e-05,2.769341101804021e-05,5.023907666840015e-05,3.350415545208079e-05,3.742273492452281e-05,1.8201876077248812e-05,6.253417726804617e-05,3.378492598973423e-05,4.170591654792992e-05,0.0021242634495706723,0.0031358137551670646,0.004046971990741263,0.006699774355815438,0.009872069500899246,0.014415541682662795,0.01285284716912536,0.014367126982249128,0.01217221888344141,0.008427077745700408,0.0038010178360139363,0.004670262033471572,1.7037474054992712e-05,2.5456658647253205e-05,2.0958842847239398e-05,2.1845233259434952e-05,1.1600163828076057e-05,9.214377973115234e-06,5.846584313700505e-06,4.035665137674477e-06,2.165784540089207e-06,9.397966040223014e-06,5.483739996576902e-06,9.50523822057165e-06,1.3633853948884875,0.5190646479143002,0.3700877524454003,1.2592232487431512,1.5465588449758638,1.2431676555688258,0.5140338761109494,0.4366413792466083,0.31185753332334387,1.033115250179482,0.8358920759142418,0.17499861123895238,273.13481805594085,277.2512186813486,281.23933772436783,288.939307281928,293.481455002615,297.24817836525983,296.92124879183234,297.8902067088502,294.89364900483287,289.1211657891838,279.5607067772065,279.60159536735785,48.77774348051265,64.87610366806831,59.08888804809411,60.32353003508854,57.04311404539221,68.15213313079052,56.88717103897948,59.60027531691809,53.13918322874959,52.19941003623146,51.73541429921894,71.9103226134977,6.554843979388182e-06,1.1699176725100212e-05,1.9985553552094935e-05,3.7332425080877196e-05,4.7665324448714516e-05,4.9191226291257804e-05,4.8177153098354066e-05,4.1520437161917433e-05,3.225523710236248e-05,2.4867705508137565e-05,1.395290200878469e-05,9.220100314299044e-06,30.11679150353828,30.268087395103365,29.930087248637985,29.48389867301965,26.779645526057994,27.558718774678354,25.15467168613522,24.568380191875576,25.200956738295275,28.16733085284635,29.657527248737434,30.344078148858667
TN,2015,2.9183985545686546e-05,4.1741857296456405e-05,5.2990707677806945e-05,6.156078927639697e-05,3.00455774126424e-05,3.470991269320744e-05,5.33189458438492e-05,3.4526018860520135e-05,2.6082413318872033e-05,4.168463554970085e-05,6.711956558693955e-05,7.193902293041861e-05,0.002986594571277049,0.0022534418063742427,0.005206743311465864,0.007668314456648876,0.010276456609834077,0.014356532123127767,0.016128636618950205,0.013496696033449211,0.01169505168929181,0.007738448881710436,0.006150084707073277,0.006316921178506121,1.4759610323255619e-05,1.8157037734560172e-05,3.985296402611278e-05,3.005218767974165e-05,1.4946043884509088e-05,7.906388895233579e-06,9.163805890182624e-06,4.1729435162483435e-06,3.0259981552324907e-06,4.197404586541548e-06,1.6118951765073154e-05,3.1933198368744886e-05,0.8060254739495681,0.8651745350323811,0.1460748059594942,0.7365466044238221,1.1020875954873588,1.1646791283141602,1.0824989043796343,0.33602270265165274,0.7061342792250273,0.6065864649472471,0.8603145096839808,1.6691202475587046,276.19143438461106,273.5316488574702,283.5178001452513,289.6877893210858,294.1900163949946,298.3419914975899,299.5791028492831,297.5175880474764,295.3772604867239,289.32919838550913,285.7664568109475,284.46696599789504,57.00150819915169,62.501258235974845,67.4722782625668,68.32338997513216,61.81851185535724,57.22477616604974,62.5682110849564,54.64477995378311,49.66578460097589,50.9420321094213,65.30278081891527,61.42782192709332,8.728586259343204e-06,9.695718847138691e-06,1.853532456636144e-05,3.423188935417336e-05,4.319075361725044e-05,4.992161636380339e-05,5.1448552444323576e-05,4.336878820493396e-05,3.088480376349511e-05,2.2668918665450427e-05,1.5039628948630549e-05,1.1699843602574311e-05,30.404012367541267,30.11776190198308,30.873627649794432,30.218752893180852,25.02162580222569,25.850754200064614,26.847948715491903,25.02049222758791,22.807736235731188,26.15521699061019,29.884988486088307,30.226087754966755
TN,2016,2.9213988365856365e-05,6.0083698351336056e-05,4.797285629361134e-05,2.8656683776167247e-05,3.270407628112105e-05,2.5428912342777997e-05,3.819003309154349e-05,4.171107701156254e-05,1.2697190109916774e-05,6.362421220294642e-06,3.2575832192307184e-05,5.9159226180062236e-05,0.00297791128695793,0.0037516704478206403,0.005701665019961501,0.006435244122026714,0.009155246378698781,0.013005013085962285,0.015753681020481775,0.0161891218282296,0.011799369785458412,0.008101836193492975,0.005103427829024787,0.0038272878321453803,2.2867417575523336e-05,3.9067553191415314e-05,3.7359963090040965e-05,1.6805277699414187e-05,9.893744095950823e-06,5.019896321428112e-06,3.538273423746925e-06,3.4237744469820902e-06,1.2560166038968733e-06,8.88837318558509e-07,4.316561135958602e-06,8.948404880587796e-06,0.5015115589166348,1.0679074888380236,1.1306672264914512,0.8592334311566392,0.5490126648124739,0.5640278484919079,1.0308895956801878,0.5512041996166167,0.31499554555631626,0.4723658837380747,0.3246478365270147,0.35806403242282714,275.7988390403788,279.5509602786086,286.34023404823853,289.46946851159066,292.69247650778067,299.0382650270494,300.0786735302795,299.59862905443214,297.3283216701569,292.1319329764899,285.36022678601597,278.88250492110456,56.17089537270034,60.27617422466551,59.019424445254096,48.570103272366474,58.9926997129525,50.57313987670885,69.7231113479296,63.76325509592967,33.45147747094098,37.94487099299599,44.855403174452206,62.08620412564895,9.201497077463062e-06,1.4262750233563652e-05,2.4480155705032875e-05,3.769718186165304e-05,4.4674838689390546e-05,4.539861561273366e-05,4.2658724842818183e-05,4.262060056705602e-05,3.0092871922848798e-05,1.5100894955362944e-05,1.0051471353473164e-05,1.0382626139541877e-05,30.289572601308798,30.267728059972303,29.755349483996994,27.845154923555135,26.972445565872498,22.728028320878543,23.90654449472371,26.539153783872166,21.12249483071916,19.177892655858464,19.73652053923297,30.392948993090222
TN,2017,4.99743093207044e-05,3.086761462952327e-05,5.188075360500239e-05,6.0081576783503896e-05,5.084543477827428e-05,4.62006402956615e-05,5.0628069246549166e-05,5.341207573692377e-05,3.6869273769032396e-05,4.6119865437337e-05,2.3447032292123142e-05,4.5887563047810215e-05,0.004814044260738074,0.004763279522193021,0.004891946915834881,0.00850859472338302,0.010225282916453965,0.012944141264388379,0.015712609556612724,0.01426715716267422,0.01153711890896903,0.008199861644792614,0.0056692272145493295,0.00359731285347262,1.1151752788881224e-05,8.106467217724622e-06,1.7352495996057945e-05,2.399820554797244e-05,1.8765026235332985e-05,1.2744616483557998e-05,9.682845606240902e-06,8.455269476113685e-06,9.709326371699768e-06,8.326767107196427e-06,5.123016188820193e-06,1.4243551510939975e-05,1.0827138039260762,0.9403672981875014,0.8740530629219679,1.2572852926958575,1.4712842246207065,0.7636666274500649,0.6789659572700852,0.18798111680020504,0.5037432268969105,0.8722420533716896,0.47881435162466396,0.6466468288049533,281.1463162907598,283.4338697732702,284.71361285879243,291.2417231540293,293.2500836281348,296.85854015269746,299.29033120741,297.34260335692284,294.398597960857,289.6363785300325,283.84923173027283,277.84192993444617,76.75898681207535,62.75574488212779,56.843431441111505,61.65512987371539,54.751437902356805,61.352907926930264,52.19928840876557,64.83997373659784,38.06969130173507,43.52911315126502,54.439101069784215,64.94982321333097,1.0499340059125533e-05,1.5650236534743643e-05,2.4751771858503508e-05,3.8745066169914914e-05,5.0184790725253896e-05,5.201366645752565e-05,5.43629187448415e-05,4.50236786442945e-05,3.903175534894841e-05,2.548264017450861e-05,1.397829221217979e-05,9.207758258161768e-06,30.833392448413715,30.321294917898133,30.45691290847564,29.38439628184312,28.947003956804974,27.08245930671201,26.966337438012705,26.889530412058306,27.16833291567723,26.512080584272887,29.580114536440572,29.55426429962214
TN,2018,2.887181230790684e-05,0.00010465347634955575,6.0263373346112674e-05,6.0186591759389485e-05,4.9653256894581434e-05,4.832437474767453e-05,3.4912726789152936e-05,4.6868709881399e-05,5.868891872432745e-05,3.448003096929269e-05,5.784950370264295e-05,7.497623737673465e-05,0.0025612894947593724,0.0056564866632173695,0.004799142547531994,0.005666489301357749,0.012654260001928432,0.014725548052743275,0.015461586373746693,0.014798732048746838,0.014597908088605525,0.008638809367743947,0.004855040631975152,0.004575025557561175,1.2485053646995392e-05,6.152075887687094e-05,5.590307832996904e-05,3.0434860745219156e-05,1.981891961482343e-05,1.2826453940766123e-05,7.326743355432154e-06,6.954545650430289e-06,7.320957641834213e-06,5.34385403217472e-06,1.589620432087126e-05,3.6007739531137374e-05,0.3773977552890157,1.1440434874582543,0.8419899468025906,0.42407908394494814,1.0954323532288954,1.0380371309226148,0.18692522189041869,0.9658666031050244,0.6735359916093233,0.2892878441956418,0.5571534423263576,0.4904631547312722,274.55895876371585,282.8993123118143,282.8746387955782,285.8538715378161,296.2429032745144,298.48775800148456,299.3205249491087,298.3524150163424,297.2444010924513,289.8433856074528,280.5923938950577,279.77260491559036,52.82705315426336,77.31274628022014,61.7014627003462,57.52890501885442,62.816216090674025,60.56003277424884,57.71140004885788,63.10173153707389,62.789888575625575,58.03746849127488,67.31147537588868,73.87085710702443,6.311931002667132e-06,1.3724447855030817e-05,2.107687259267386e-05,3.383338865839617e-05,4.718175076368481e-05,5.285202404313975e-05,5.3679724779767445e-05,4.636308971204865e-05,3.5377912597153794e-05,2.6699600750414753e-05,1.4369483443759376e-05,1.0724452247122544e-05,30.300960015261033,31.085194322909025,30.508088503546986,29.896652129693575,27.586855917720364,27.13799798583372,26.054194329126506,26.60707740349729,27.55883640120563,29.062977393067584,30.781930201771857,31.039910987496494
TN,2019,5.218058675656074e-05,0.00011043029618495646,3.888491799245056e-05,6.548717722695394e-05,4.168214901392883e-05,5.832629001687197e-05,5.1791301763059954e-05,3.134674078778634e-05,3.710261077320351e-06,7.230153670378454e-05,3.978588323595457e-05,5.324432028022679e-05,0.0035958212216412205,0.0050069719728615516,0.00401296055409822,0.007214526592119409,0.011495318310862769,0.012908678777423884,0.015348819408684489,0.01459157762376594,0.012697844843136649,0.008345245323138822,0.004254010162101363,0.00475030045433152,5.093772512035096e-05,9.650568103213787e-05,3.875314386718939e-05,2.7799910002403018e-05,1.8544002516646482e-05,1.23689827319803e-05,9.949586761908507e-06,4.310265072940719e-06,2.091097285415235e-06,1.13332460910328e-05,6.58223521606956e-06,1.7493506254542123e-05,0.7277085247846233,0.8394253649695487,0.46833584620715446,1.2903038117090129,1.4459673360209753,0.8243838762519361,0.5070491628180488,0.2022079478512426,0.16823729669114873,0.3665481449751464,0.3001232643869079,0.7427166270142439,277.4972055156523,281.9041545870606,282.3375712492105,289.5740797516873,295.32614367775517,296.96007751456335,299.00950638983227,298.72926270405776,298.89769316120555,290.21697521231005,280.51570281339804,281.20414184518614,63.65943754105869,79.65245964054459,60.36883416825036,65.45358586432235,61.03685687248197,68.60253436047161,60.84571012666581,55.90828884645458,29.42551316111966,49.37616384911615,46.670407589720675,66.34987666644814,1.0389524892693287e-05,1.3559872524157556e-05,2.217476752554039e-05,3.863143073865554e-05,4.773523906593608e-05,5.031220090290457e-05,5.1782872687925525e-05,4.484496139024137e-05,2.9150821377978085e-05,2.1024525235168655e-05,1.4835793075491749e-05,1.1193928730253868e-05,30.67224548579092,30.839799089205535,29.617830629478366,29.52011827242996,26.417061854009265,26.993121603141535,26.927683288297843,24.186899279401597,18.478555214292467,25.599201284876102,30.252179363615596,30.431189336868364
TN,2020,5.902296372531227e-05,7.885789188423246e-05,7.323154928100676e-05,5.745413031689865e-05,4.178701717150117e-05,3.41636612466688e-05,4.142535153649465e-05,5.755561502972788e-05,3.783301730170262e-05,4.5464010686425585e-05,2.3143842789652725e-05,4.51592024122414e-05,0.004246116888542296,0.004243643240640361,0.00642729886847059,0.006128567280282377,0.00936233131721029,0.012749442873555974,0.015959382956507916,0.015160220722758152,0.011950964406115566,0.008386391861656598,0.005408280341579746,0.003771823955475699,3.735659350702597e-05,6.977585751756603e-05,4.1889345822641084e-05,3.3913440710665666e-05,1.790312222101849e-05,1.0062978275417799e-05,7.220485208310707e-06,7.2088886627912654e-06,5.738174172753811e-06,8.306727681583013e-06,4.352486899344566e-06,1.1776648139393872e-05,0.8535787028864253,0.8983051150514997,0.9573980971306042,0.7562473967021334,0.726830789873344,0.6836048979340461,0.5854449737942117,0.04246693789111663,0.542799586824661,0.2647765308291709,0.6126424022802359,0.9044090606720349,280.05748830811393,279.89237197755216,286.5199213973823,287.0854701009581,291.7323967094018,297.2272553591535,299.8359183725368,297.9685172309789,294.5594111549852,289.4327226983093,285.0045344998792,278.2168463522037,70.33562156494496,70.18639748766378,81.00970377868572,56.363390502512885,56.303086729595556,55.72333471739322,56.19350932655182,57.35930124672536,54.97573088086584,46.640733489653044,40.73704291784036,57.10524841826893,1.1467111808012515e-05,1.4134462773489023e-05,2.1804697524248278e-05,3.7076853254396685e-05,4.437091443200803e-05,4.9238062701403265e-05,5.0114468987714056e-05,4.4416484253985676e-05,3.730750674719621e-05,2.4442388598246535e-05,1.741257134425658e-05,1.0816626173805782e-05,30.922969992023944,30.846669483142442,30.610498443138567,29.90039089262195,29.44390571399192,25.104831398779545,25.56263803885146,27.27378684702038,27.355936962491242,28.046333007665066,28.49645561366923,30.525286775990825
TN,2021,2.9751326942849286e-05,5.393714109275941e-05,8.216842475719734e-05,2.987892642760915e-05,3.888850421936731e-05,5.2031471094528015e-05,5.287748295462076e-05,6.362615227169187e-05,3.710565453572024e-05,4.136269849484819e-05,1.6442822139735057e-05,4.579450084916074e-05,0.0036864393657270104,0.0033680226474656853,0.0052893062919681716,0.005940713241177137,0.008673354250189223,0.013418581764966993,0.015058833774675097,0.015413352838334518,0.012009443269156235,0.009721368112753873,0.004266190852950906,0.00605241600943213,1.3181951754079986e-05,2.1499343550827928e-05,5.5137016627474636e-05,2.7639362260626692e-05,1.678788896539209e-05,1.1344048368738509e-05,8.63340412923816e-06,1.1008173343682926e-05,5.947208261672662e-06,5.871242606049921e-06,3.7517294591609983e-06,1.1538471898677797e-05,0.6809657563092899,0.6518655322590375,0.6655158582511284,0.8026964747737392,0.4756574575996052,1.0909843411670346,0.4958596225000418,0.3556761317223728,0.34223596285618474,1.007119333811179,0.5681861815102582,1.6607109006609362,277.9704390623134,276.5747627420756,285.9586058238838,287.80136999994954,292.18931357010956,297.5938626001669,298.7454925787512,298.7049198599787,294.8903896450761,291.0297929665641,281.4120720148932,284.32888706509556,64.95966800574712,68.5624983663356,60.48394965270314,48.179381039286696,68.85596559562221,63.225388285680616,56.43113644051402,59.5525293512406,46.193884587870336,58.052754676307515,42.07082539633316,60.56720678836117,1.0195210926223207e-05,1.1055838209201352e-05,2.3453885332710267e-05,3.570298645136372e-05,4.405850821325522e-05,5.018657289547542e-05,5.267432020557004e-05,4.4087304408114336e-05,3.862646927684787e-05,2.6537878052763107e-05,1.5592455594314234e-05,1.1799418125485654e-05,30.200414496145424,31.180336712914738,29.517948727790362,28.36699654472832,26.738608596095855,27.087540261481053,27.451992474757677,25.88069260530004,27.14112478698218,29.017598104764527,29.20907624045136,30.153082121479766
TN,2022,5.5049012942699424e-05,7.421601870517625e-05,4.679599197579778e-05,4.3833456796366675e-05,4.483931060460069e-05,2.3734101856430964e-05,5.4901293179758975e-05,3.983267776232165e-05,2.681846942468325e-05,1.9896373284820972e-05,3.290100851884359e-05,5.329539445176809e-05,0.00295604841791525,0.0035849644082070436,0.004672526964244129,0.006250148673023377,0.011092035155030594,0.01268096940690461,0.01608479774509876,0.01506464439707158,0.010768489077495754,0.006031500508626768,0.005073104946572322,0.0041605024046812746,3.0173244112148712e-05,4.187388444696749e-05,3.656724292382078e-05,2.3716853551474083e-05,1.4688791603537104e-05,6.835029686125943e-06,6.9603277643725696e-06,4.317505088583518e-06,1.5669757456153387e-06,9.2961177697551e-07,2.092427022195219e-06,5.074755117769733e-06,0.6284493338440185,0.7670547246042888,1.2736988664574849,1.1111790930382444,1.2607633002780991,0.1035918486387519,1.1425697601911813,0.5055240664333509,0.4180502478567908,0.32187508316657965,0.2759224326328374,1.0403376429699944,275.6817998983,279.2366651433967,285.0021596771086,288.10246123484035,294.69673984123153,298.8748308458826,300.49840892570796,298.35937824794195,294.91215624978014,287.77581195685497,283.5032752062449,279.07726079596847,52.33768412385113,48.646789233615614,53.983600890454454,53.67307605654775,57.740238076020155,49.956556177259706,62.088659237975705,54.09556737144461,36.02063996712723,34.665519923922254,52.13703354920858,63.55612415373576,1.0546425330318729e-05,1.4607621106879886e-05,2.4509925448765515e-05,3.7403489452056e-05,4.721543540586641e-05,5.099923447305288e-05,4.585830825352128e-05,4.7356676951069845e-05,1.1305656899477564e-05,6.778551170399558e-06,5.060272737216206e-06,3.2021766667923776e-06,30.418617457067867,29.943670376421796,29.86456399717803,29.616369753310277,27.121758152342128,23.388494466052844,24.590786957942253,27.55056805434053,24.892570088274606,22.111436234119857,27.856503167903114,30.54470667412794
TN,2023,5.6496742240565406e-05,4.08362922749133e-05,4.420942309497605e-05,4.873477945998424e-05,3.2239313209455205e-05,3.687158503270616e-05,5.034188634435598e-05,5.7083172205425343e-05,1.0646065322826153e-05,1.249209663093471e-05,2.157548645213349e-05,3.4081839943432144e-05,0.004865978843272269,0.005017116208277221,0.004780644634662459,0.006444698231516285,0.009715416194268018,0.011924854527436565,0.015664023534651586,0.015448539684543891,0.011634527598412981,0.007729509260978031,0.004760544241253295,0.004308626562135077,8.216190741062548e-06,1.1623331861065126e-05,1.3866348021409575e-05,1.1717650649380585e-05,6.1452632185473845e-06,3.829226973517758e-06,4.648429217618794e-06,6.284224460410577e-06,9.463388143340364e-07,7.285331605132778e-07,1.445434295262019e-06,1.9059552233578404e-06,1.3985947300076513,1.1534371924569795,0.5433888852759827,0.676787575670292,0.17231929237364946,0.3311334276359199,1.0408897832202568,0.19275157598303935,0.4767557639543857,0.5043141796472577,0.14942181816496788,0.9138276345420581,281.0623737865636,283.3169752904869,284.42652214017204,288.6942668713614,293.1685120149886,296.62998525444124,298.9677433495519,298.4883678148763,295.67778952056005,290.0899602238176,283.8947002930959,280.75256420483976,66.19602412507778,69.48675701679375,57.58887628023493,55.262775407836415,57.99171374673622,46.43851434076014,57.95573206029274,53.90705180637514,42.364070756426095,47.30599702139288,48.164858312849475,57.850921820456534,4.300216883274296e-06,5.728278148412324e-06,7.977131830601663e-06,1.1317895204983483e-05,1.3547538029009871e-05,1.4691502230027393e-05,1.5483008641171133e-05,1.399339476306761e-05,9.873337088487101e-06,5.864261315861715e-06,4.667698170922673e-06,4.014547685283406e-06,30.902632655208016,30.55038689566406,30.05741619969169,28.813281643517687,27.609629028435226,24.329205373854563,26.50391620380213,26.40179908840081,21.926801640146923,20.224229390804222,24.517895705863427,29.4479173063508
TX,2000,1.1926511589476662e-05,1.170490757637356e-05,3.146405965427388e-05,2.2324762172633314e-05,3.101683918397749e-05,4.3477992314724644e-05,5.516717838524779e-06,3.458241550460836e-06,1.1496568577286645e-05,3.603461141989037e-05,5.023262477020636e-05,1.9934116080734335e-05,0.0043469505079175704,0.005349007226491379,0.006686358420492311,0.007592097890620997,0.011001749202134115,0.014314068933149062,0.012843653830219189,0.012224051391827032,0.0096507659776564,0.009767843913728579,0.005951831216772361,0.003911043026994457,5.082750694444327e-07,6.233405521709996e-07,2.6429563543592256e-06,1.8224312611515119e-06,3.2318909036143755e-06,2.393058015257507e-06,1.5561516399597847e-07,8.362202430507377e-08,2.0658182797590586e-07,1.4531595544593616e-06,6.657365359933301e-06,1.3060516691169411e-06,0.7042582103638999,1.512048256515382,1.217514482232115,1.3468668306727078,2.8259452097315187,3.0260677001331713,2.8453545850479744,2.9512910619600103,1.6000514765163716,2.3872222007829307,0.26433348338580226,0.5248461865391228,283.9685419912543,287.61719816409084,289.77794590112615,292.84768987817904,298.38959796418993,298.96021756664544,302.49088200446835,302.55311109855654,299.34134053219736,292.5024493935362,283.78864632386455,279.0535747578574,40.06145667294623,39.63715420777684,47.75753593810031,40.8176215595129,41.5412100879874,55.1759309985137,33.283155443061425,30.157496824522216,23.257230381956408,59.02381950497703,51.43866459439794,49.31217264503674,9.283396674784641e-06,1.3126185465040721e-05,2.0481748230387282e-05,2.737519241419503e-05,2.8966078895374114e-05,3.765681365917896e-05,2.2532247820851155e-05,1.113325648510727e-05,1.1963646451259224e-05,1.699265332531955e-05,1.617374359068771e-05,1.0869389917520523e-05,16.817239790103926,17.026551335235325,19.027039709196746,17.730663337115686,17.022913006895326,19.55470287301399,12.930415904446985,11.938694118246078,13.383076920933501,19.775884217939396,25.219027306726485,22.49422129565182
TX,2001,2.6148476694557645e-05,2.8508580773829377e-05,3.2150033743023575e-05,1.257590921461518e-05,2.8291140696332156e-05,1.7225252986088084e-05,7.750651366913398e-06,3.1168122495938764e-05,2.653643098126394e-05,1.93436028704522e-05,3.497534010129496e-05,2.170653307371882e-05,0.004492521068620378,0.0058790925154848205,0.005929480465114851,0.008836701561216251,0.010894273932289781,0.012539629273136774,0.013672948110605914,0.013973325384436321,0.012087614118380961,0.007809808824658346,0.007313218201932411,0.004787078458792851,2.8009375086091847e-06,4.787277931195283e-06,6.055134915192866e-06,2.577346942259593e-06,3.3070993828896173e-06,2.084246760055578e-06,5.96608101149999e-07,1.8440507293709424e-06,2.017512536448891e-06,3.19352089684027e-06,3.068288423083194e-06,3.704451689072838e-06,0.2643567273654885,1.1708664873069248,0.49772703717936684,2.753754495454604,2.4463457444339713,2.7588592868662074,3.1820913586230284,2.4134141573224195,1.4987140436803703,1.7917696578057711,0.9344652491419271,0.5554094059262493,279.87737790507236,284.45503913453155,285.1137290415544,293.3450899004323,296.78828986319957,300.58355316911747,302.8417276839975,301.2934149206376,297.0140756419559,292.1451536749121,287.99292594300556,282.83665993574823,55.528477358239236,62.005385605597496,55.81847105348141,54.26516006550256,43.304032889850816,36.3461173542343,29.93787298150003,44.9692427571538,36.02181209668163,32.66180037729814,47.29725556030397,43.75361830241134,1.2356900585429983e-05,1.652705781890593e-05,2.2831388373674243e-05,3.073234544991658e-05,3.428309582400331e-05,2.9153989461537942e-05,1.9826365431218925e-05,1.9015296773881247e-05,2.9530940564227926e-05,1.694281690351138e-05,1.3485346524846243e-05,1.2356607201808512e-05,24.339530284279682,23.44510000075517,23.4293363960315,18.822865737034626,17.569359277598995,15.099573515277394,12.964769103340027,14.678501610042655,19.30510679196691,16.31556578351973,18.812245984278512,22.43829250936972
TX,2002,1.3430574413205708e-05,1.170818752500828e-05,2.3586311719444823e-05,2.036927091780952e-05,1.769767237911559e-05,2.278497622296057e-05,3.945827574082597e-05,1.4070676069624595e-05,2.8160701471946313e-05,6.0883573420653686e-05,1.7838511852050403e-05,3.1387679892100494e-05,0.004265320542756183,0.003472972270449674,0.0048234341453358715,0.00917433940571813,0.010164083132766823,0.013412493092263124,0.01524899685410415,0.014337193189742836,0.011755669180368633,0.010095172970657595,0.005420527284113816,0.004874487198367576,1.6761537621914992e-06,1.3023203539137368e-06,3.5147598170330026e-06,4.52299016560647e-06,2.022748015294509e-06,1.4605279336465284e-06,3.216627599445597e-06,6.66253374201259e-07,2.0993513236847354e-06,6.7271142360247375e-06,3.8704611754255535e-06,4.579538917960842e-06,0.6003613366115571,0.41969510527260345,0.8056641379751878,2.4755724356448447,2.7985776841545227,2.9034086476784906,2.6835540050390874,2.6992005901562557,1.2029415385250486,1.1472510701397207,0.5696219065925762,0.8447910908953674,282.8943885931836,281.94312864499807,286.7592072711175,293.9270928030973,296.758159888199,300.20334559147335,300.29766772208757,301.64479638083077,298.0041680507013,291.4054830092205,284.9427117059018,282.1268403565222,43.123236532519456,41.59278060815291,50.7269935685881,62.08822812841704,48.629232038756,37.264350109747696,50.60808880401398,42.06894653125529,33.59222857871346,60.6656671074982,38.53349456548846,50.163538315671,1.1895253631432304e-05,1.658793131171001e-05,1.758730370187741e-05,2.6136151517649466e-05,2.4894690254475162e-05,2.5707641492651045e-05,3.722512480644598e-05,2.35876735519544e-05,2.416210657535453e-05,1.9524315399491536e-05,1.8029485710833315e-05,1.2565270139377617e-05,19.413723944456525,20.339478214629242,17.657895193885906,17.94845579922307,15.23877824825552,15.214991004054847,18.830164516016367,14.200409009211594,16.705376467510863,22.34636405749833,21.453795230986252,22.71994686186168
TX,2003,5.170622565408343e-06,2.4642025581315073e-05,1.4391220345614396e-05,1.2749559385304319e-05,1.8073208805789924e-05,3.7702981984749394e-05,2.1246309556598443e-05,1.8224038022812563e-05,3.6293352963583084e-05,2.2607632040779155e-05,1.539387460817545e-05,8.640934749223542e-06,0.004138419073080119,0.0049184579623536406,0.005962612636000031,0.0069824233812795814,0.010594970680937196,0.013821490664912471,0.01421090967721541,0.013755238277719127,0.012056087856523201,0.009156810108538247,0.006461139475763808,0.003842034533287885,1.2998996775707158e-06,3.059635777774209e-06,2.1597585465111952e-06,1.6831500330797104e-06,1.4869420656231515e-06,2.695182791409069e-06,1.2621010300345457e-06,5.744812633981161e-07,3.4543268608364837e-06,2.1968915832478763e-06,1.1696029108039575e-06,5.975322910324901e-07,0.23770567187204716,0.09730030084405063,0.5397869021851321,2.058816474412204,1.6856775566824662,1.9334832145053615,2.591630690736082,1.8867858350593691,1.3332491463581357,0.7077844404242232,1.1483460824404117,1.0107038841886782,281.05993563691436,282.38483710207385,287.36800981744994,293.0003813462948,297.74887784719687,299.0248128183532,301.02884562948,301.41527725662314,296.5331408522606,293.1169010585495,287.94438480646807,283.0721858418616,35.42596473734459,58.873467400210004,46.74395679355155,43.05057939967771,46.81540053261111,44.450894565335126,38.24635083480003,46.81621632680376,46.56134845868227,35.65214544078431,47.806556569942664,30.077287949271568,1.177020894493555e-05,1.3777457371169816e-05,2.1805405039697263e-05,2.554329964636336e-05,2.670096712937104e-05,3.5655644565429565e-05,3.0212122747582445e-05,1.8352963874085513e-05,2.8623515002796465e-05,2.0739802152928983e-05,1.3492684642329888e-05,8.872021803924044e-06,20.40801587875815,20.602461610369957,20.051199053123238,15.68424245826059,15.71016068503777,18.3893558372807,15.958810224302056,13.909590971495504,19.288888748350402,17.980011759210086,17.906392603119325,16.159735344127185
TX,2004,2.060554710086602e-05,3.1673176396217396e-05,2.555359588067409e-05,3.692887576792149e-05,2.1319090645820518e-05,6.0693424320107205e-05,1.9037441675666856e-05,2.3087453324746005e-05,2.134944706413842e-05,3.360226350913124e-05,6.0917542375564064e-05,8.797131519382318e-06,0.0049564871688278535,0.004662066625595137,0.007427179764093846,0.008429833371449815,0.010596275196823175,0.013714037721835543,0.01413416197560455,0.013668962499265615,0.011830143301223317,0.011164171798771313,0.007165415403758921,0.004375480176661446,1.6160830470281574e-06,3.118939291220012e-06,2.7290246547792325e-06,3.689179242002808e-06,2.7757695664129558e-06,6.1868427523324374e-06,1.202113173037783e-06,9.32133166009699e-07,8.224384587909179e-07,1.8748850423514121e-06,7.323593988754434e-06,1.2378416845188217e-06,0.6615132588982129,0.5966642407301452,1.6938402481573207,1.5297116992873379,2.939378724179037,2.783640139190196,2.2098666800756748,1.7466732218928296,1.6060405714656698,1.1008248221011374,0.25700486529402566,0.6677117974721769,282.8660010406368,282.0021942894251,289.6966632557243,291.3990296270499,296.6461824749481,299.084343043135,300.5304324733116,299.67952077363174,297.54426411487367,294.1017230003764,286.2908405179688,281.9573817361549,57.67931533347998,56.508695878593876,55.49617204619891,54.52335993486069,41.11484525644626,58.06827800708292,40.845347599927734,44.01195673999395,37.261729090995246,49.43481932424079,60.18014361708991,37.58208015036219,9.890523599501273e-06,1.4601784204478501e-05,2.6668435802065977e-05,3.272850663696207e-05,3.190429402343958e-05,3.308162880350016e-05,3.775674888843593e-05,3.367807124673821e-05,2.2940948515416757e-05,2.4471869123159933e-05,1.66332267731746e-05,1.392641121543273e-05,19.766552524589247,21.76682378071794,22.613469037975086,20.61710543587402,17.498675289658575,19.47148461802056,16.97136441876574,16.833952971477235,16.02710423487363,21.521770760338875,24.888724437384187,22.926865294983116
TX,2005,1.8845618953871416e-05,2.5813407333024778e-05,1.9544231413401745e-05,9.724476532716297e-06,2.768542441496041e-05,1.107286590781878e-05,2.360153806361112e-05,2.1815346524761336e-05,1.421536275360749e-05,1.8571307373395486e-05,6.664078423366191e-06,7.0004603854970355e-06,0.005458037526802975,0.005893302149380229,0.005581355566205093,0.006344521309423936,0.010404125774022539,0.012787676625164876,0.013873523679637104,0.014420254157029615,0.01225248797820959,0.008728176282894528,0.005117771162653733,0.003509912498463944,1.810862371174393e-06,2.381204580560084e-06,1.7288476334567366e-06,1.1992249064465124e-06,1.7078853324670782e-06,8.167065195798419e-07,8.44880998167785e-07,6.123293149190088e-07,1.3562784456063033e-06,6.078275012508362e-07,3.118837715574851e-07,6.771064305723686e-07,0.8154362310197429,0.17676577442164562,0.45230476435479866,1.0027657616489116,2.3414358461265747,3.142132230514713,2.252623266611241,1.8337575773638712,1.7328972311024096,1.1142389554035457,1.103557288785131,0.470530616635645,283.60965682106837,284.2506398159827,287.17430445163893,291.8869001069439,295.68674285430006,300.6953974579603,301.4451176682372,300.6960339020521,300.10838015106395,292.55049184913395,288.1714348466396,282.2025438794765,59.72605798016922,72.94552479303496,42.08679890777794,38.12338831336951,56.42519372852263,25.336345056357658,37.5922293452794,39.93950652599561,29.602958217911656,32.80820787725587,26.92959057307783,41.49414544047743,1.2547340039859983e-05,1.721351829829059e-05,2.792559728756236e-05,2.8065043238214678e-05,2.8548224154287347e-05,3.0450692929894153e-05,2.468058894524355e-05,2.7468345969236145e-05,1.5669731930339808e-05,1.6278615901942466e-05,9.373093595539986e-06,6.692395084931928e-06,21.682990630805413,24.26281640192889,21.61787324416734,15.277159720912378,16.46675169302516,15.048736285243526,15.189740665968419,16.069977377608588,13.517564726374305,16.314436074538918,14.543114306178717,15.437651100487159
TX,2006,1.0183150004773521e-05,1.379201891644307e-05,1.9488989366657384e-05,1.925600417385254e-05,1.9076939330268484e-05,1.4169361285788495e-05,2.069503256112132e-05,1.9498916591486825e-05,2.9180418658825244e-05,3.449462238071175e-05,1.0448730723182428e-05,2.6417841996964896e-05,0.0036552356825431532,0.003765362771084636,0.005669344355546216,0.007813879012061733,0.009408165915057718,0.011084118196575154,0.013240168652563323,0.014038117922815419,0.010978855807518518,0.008747658442681891,0.005765611697825521,0.004377310901473337,6.265345634879177e-07,8.256926851069794e-07,9.508057000935491e-07,1.824423417327515e-06,9.413101092010425e-07,1.129282790073939e-06,1.453994686657456e-06,3.563762042139013e-07,1.2906629799828014e-06,3.5820461770918064e-06,5.106771604541364e-07,2.0895399313425657e-06,1.3549384229947226,0.09285833010651347,1.6255760304649363,1.8701505614748453,2.362192883019888,2.369186519320606,2.668835923716485,2.33026761985622,1.017871248832899,0.9176395027987526,0.8773079646361752,0.514157222898798,285.45812786574425,283.7877746200042,289.6752743450745,295.1374424370322,297.9783919606468,300.9302141846273,301.9199604089905,301.8788983718147,296.97997605098425,292.8754157892487,287.9209443500444,282.54939430568726,36.62635142532466,48.56031129685748,54.48573744454711,47.023331567826396,37.186039135417786,29.01299278816067,43.62195544896469,44.09864058387124,38.643248266123216,40.55959125698562,31.243184327935086,41.906705839169085,7.082937233487427e-06,9.977139344718535e-06,1.680137003098296e-05,2.141759116746727e-05,2.58636972381822e-05,1.9629330541451897e-05,1.9608930050100613e-05,1.9898131749224535e-05,2.6212101406894254e-05,2.0404838419682435e-05,1.2190215950499355e-05,1.0561394630965344e-05,14.455697750913266,16.69632765126425,17.123662350579988,15.291110394234206,15.66683316940655,13.82146484190377,14.510872841018571,15.02254182056862,18.01573192976345,18.719088963183935,16.19256329254465,19.64383310102204
TX,2007,3.219082676555823e-05,7.619222371021269e-06,4.326201424265128e-05,2.372600734154065e-05,5.221274770564464e-05,4.645636832920282e-05,4.6801136732778164e-05,2.5498101443649158e-05,2.3205743630101997e-05,9.241253851353742e-06,1.3412623493079123e-05,1.778958049125184e-05,0.00417213233422238,0.004292403749266767,0.006765345745568203,0.0071199640303848954,0.011588442635771884,0.014057578115639404,0.015060585423751209,0.015211171071997185,0.013638992678679898,0.008142594373100135,0.005900781031035107,0.004540695231586173,3.6779325938420324e-06,1.1112011815602763e-06,5.311117930291568e-06,2.0141534144862472e-06,5.662557434130741e-06,4.7009670317740525e-06,5.389353738433578e-06,2.1209132075014118e-06,1.5815306927827823e-06,6.011970871146399e-07,9.744229165051495e-07,1.3629062417355342e-06,0.5361614254157008,0.8877606512704979,1.8286535802330102,1.3857466153001987,2.1272723579627533,2.1981815128653976,2.0043648408121637,2.40532854683828,1.939092021707825,0.8989452750474122,0.7447759186459684,0.7160668219056697,279.3999970141201,283.35200056481506,289.88552096706275,290.31614144800335,295.23841013797335,298.9392845990364,299.3825460104609,301.1884983857327,298.49453844317617,294.16379662533933,287.6840861604443,283.3519465022102,59.67600021249051,40.6582988955351,53.041806324796184,51.62054623485223,59.5467437439455,53.714181105142735,56.87668646288218,42.10580877790201,41.864780791769206,20.09032263291498,45.24098581432535,39.39081363785035,1.176703281211028e-05,1.7142549818545757e-05,2.3206113221901487e-05,3.256490978573127e-05,3.8884545867155834e-05,4.136803651512813e-05,3.836309981072349e-05,3.900386368332635e-05,3.0203639603321605e-05,1.673765891916189e-05,8.256994162829934e-06,1.1755419631367598e-05,24.678238305403315,21.37517712814091,19.842329069979154,20.842581977407736,22.266118865960532,20.440228026673406,20.829765671189847,17.566425763183986,17.692283867502894,14.565818377670539,14.67526147464697,20.22715723882033
TX,2008,1.1767734553558957e-05,1.7608198368045465e-05,2.793497239896789e-05,2.29833494074223e-05,2.0879033873426187e-05,1.1665463509163835e-05,2.0091608121619753e-05,3.778801642791848e-05,2.4867362694459313e-05,1.5140106345501679e-05,1.0820379806680984e-05,8.384165732457634e-06,0.0035513194200115614,0.004271104089867096,0.005209997962354896,0.006141609988694632,0.0091342365632036,0.012062495627774252,0.013516739564874425,0.014401512818416347,0.011274008773951055,0.007744910930060659,0.005227568516078883,0.0038206642978596966,8.946137803408159e-07,2.7591713483453836e-06,3.5852498546538758e-06,3.050347987175636e-06,2.005329939908445e-06,4.999790790223476e-07,9.077173342420113e-07,1.5263265680373922e-06,2.8140410295346562e-06,4.358727219535523e-07,6.409292917809784e-07,7.692262530495055e-07,0.699995911497703,1.0538057512883061,1.1258839345567893,1.5310940284539725,2.222330431362582,3.710835734316174,2.8773730783683282,1.7404660480397753,1.1558364849879332,1.351819244848077,0.6760125920632866,0.8342152266225544,281.5354401625107,285.8767038647366,288.6179134449557,292.5685590887924,297.5514535194646,302.01710180421156,301.1259232073261,300.3002684567881,296.65404258185106,292.4661361385622,287.3770813543677,282.9575702161762,49.444204341202145,35.93402633683139,39.60565498075912,35.03774473014262,42.08757333263528,34.031335359865665,48.19231408075454,54.08158553101692,36.69358655912954,24.198532877411584,29.29729715353054,45.8020527459186,1.0218304795647994e-05,1.4622978906051193e-05,2.123409220928947e-05,2.676571823016718e-05,2.9774671172274347e-05,1.9404998681675798e-05,2.4132317634558167e-05,2.845896561026158e-05,2.681436666588004e-05,1.6586832885608735e-05,9.317700971187932e-06,7.229276302167094e-06,18.062689748571724,18.160005555682943,18.471291959391714,17.387255426606924,16.07843688114976,13.109008513857175,15.081838616048271,17.925693759786895,17.49734615644757,16.027925220454346,14.902756307038443,16.0719227823919
TX,2009,5.389418124544816e-06,7.986862669552102e-06,2.1190923131257117e-05,3.400299614178955e-05,2.1130116873581386e-05,1.4979496966936167e-05,1.7926583382162596e-05,7.872902890625704e-06,3.9893244728595224e-05,5.237100283502068e-05,1.6029281238736318e-05,2.4076966653920705e-05,0.0033399265607771305,0.004188667740523787,0.00533599743591795,0.006107199208294106,0.010440696458835998,0.012497823803526526,0.013415825122221274,0.013111040512195042,0.01218100091379576,0.008886201483634799,0.006089148564461155,0.004052073638608065,2.202077993655369e-07,3.692016181790415e-07,1.1588985391591373e-06,3.4694499594197983e-06,1.945784119713436e-06,5.621112577196821e-07,5.049888171842139e-07,1.827632855483804e-07,1.7899902165747128e-06,7.941473845456163e-06,2.107118445239121e-06,2.5514653436504732e-06,0.6995209327676855,1.4027335652084774,1.6261347486095685,1.6223163234471412,1.846107959112583,2.797062826015566,2.3667866700367366,2.4654572280021823,0.6662293681247582,1.103274711800131,0.5595918409237861,0.4472081567553232,282.6012594822701,286.92836392672245,288.8601692086198,292.3307690315672,296.67787003983335,301.3714019805307,302.49706497016444,301.91022353596657,296.69153091588754,291.425349123679,287.4221301771398,279.64855306946373,31.800166030497813,35.259531500479234,50.808302934000736,41.44969563225162,48.98456107657576,39.21087849300578,41.91855319824921,39.35060915365326,49.58066267451433,48.51622370650264,33.41984164495646,53.01926017222824,7.126465336734928e-06,1.0548642925595755e-05,1.5933359586338358e-05,2.5147320608850163e-05,2.9288731661070947e-05,2.301917316434364e-05,1.9473266060314247e-05,1.546431694825283e-05,2.4117333860237727e-05,2.293405973916388e-05,1.475754848699838e-05,1.0540763411542382e-05,15.152665196556725,15.630091700536315,16.40362272546157,17.41198151681169,17.418840053724846,14.043499051734317,13.956238943827715,13.304953243413294,19.190568923964214,21.874735668754614,19.008481613436324,22.29056748332949
TX,2010,2.4815245783854073e-05,2.9200399257849846e-05,1.8712489938511876e-05,2.682651630886748e-05,2.1301539264261963e-05,2.4141625525058334e-05,4.109225206229569e-05,8.887180435151004e-06,3.2131254633519356e-05,6.475640556598475e-06,1.3513787037841228e-05,8.565945798534155e-06,0.003988835120326278,0.0042124661820041025,0.004979614399312033,0.0076435422437514415,0.010134547029652762,0.014366475695120574,0.01625749990709361,0.014058931400536137,0.013311832611599985,0.007185289811128618,0.005126796284572697,0.0039776938716566046,3.814576512704079e-06,4.168173497289869e-06,2.8057080751994426e-06,2.308515966317805e-06,1.456114516909652e-06,1.172547705788574e-06,2.0887365870694786e-06,2.471184226366391e-07,1.8118678601276524e-06,3.201720725242586e-07,5.166719020728745e-07,3.4584392783175505e-07,0.226963443034875,0.46784570421385974,0.7559529069389941,2.005034582300721,2.3927290672189168,3.2133375064398773,2.7435496848079888,2.0837463178910838,1.768948351450935,1.0827651946533952,0.8360175113334727,0.758359905691627,280.28565448209395,280.1281729398646,286.47199170875484,292.2875730806424,297.1217171198351,301.7050861701837,300.72750653307173,302.89146627992176,298.8004044199995,293.46565747870466,287.3920038080027,283.47311632886675,46.42781665525958,52.90600762118645,35.61484007118031,47.425196533838104,42.09984998167092,41.07443763246645,52.04540119542897,32.7666789070587,40.17569114889792,20.657849924866547,26.164973036431544,33.253922832081116,1.146917935145201e-05,1.5819040817646794e-05,2.6595137780366908e-05,3.1148316079968074e-05,3.418366310065613e-05,3.007583707995496e-05,4.046989827610187e-05,2.107250914500016e-05,2.573789957961224e-05,1.3054874092052794e-05,1.0218721178969849e-05,6.426255490672002e-06,22.01136753768983,25.06001354675235,21.41950506015833,18.59725601605774,16.682846931228855,14.850874201768162,19.996816038109994,12.9693443838387,17.60965878088243,13.347102813666426,15.874445867403463,15.224928580276842
TX,2011,1.569493679495968e-05,1.1058862277007244e-05,4.860934778607312e-06,1.0453890099849724e-05,1.6574417019504755e-05,8.425394914485824e-06,5.412945513508461e-06,4.960664747578615e-06,8.549078869025982e-06,1.9360851680738545e-05,1.6976280612837804e-05,2.959417229081248e-05,0.0035042801448983865,0.0038852478505475687,0.00570183934478457,0.006418620762381648,0.007889024148179366,0.010767080270804776,0.0127309220999452,0.01254478244194666,0.008787375736869668,0.007415581462489475,0.005514318925580178,0.004835594276050684,1.3976239677830989e-06,5.719394646255229e-07,1.4133145859024443e-07,1.1301345094898196e-06,1.3688403281545444e-06,6.338562487823552e-07,1.0412730919255331e-07,7.713094380063019e-08,1.6045599867587637e-07,1.900717431824619e-06,1.1248995835190026e-06,1.930437007579311e-06,0.158147257132053,0.7848954016954229,1.6486605613353946,2.3929014546817857,2.4505525052450476,3.863978101845725,3.2841968096167298,2.695385616178947,0.9677003632142189,1.3756941413955004,1.0435133019203435,0.31937198823790275,280.86890606031295,282.96532380732157,290.3623094049496,295.64686968584624,297.3506414157201,303.41250057314437,303.9822381283138,304.77771015504317,299.27833817242714,293.16599462068444,287.62233924380195,281.3210416172357,40.19375916119153,34.961052239938425,40.085722824585766,27.895184764761233,32.44701640171215,21.62970514959038,33.0446042580981,27.188600761855415,23.58019196060331,19.006478697376238,34.34953607465731,58.93692660030814,8.75519101214827e-06,1.1931328319057252e-05,1.2858956867142024e-05,1.4425439810282647e-05,1.9561753307980608e-05,1.3451568394446502e-05,1.0791920396865568e-05,9.514495994361213e-06,1.002868034848857e-05,1.3291672816776546e-05,1.0841498833469423e-05,1.0813168040549503e-05,18.56129663587413,18.341138515290503,14.162755946733553,13.25448088190805,14.42357440032243,12.343287692656375,12.059660026115111,12.043755937893915,12.837936828004663,15.118225451287236,16.839561497952236,22.634948118296986
TX,2012,2.2135728572389238e-05,2.6369432423412156e-05,3.216545495804265e-05,1.7539235102523874e-05,2.6538853895128304e-05,1.3311601793430023e-05,2.1700443567245074e-05,1.1565853771991786e-05,3.3665073539860484e-05,7.493340362880973e-06,3.5710526903866016e-06,1.192439472765062e-05,0.004425447507562759,0.005173357275164954,0.00694337432985749,0.008256915264946476,0.010418500223202435,0.012214114032592505,0.013527884248621395,0.012639010497542251,0.010854982526207866,0.008157827212157681,0.005821928642532221,0.00428115099019235,3.128177028555968e-06,2.540745300637332e-06,5.439061741271366e-06,1.7597134446116803e-06,2.019267698433389e-06,5.932225900984986e-07,1.0435258395745762e-06,2.0488013040098403e-07,1.971544902089157e-06,3.135156756264952e-07,6.959311143959641e-08,6.265418429206682e-07,0.7730406939325957,0.38529053631553045,2.1700101118766173,2.2262909697060396,2.212414793498234,2.932782073007799,2.6727942937461537,1.8820158386949117,1.310171185638476,1.1162544238572496,1.324583807994799,1.1443231265467593,283.89437404552433,284.56734561248913,290.8185378863116,294.9619053016346,297.8241799843226,301.79885210547593,301.95817946038386,302.34716143298857,298.4524076820348,292.54638454101064,288.6822564287743,284.3065618796114,35.229501964092215,56.75539219742733,48.91873747552875,39.43448298434386,37.554051501616094,36.182122044432866,41.23013226039118,36.87558483645736,36.088593739258,33.2363775877999,31.360159184151122,46.86944713259858,1.3905105182856136e-05,1.6478846770955776e-05,2.4578481999753147e-05,2.8549308475960725e-05,3.277448380979717e-05,2.3604936416509777e-05,2.332537310285728e-05,1.5963267075604023e-05,1.728222311772116e-05,1.883915345990932e-05,7.362875680397126e-06,6.031696972442713e-06,20.639698640067095,21.82528852702132,19.86323350998893,16.881619761147558,16.547322171439184,13.910057777406749,15.03394591833851,13.42928176199222,15.494293613172424,16.871802282559567,13.363251330056986,14.96619094423605
TX,2013,2.908492546680964e-05,2.0366416050607216e-05,9.130982042370462e-06,2.0466784039611826e-05,2.0609446650296195e-05,1.6861956423970045e-05,2.6655602424765862e-05,8.81989630539494e-06,3.249754197901154e-05,2.8295672413651356e-05,1.832763790641415e-05,1.4254822472648408e-05,0.004609992719897249,0.0042631163561532275,0.0045035432174996585,0.006542159207590375,0.008815015339884807,0.012887394003926984,0.013149989794652822,0.013001847960104108,0.012069520123702571,0.008572953425377259,0.005457773958924434,0.004168748771612493,3.579382655509514e-06,1.527957528502815e-06,8.239207757838422e-07,1.1764796638096346e-06,1.3608557716534916e-06,7.136100611717499e-07,1.164295478651509e-06,1.6722009559454983e-07,1.9136631060313823e-06,2.4702677546481035e-06,8.13182945356617e-07,1.0793189078944395e-06,0.3111412527285612,0.21868733811910973,1.0047734080601367,1.6342056014172224,2.2884463102123465,2.875992734065263,2.324010778392484,2.183434811552103,1.8287757179752213,1.3922204321690643,0.42000324637733005,0.5362277254179804,282.23160259935355,284.6098366890226,288.15914172269447,291.32054005418166,296.36336373060647,301.38266262047193,301.00666738242114,301.9713091531416,298.92765328725557,292.7885059460523,285.00792926165263,280.39937634122776,49.775350650346226,41.51036340489066,35.05160154755291,41.98806145928243,44.70493541657623,40.94717281708535,53.73391218813072,34.60912931708158,38.60167599197451,37.40258661120359,50.72245604199359,48.159094845805214,1.1409471703326603e-05,1.572423581629676e-05,1.7580781225878948e-05,2.178675857663426e-05,2.473828380703444e-05,2.5225061145874012e-05,2.482758048819152e-05,1.6001368106976153e-05,1.9688052456902593e-05,1.9914198587803292e-05,1.3312811512494909e-05,1.009096911269891e-05,20.915141246190725,19.25795383955351,16.264875718485058,16.797379811921285,16.088368170846167,14.966346615102346,15.826688520431544,13.008617218478845,16.16265497564502,18.4229172150831,19.24342592493396,20.575729487793758
TX,2014,4.693226252470435e-06,1.140656004962904e-05,1.5640260879964406e-05,1.3034952982104763e-05,3.510707040368393e-05,2.39404671545307e-05,1.642786857580864e-05,1.1869297029393072e-05,3.113508128812932e-05,1.385574260261479e-05,2.6608761185916636e-05,1.4762224833301714e-05,0.0029494913163332745,0.004128077586935548,0.004681862561526178,0.006111746841310113,0.007834716349788832,0.013734430475997332,0.013474642446643604,0.013188292511649772,0.013375632848465721,0.009138319231424467,0.004928523030947892,0.005622692750268424,3.0575823625037586e-07,4.511169093453432e-07,1.0646635112073992e-06,9.107614595924118e-07,3.7323153888176013e-06,1.5441258987835532e-06,7.815406580209047e-07,2.9098681499218694e-07,9.630297587143246e-07,8.871999141169391e-07,1.6634384687143048e-06,7.326354749610948e-07,0.6888444912997332,0.17246770501226955,0.3200734294457657,1.2346151693120098,2.1993978314685028,3.590185059442356,2.474488244203021,2.1800847855292154,1.7936675145877998,1.1043796121740728,0.5874891384386614,0.257278829325177,280.6421760700583,282.5814227828778,286.51715483428274,292.40241311618234,296.03616688557935,300.39351539034254,301.01509976315697,301.56615967285995,297.8600354817468,294.4026815595365,284.5621025199425,283.7054263001217,35.67815411666771,53.67215725809002,50.128671401584576,45.55204477793336,39.967787706292775,47.16657316983594,47.07955688619524,42.18278801537976,55.62027262904038,26.846248502284404,39.90733105916212,64.5388249465443,1.0392065960472542e-05,1.1138708426910312e-05,1.611287825428847e-05,1.949523050821396e-05,2.5261335617793733e-05,3.0486726501726155e-05,2.2942176663280404e-05,1.6172362977178808e-05,2.240780467494724e-05,1.8356174423073754e-05,1.4285837740843758e-05,9.308865664820444e-06,17.548161972768817,17.65638354133437,17.492119342010618,15.538923854067022,16.229983483405576,16.671229664176778,14.637761527426632,13.654876770605894,18.46341429039977,15.938051972815684,19.821120387188415,19.49388468784025
TX,2015,2.3437131682227293e-05,1.2710819408932995e-05,3.3395325539816507e-05,3.8981514445595225e-05,7.236799172894463e-05,2.93650993790881e-05,1.2663131884414675e-05,9.753430083557357e-06,1.1405539956717049e-05,5.3938012577338996e-05,3.508572978276885e-05,2.7967012559175527e-05,0.004011093718508456,0.0045725826229807975,0.006572335826874319,0.008702852959226005,0.01170485512445266,0.014573790134820833,0.014692718817967217,0.01329153999203311,0.012364304992808594,0.009188405541603448,0.006807255875650245,0.005309613105017958,1.8652350683663912e-06,4.925273780698105e-07,4.390573007180006e-06,5.190277231084353e-06,1.2380109005659732e-05,4.065592954302796e-06,1.6122835032019337e-06,6.851769814030722e-07,5.511500114072266e-07,8.615717930180186e-06,4.16167357593999e-06,5.651325034170112e-06,0.8031484921923702,0.34232577302283546,0.3209256732834483,1.2211216653460726,2.8229104643882112,2.616944655102948,3.1904530961766007,2.1533093074065355,2.1003568517365987,1.2388034968654908,0.9378749509026134,1.0709800346157654,279.92955796742945,282.30220879432665,287.1031405565537,292.8592695839722,295.5019013483154,299.82679268236893,302.0605137553955,302.112434211062,299.7676032594729,294.2401944949625,287.56962183745145,284.2172928615723,59.78427102471593,50.0046903672804,60.73330872659937,58.7653242351064,59.518337235360406,40.96530058021096,36.736825803382885,34.91079932140369,38.34979459481457,47.09266098756322,51.55623265536904,43.84343792070731,1.2340777374207714e-05,1.4871514606784859e-05,2.11947179338847e-05,2.8452602989882402e-05,3.6963221865091855e-05,4.289143781552083e-05,3.43006079002408e-05,1.955506778308238e-05,1.458210524632733e-05,1.5148722501341171e-05,1.7067924709521385e-05,1.40449704738976e-05,22.463645954438263,19.989121749565264,21.975062183032616,20.015719154865362,23.44635297201984,19.002940735975297,14.602115456886612,13.025111264684927,13.58948668635047,16.82893968054054,22.495981155991117,22.714372685967273
TX,2016,1.0906684069034064e-05,1.2073246855454427e-05,2.9024839285392085e-05,4.3913557821529376e-05,3.997086590336283e-05,3.0483231161594355e-05,9.349899303938533e-06,4.5425918301517076e-05,2.314273388656574e-05,6.267404193039932e-06,2.327412147665473e-05,2.161955971166293e-05,0.0041688808291955575,0.004373438382132059,0.006257011543569982,0.007808796621039849,0.010382195314183287,0.014009429532644486,0.014144174100163387,0.014967569705080761,0.013812466127448537,0.009970989545293713,0.007503392485161595,0.004970500830294297,2.9923746598503067e-06,2.705421657193461e-06,6.898868583791208e-06,8.019605419353189e-06,6.054314415562519e-06,5.858228764501689e-06,1.352861120407468e-06,3.923363201066989e-06,1.2237512415897495e-06,5.243294361950168e-07,1.0502981897877553e-06,1.688638326307943e-06,0.6895423741340228,0.6519566922782921,0.9996098809442123,1.3773142415854034,1.8281601323595353,2.096299603452186,3.52848785975234,2.0414929173733514,1.6308105920810392,1.823425538054702,0.4986220349327183,0.2336867418864971,281.531453876848,285.9681019393879,290.0101619760361,292.6604635843959,295.6686866520547,300.31780818157745,303.2405365798009,300.79388550392997,298.61157907464644,295.1488212164848,289.4342489554708,283.34414240918653,39.71772104057009,26.750508146234242,42.38829143780418,45.84028653058462,52.39900324123945,43.774778149826396,37.64836849857118,53.96885400548278,43.06714624912554,30.368687608666544,47.18882750075531,64.83060730651228,1.4136862334587024e-05,1.6779288732941998e-05,2.311713714850611e-05,2.985268495645566e-05,3.5256452915281874e-05,3.937066175451105e-05,2.3981003462612344e-05,2.6971836478970945e-05,3.13013785265349e-05,1.7367599456681307e-05,1.4844863629134841e-05,1.1265742429876071e-05,22.79353923960173,17.138357863693834,18.44547567188103,19.042327434928065,20.194303192391192,18.260065261553812,13.155862609099112,17.979608861496935,18.397524945347886,14.670056163927853,19.32565981685631,21.181842311280025
TX,2017,2.1406989367256257e-05,1.8858237549807297e-05,2.1121254781313516e-05,3.1722495945116394e-05,3.1014268116129435e-05,2.912792994511381e-05,1.338012079830625e-05,5.849755518120068e-05,2.3688055798705633e-05,1.3891197110084297e-05,7.625554560019988e-06,1.8949947097532583e-05,0.004612751439062335,0.00561708958838678,0.006938655616401437,0.008257225547836504,0.009145631241436566,0.013460087914611358,0.014219422838058356,0.0148193537918345,0.011808837659787366,0.008007894436100633,0.006838463286672477,0.004416450307758883,1.949899978442388e-06,2.134850368252064e-06,2.0443109634392142e-06,3.4998304001273316e-06,3.115336703923879e-06,2.2636825514209148e-06,6.119037417979031e-07,1.1707165535811682e-05,2.7652551565289814e-06,1.1950171039511904e-06,4.817892445979701e-07,9.736952800546274e-07,0.986593948027198,1.0194522820178034,1.9807881277780737,1.6604860996928004,1.7285180297109326,2.2430788857381136,2.6914006794340275,1.3226948163736378,1.9642970317925952,0.795692819293094,0.8303881582332904,0.3315095111119377,283.86991677380036,288.25249788557903,291.0800913081149,293.3490890103698,296.18640844365467,300.58829064460724,302.03465875395,300.2798860331928,298.28229599684585,293.0034894468722,289.264427603033,282.11633172250913,44.4827339517009,44.91712319493961,42.61227864503272,46.625854212793584,38.75271768006965,45.641804544170775,45.598195644380596,51.07168582883701,39.17252243557648,29.686087194205506,44.459491822195616,59.037253025578536,1.4810972723520628e-05,1.8495560385020805e-05,2.1441484002584837e-05,3.101419369766907e-05,3.096979296337077e-05,3.508660817794803e-05,2.4620472114358294e-05,3.0049553560457675e-05,2.066582652784555e-05,2.2935494025475154e-05,1.125830209562787e-05,9.437672899490397e-06,20.989298890919073,18.834944764969592,17.967732626240846,19.00593114276289,17.282825858007676,17.502921249903736,14.529145977533082,18.0705725768494,15.48213894362418,17.526956713359283,16.326481254510018,18.584404136188105
TX,2018,7.4126477160828905e-06,3.064698681599282e-05,1.8964281818890784e-05,1.2032806268267617e-05,1.4546714503743666e-05,1.9651341839344617e-05,1.7055912166052403e-05,1.83790911679544e-05,7.143746784595868e-05,6.301160836519214e-05,1.6670494112563197e-05,3.424412143356002e-05,0.0030860169024270532,0.005320790103790928,0.005662679963747549,0.006106311815615582,0.010813519313067517,0.013789142881890275,0.013170981803162491,0.013645199865354547,0.014659136333083739,0.010508436405443591,0.005365165978323014,0.004715441899480269,6.913988913535682e-07,4.784831772384015e-06,3.489187348041898e-06,2.2590155778920912e-06,1.4692188638196464e-06,1.3661047971893897e-06,9.91728936219681e-07,7.948195891902116e-07,7.383278303953152e-06,8.171941559834015e-06,4.241845404310943e-06,9.47742949489014e-06,0.4100311984815141,0.8727166577687152,1.1997350014870052,1.1144742794305011,3.2008774348245446,3.572176599917776,2.167713282962704,2.7695268281682055,1.4630826863119493,0.8810707283786878,0.4750383920730521,0.7394038054379478,280.3502546167915,285.0272661068678,290.2428280541735,291.3742243836917,299.33504127886937,302.344716750255,302.724103251852,301.9139570707495,297.58816009383327,291.81312705686577,284.6986525674372,282.5703739520454,41.1461329082826,67.7383718095389,51.77586869595546,43.56015787224483,39.70785297795181,44.9224759785586,52.39647949177018,47.31234686109937,60.94195667817299,61.37221965041944,49.80645033074618,50.87057587541478,8.722974810814023e-06,1.0120281780899174e-05,1.952956167398829e-05,2.168812651853651e-05,2.418995383349546e-05,2.0543083049130672e-05,2.1982759797700102e-05,2.1723374244807208e-05,2.7644100748520012e-05,2.466052910162098e-05,1.722556139626851e-05,1.3449478102122475e-05,17.683722988098705,18.399077451787555,17.45162017342171,16.134178283628042,14.583305816713866,14.065612841330294,14.237843477139876,14.680604347522017,22.181845492095768,24.90791026991175,22.64016289477436,22.40842046190457
TX,2019,1.5027547122571847e-05,1.3614239185498038e-05,1.5578995291597046e-05,3.748400554429771e-05,5.0491073403449234e-05,3.3806288130358576e-05,1.1067389612368385e-05,1.0971568656711631e-05,1.957359230328222e-05,2.8085869869482105e-05,1.694805374260891e-05,1.0463509072629504e-05,0.004375864671965023,0.005187667086304991,0.005588427282592329,0.0075434616912724555,0.011611858117122382,0.013625780069883527,0.01372343683016097,0.014413630552458359,0.013875478611227794,0.007590231462429492,0.005617221271891179,0.004538340297431672,8.16216048673538e-06,4.049527422675863e-06,3.881320854295124e-06,7.103987863985608e-06,1.0127726072719712e-05,4.867648991705045e-06,1.6107055186061152e-06,8.873712494094382e-07,2.190532628764203e-06,2.876860522058099e-06,1.0830717548942725e-06,7.257882037278612e-07,0.46054195498894795,0.8703475776924068,0.9905179603754474,1.5515319167648223,2.5901981689983313,2.0781347916444544,2.495612553576463,2.6369922795016376,2.8683747001430873,0.48208811551482694,0.5377022484642231,0.578761079508448,281.90248194971986,284.72370289784635,286.8735029876472,292.506314115819,296.19268636255055,299.9080930894782,301.9875153290618,303.4142763551691,301.0016808859961,292.23557717454946,285.563710398624,283.8448053334866,51.58612325076475,67.07262294791745,62.75902620275079,46.80081856429942,51.70153138140202,46.11935291997272,44.418139570608645,48.57089940206091,41.36532778962568,34.456196139835875,55.97933582380706,42.18354876586364,1.3087885838731123e-05,1.3466794652865367e-05,2.1177124369397946e-05,3.175298027064246e-05,3.8209341430248e-05,4.087020207791744e-05,2.815958412610562e-05,1.8189821253253934e-05,1.8788275546923075e-05,1.6402655670419356e-05,1.3406206919996133e-05,1.1143888119687369e-05,21.772777201177696,19.486778267837785,18.997378236923666,18.747464681453003,21.28864123068381,18.975733952649485,14.607572723875899,13.256140755574028,14.771473479224355,16.919072859505174,19.936452831505143,18.87802547557117
TX,2020,2.1562839087471384e-05,2.0672318532746398e-05,3.612921024930203e-05,2.4290853531908034e-05,3.282564728550908e-05,1.9138338976798327e-05,1.9432743636864793e-05,7.950429974337717e-06,3.7723002891959165e-05,1.32966827668156e-05,1.0534999265345031e-05,2.2440290761784236e-05,0.004887325705533138,0.004573580159038445,0.007966691336314894,0.007522211568970007,0.010217761057046441,0.012211002319532769,0.01456906321275201,0.012898302625165076,0.01151384560813394,0.007507199545206309,0.006365078608839173,0.0038825013807119836,2.586100546656754e-06,4.199246218372024e-06,5.893780314804251e-06,5.891624418547861e-06,4.951344799585693e-06,1.956187488474443e-06,1.82485007948843e-06,7.279124731983672e-07,3.364907915419358e-06,9.320667723289187e-07,6.079267211804404e-07,2.2474617995690834e-06,0.6548939673457133,0.32828275983539984,1.5138190746093587,0.8899411261898911,2.1373551423037607,2.918711857710326,2.8282887440915156,2.332710431955639,0.8123199906413192,0.8086374195652621,1.2263287641248075,0.6473453729007683,284.1201179238172,283.4694058850521,290.8964634628976,292.4906703813352,297.4737649752017,300.8201592961138,302.8419204314619,302.70253326190243,296.8849646002065,292.56987274759933,289.3193756979639,282.72331605273155,50.45588570514074,54.5569102620061,71.8420896643527,51.712275036058266,44.57520182911519,39.620266516276956,44.69824163495987,28.629425520549518,41.58183390450845,30.242813032934478,31.99864737801249,32.32193015265184,1.1496186201582618e-05,1.5014214654228512e-05,2.34495701776158e-05,2.739991710974222e-05,2.999785345411886e-05,2.9640985513693216e-05,2.301479858666178e-05,1.7557768415035515e-05,2.586459006041318e-05,1.3511460701248802e-05,1.0469080386630987e-05,9.582995505364487e-06,20.226896333027835,20.62191896992338,21.304690058531182,18.40222113063209,17.110859916410785,15.727192153265259,14.581868574921621,13.229557087772907,18.80864543323654,14.630588940972265,15.355289067033386,18.16089944110011
TX,2021,1.5901858513404612e-05,1.5324114425151087e-05,1.6641277601532855e-05,2.9878512491648468e-05,6.223676239573996e-05,3.187592875896599e-05,3.603172152369496e-05,2.600864093483857e-05,1.2124994888188674e-05,2.0267345198620876e-05,1.1650129514603205e-05,7.997858615917841e-06,0.004238434992283024,0.003744761249770844,0.005591614078247766,0.006767189610942722,0.011242526955565157,0.014117004746047948,0.015112669244493003,0.014999883513409787,0.011313037076655673,0.008578754036361633,0.005747538721109697,0.006020584735147899,1.5028653555840723e-06,1.4797085284750673e-06,2.0434772733436807e-06,3.5491121460562932e-06,1.1580287913077966e-05,5.353642227147711e-06,5.3975078057991585e-06,1.9455158878037453e-06,1.33248379918519e-06,2.0848850486448327e-06,7.422403077558718e-07,8.68532280219484e-07,0.6249000478090798,0.3022376304927648,1.2974014279003676,1.3235608920123463,2.51842868487218,2.415623285862368,2.1089545124522684,2.3963920157410263,1.6947380781259533,1.149315082809807,0.7413572835015094,1.971857322121282,281.99942029042296,280.25343408304826,289.06683540984255,291.52646187587396,295.616776172675,300.3780400115332,300.6394032428552,301.19129238189515,299.47279858555504,294.8065398387508,287.7450541299298,288.66886591371474,42.711397699087684,48.809465745163074,40.0836156637444,52.14488626727045,57.65723234111759,47.76003973057962,50.08442450027444,48.434921480719204,33.08949782802643,31.65480528542054,38.54419047218735,49.20520987897791,1.3046293167043681e-05,1.215810598020555e-05,2.0337798453120212e-05,2.1653029254455108e-05,3.4157985713612633e-05,3.8115705998764506e-05,3.793228784826715e-05,3.2529534526775415e-05,1.7512869661506685e-05,1.9079015779362217e-05,1.0900673107443334e-05,7.562558492461526e-06,22.127515338272534,19.60358408143584,18.263002947197872,17.027516127436584,21.898909999491337,18.583108724862722,19.079119574861732,16.935079993468563,13.549748722616346,16.67325822724756,16.311934299041,16.00323562081303
TX,2022,9.745821996422017e-06,1.292096752893521e-05,1.4208000351959356e-05,1.5374640156933724e-05,2.339263134687904e-05,1.1409932300432874e-05,6.559319651172222e-06,4.2644937456980526e-05,1.1724670394379764e-05,2.2437294972426302e-05,3.140951466780452e-05,1.5082004953333327e-05,0.0032040565392061206,0.0033665172658088314,0.004144792386008614,0.006739709274190981,0.009882372919214325,0.012394749892777614,0.01309330541145946,0.014440445267020412,0.012029387613039691,0.007913930815604,0.006047372475348115,0.004874095837548829,8.560011667972559e-07,7.712101302772147e-07,1.7906666838735339e-06,1.0023380717078382e-06,2.1499369977090676e-06,5.611144944389392e-07,1.7284579700154998e-07,2.6697384084531834e-06,1.541284582113823e-07,5.380044309273893e-07,1.6445205729863669e-06,9.230268610021874e-07,0.6164164399064881,0.20304580493985827,1.0253499401791386,2.1802541064537317,2.9843045623766606,2.954294358602774,3.024204108638539,2.109292714355398,1.4996179915376262,0.9014636906734771,0.4284852514022166,0.782957247135072,281.37199232992594,281.26925190734255,287.8812589448783,294.46062565554695,299.27883956366895,302.3644059173834,304.1629371002384,301.5919249592268,298.9427132146336,292.85568122978697,285.6334771080176,283.46576683880227,35.92210962385862,37.417459455693994,33.73069522545143,38.7241295987703,39.30602997061752,36.40133553316909,36.21713192887179,57.02888743208392,27.694412103747347,35.49255226415745,50.77700461698785,50.69726802865865,8.044948858397388e-06,1.1678873795989568e-05,1.5115720329141738e-05,1.7661451566000395e-05,2.6785051487952335e-05,2.0370942482810752e-05,1.1668510480505493e-05,2.289545603252413e-05,7.334042494970674e-06,4.585284084436448e-06,4.214115471560134e-06,3.1557423435515604e-06,16.013200255914523,17.81401244780676,15.901980052083216,15.02195666255908,15.629859058800808,13.462095865350372,12.284933263154427,17.082348658825914,16.387546875806095,15.652195188866912,20.326219231461348,20.868030445440215
TX,2023,1.743637850016843e-05,1.4167247648931982e-05,1.6663458138223474e-05,3.100764068912409e-05,3.7533615886289445e-05,1.555494821473659e-05,9.251967320590805e-06,6.678889494109521e-06,1.6478493321765183e-05,2.7342793028219593e-05,1.685878101322568e-05,1.5134763702081671e-05,0.004497683899896007,0.00463131130901039,0.00599663684289545,0.0065264122101987895,0.011229610045335356,0.013151814427793772,0.013770557836708877,0.012758946073682872,0.012440667082033903,0.008899695154045607,0.006508484294056002,0.005025290583360543,1.2699236703395484e-06,1.241938342864644e-06,1.460622435398988e-06,2.356649426388194e-06,2.129590883270043e-06,7.028167342899475e-07,2.614838479801657e-07,2.4943576949327625e-07,2.585687752495462e-07,8.588694218100662e-07,2.652577008902381e-07,3.997226053448641e-07,0.9723911932326254,1.1121461778979258,1.223948629814831,1.0017680178997428,1.89792567756638,2.145243059612827,2.929771152862516,2.0447770350871264,1.8959501502083551,1.1402308659472016,0.35555386867516015,0.5179637201120496,284.4572571343243,284.7770120382669,289.4452262006308,292.0530424194268,296.67190133787744,301.5911592211232,303.74979383776605,304.5640642585989,301.2870898615555,293.6719182688307,287.0358300522018,284.30074565838885,42.451817264930625,51.72212408759791,56.16453969856469,46.019283269800724,59.844249130929285,37.03194190668959,32.473435868541664,27.566835197602884,29.784043906885945,43.507464357845826,52.575144931082896,41.57901884625925,3.1515836671243463e-06,4.234981111208328e-06,5.083201871871488e-06,6.622055919861227e-06,9.57231762300573e-06,9.298714826467963e-06,5.7856105323027014e-06,3.5874262894997136e-06,5.068223947855739e-06,5.157546065141693e-06,4.110961408833746e-06,3.2666498750075784e-06,17.846890913363485,19.60545812258348,17.286120777979434,17.65321048955372,19.80601584279642,15.697406263790556,12.925187039792826,11.972349247943376,14.420756066495816,16.56449236780444,19.495244130933,19.6130178709945
VA,2000,3.2027445802029884e-05,1.863604746655019e-05,3.137344577838545e-05,4.7399213697409416e-05,3.209095510676725e-05,4.3810321901295125e-05,4.6216485814503595e-05,3.5470167480941676e-05,4.5019865802506726e-05,2.2835316764973006e-06,1.7597110101327155e-05,1.890770606727137e-05,0.002635443130646747,0.003639785725625468,0.0046973809468786425,0.00622431062294018,0.009577027947118105,0.013098579654158945,0.013280669651537012,0.013661980489876775,0.010938726324922106,0.006834044943443023,0.0042061436299525735,0.002353233080523749,4.2333709617408675e-06,5.948332917875203e-06,7.802919075930478e-06,1.1205498644329597e-05,8.605254503788044e-06,6.9963546812816485e-06,6.03598749220676e-06,3.924522967660359e-06,6.1543118291405746e-06,1.8296162042496796e-06,1.942411992631956e-06,3.0368273547245886e-06,1.6944790025832115,1.3207728023829521,0.9136450692448324,0.8355790215224336,1.1524875795352252,1.2568547048819994,0.23627107435907435,0.5074931824199389,0.27129953264968976,1.0568645939788497,1.3768318756378983,1.2654754243651196,274.8250655687636,278.3661796396565,283.3753836385782,285.569602302104,292.5277910035129,295.80046299552095,295.5543272831872,295.57694727553707,291.8926099081887,287.29428585245495,280.199522664104,272.8111398495949,50.59931922489408,50.19744370691954,48.21144461063072,65.88208597144369,53.894645435560825,56.32063613457149,62.85668700764572,61.61477831650382,57.815612477396485,29.337767288654764,50.19075003486454,52.66631820561803,9.06405600156281e-06,1.2209380443230566e-05,2.1696834222101127e-05,2.95401942246702e-05,4.445765923597748e-05,4.9286031257305265e-05,4.46651470316702e-05,4.2323109752905245e-05,3.2845837948527014e-05,2.092259797431845e-05,1.0541212150583223e-05,5.8767250443804955e-06,30.2134419139409,31.251196574168354,29.963040131987338,30.926935629701944,26.566984163257473,28.08502145156251,28.403092957291808,28.416175510318666,29.250670127572125,24.260432500866404,25.83158644691854,29.33372712558949
VA,2001,2.4976523469905222e-05,2.6519330108171743e-05,4.489678050105212e-05,1.747314050202945e-05,3.71339076480007e-05,4.062870489864276e-05,4.5442244588959874e-05,3.4933622235057823e-05,2.2487709667354917e-05,7.798508304412918e-06,9.39771184163382e-06,2.5635751007017003e-05,0.0027538204449169584,0.003617847509932004,0.003536863741235974,0.0062673194414965645,0.00892593462579286,0.012603750389795372,0.012494106973408426,0.0146099403243659,0.01010417839571886,0.0061273206180855475,0.005455459883406124,0.004171672893197697,3.6959945288628664e-06,5.245308503702377e-06,1.03117817156065e-05,9.103452172828671e-06,8.20064353549074e-06,6.192909406001444e-06,5.217471248556493e-06,3.4818333006141297e-06,2.293184227800855e-06,1.5955006203568932e-06,1.0320286245909432e-06,2.2500225328225745e-06,1.4346018147704478,0.9927692811226893,1.5455996367843159,1.0775331104945498,0.43135923520570485,0.42326787824957357,0.4453671324912461,0.886153901322753,0.16075502192509725,1.3722448772982463,0.7553147005051248,1.2431583206084658,274.7749090847901,278.5871235262051,279.0934828212331,287.22982421951974,290.77843730871894,295.58074064750434,295.89309561851894,297.0391990242168,291.85298623197764,286.5196004542775,284.3578485462048,280.0836121440995,53.03994238499784,59.31927534051448,57.20163651374573,55.577085953695175,56.74782891807724,55.72608828823734,57.2851755878431,49.9888994074131,45.156993979191604,28.57802883801123,36.23142123841831,49.73112623013048,6.189785223473833e-06,1.1497558389788777e-05,1.7231648860161352e-05,3.1685491385311516e-05,3.8759056471703805e-05,5.0214782263711175e-05,4.15850258207154e-05,4.451009136277374e-05,3.1338309625783444e-05,1.926578055124201e-05,9.037511457175245e-06,9.07698074439189e-06,30.394620623259772,30.894715203013707,31.03720924633295,29.10948239384235,26.14183776816593,28.206693937999848,25.22517249333587,27.976984809389545,26.373827191952053,24.157465421059708,21.604675875389457,28.812670941190184
VA,2002,3.0073974617418496e-05,1.0145768710520518e-05,4.6933370874899096e-05,2.0133708241245993e-05,2.2746358267797464e-05,2.3968873027133186e-05,3.709039092246578e-05,2.7325430718038682e-05,3.658211095430729e-05,5.508623878739991e-05,4.87643026967908e-05,3.89964173369751e-05,0.0035432595512523996,0.0030494587855037,0.0043578540231775514,0.006725980390576179,0.008289692338665272,0.011902276946089725,0.014116876772943822,0.013036012627187432,0.011663149971736514,0.008356945476611586,0.004689069710277294,0.0030336707895018524,3.7157351659496796e-06,1.990541221478624e-06,7.84831514318296e-06,4.839105393682836e-06,4.528457590217905e-06,2.497177596087685e-06,2.098993978468399e-06,1.4154890723626646e-06,2.9883078175041884e-06,6.962107705518231e-06,1.0233186151439734e-05,9.950630497946981e-06,1.805610541976878,1.661262346223757,0.9268687840544684,0.969684979955182,0.9269273274499941,0.7041939193022296,0.4631034456391637,0.07740589981073265,0.3050005708573943,0.5353665118194196,1.6137827549180663,1.4742900923528974,277.84947103906825,278.0982823457946,281.58065619044964,287.8624112174443,290.5158492462444,296.374216022354,298.0188028669754,297.59531029393327,294.2017613707253,287.4715243709358,280.60478497492056,275.42716555431235,57.170313827926286,46.17921086355466,64.20461331549285,51.462988799490375,57.743630843969065,48.437049287696546,56.24604011123561,53.140680166227064,51.726309952008535,70.2558152628694,55.46757446726106,57.33532147442627,8.316109858018739e-06,1.2707644629462786e-05,1.759087997809858e-05,3.1906828352308895e-05,4.1510555140514e-05,4.1604886383778764e-05,4.0913909306615416e-05,3.1939131900449486e-05,2.97095019393527e-05,1.84036321753754e-05,1.3359077739744611e-05,8.334676173425623e-06,30.483021297470017,29.384679775996005,30.488366097979977,28.834614707098037,26.492854283322686,23.192357654187926,25.681029512408106,22.103073995677303,26.378896883848505,29.371140019581848,30.93953063182905,31.119436221527515
VA,2003,2.764203727619279e-05,6.560778170889034e-05,4.071354071703872e-05,4.0349834244275666e-05,5.9495400647542986e-05,5.372809883149053e-05,5.1887633608034535e-05,4.630157723580369e-05,6.814457187946054e-05,3.0396232525831223e-05,3.423523071623823e-05,3.8953091353103174e-05,0.0022557058041921697,0.003022064690250351,0.004938070918583436,0.006234727633582937,0.009179200732492421,0.011790507405140238,0.014337658855215601,0.015191551282024032,0.01115649210803861,0.006874050909990348,0.005686007560645763,0.0030739084979695018,1.5279814944593844e-05,2.6351791882726597e-05,3.578985243477705e-05,2.6629507685858734e-05,1.9036536898922648e-05,1.9412778633335105e-05,1.570555751308321e-05,1.0537691906743772e-05,1.9790229177226406e-05,8.73025040198518e-06,1.0860814855704413e-05,1.7318668071941385e-05,1.9329342835859828,1.0871030471197851,0.19643952587826616,0.3038523205455465,0.4250051342449214,0.7859064342896211,1.2289189196174821,0.7405024335416064,0.35580474917565796,0.7468745786418712,1.1905286641341755,1.5403191307769835,272.9089844149767,274.6912643744227,281.80501185338227,286.0991827786024,289.559391042143,293.9651934148755,296.74427364962116,297.03874642631456,292.5350655416418,286.2235184379522,283.9762112881529,275.938297920716,52.32681241013065,69.34517989073564,61.45626098038767,55.81477424619453,77.01676262269018,61.70177271613009,59.2143325361517,59.794290247637306,51.72608567134619,50.813496582343255,54.484099656569676,50.46703152333786,6.271938166945874e-06,8.411684269949535e-06,1.6756129254017808e-05,2.9536059315200622e-05,3.550728534142183e-05,4.673122535916283e-05,4.9991838783027345e-05,4.407873533898573e-05,3.736502241957597e-05,2.205926944226427e-05,1.4242408374637808e-05,8.952343585001121e-06,30.36548436627834,31.69655238511758,31.055209601561472,30.33608296650549,30.24819724267856,30.173254804538402,28.990494531678355,29.406043203349817,29.374207522936867,28.604262265793693,30.49554846957641,31.28285216172952
VA,2004,1.9900901669386466e-05,2.4598256399853373e-05,2.390389637219214e-05,4.2456416534986524e-05,3.6188093751168395e-05,4.663520317137661e-05,4.8251371426574606e-05,5.4661533365581346e-05,5.298815063188715e-05,1.9637963906369153e-05,4.061779017726467e-05,2.727041939036394e-05,0.0023199550471571647,0.0027240297612734655,0.004478602306158077,0.005801119801153588,0.011204442021157562,0.012235198732374997,0.014208729975976955,0.013064502026996497,0.011549177199832545,0.00785242445262186,0.005240112765875644,0.003144122898113904,1.6177234301671585e-05,1.8597885119688035e-05,1.3981211936047856e-05,1.3996455648717448e-05,9.798343340690466e-06,8.233770824649426e-06,6.325069241475902e-06,1.0925332800667768e-05,9.903854857153959e-06,3.656181844724288e-06,8.608701152802262e-06,1.1985842429399937e-05,1.996883107213955,0.9136519707873231,1.1935594372198417,1.2684447966589298,1.6358840283068246,0.7803732903208421,0.5984789408408886,0.316738177057497,1.0722594766241462,0.3802729052821529,0.578945573177968,1.4972286222249347,273.50584621599444,275.7266004639695,282.21510675846577,286.4522295135935,293.810395196999,294.8973716558572,296.9662156428125,295.5085373233397,293.331161749759,287.471009301377,283.26813536059,277.30522918405757,46.87799967322337,58.27517088893153,57.6171817598357,58.07942348349423,59.75164041482933,65.60749127238351,59.41111781636322,54.509492227629764,63.30981308391358,62.17908039127396,57.18391557182463,50.09284072870349,7.334048657100988e-06,1.0244389781721094e-05,1.916560193194068e-05,3.2310342023304996e-05,4.470489667423939e-05,4.686886321991505e-05,4.8031121372649644e-05,4.424430741054876e-05,3.2860924951411965e-05,2.037889619651608e-05,1.401595545409309e-05,9.138708666434753e-06,30.89407396106844,31.132540231798497,30.028905749141348,29.736705765019757,28.081808814019876,29.176531106030758,28.810583315799434,28.6658377805862,28.773131434004686,29.604248579212605,30.572733957057867,30.77303299916713
VA,2005,2.8677367732264744e-05,2.609020444863181e-05,3.781785007959971e-05,3.698657762738592e-05,2.8771482029087245e-05,2.451856046208328e-05,5.915262823970591e-05,2.462485058119137e-05,4.5658737113549795e-06,5.3680444688787984e-05,3.274934854315976e-05,3.191363771368957e-05,0.0032719180730255465,0.003266514868045738,0.00359812045675098,0.005420201419863298,0.007249905831531336,0.012270855177473377,0.015173274910956545,0.014526821406325817,0.010703002720691197,0.007641107486965169,0.004701315291724173,0.0028239644125661115,1.342239129048105e-05,1.0240187918001505e-05,1.666064847787402e-05,2.046612455770544e-05,1.1904672389944568e-05,6.358740959134828e-06,8.9306827053892e-06,2.9660201773583986e-06,1.5417351161968527e-06,7.005751324384438e-06,4.114395193981181e-06,4.692671904039926e-06,0.8003623005050294,0.8734231619668574,1.1782894286307268,0.6914288721134786,0.787888820669904,0.6120877359007356,0.4486575294249025,0.3793783235517202,0.4861611915583434,0.9876072134396993,1.4388753853680976,1.2736058838307913,276.7421305162336,277.4319012011869,278.892792677423,286.46284828279374,288.9125476334707,295.6263080854904,298.36646547224376,298.0107587613295,294.97227489327344,287.9559247935561,282.9105008051645,275.1292556656843,67.05182058564525,59.264226341073325,59.18709576527089,50.7186301339696,56.73086344075359,55.47821225501676,63.06804705811504,54.17794292903828,33.11196720564933,53.86708780898319,45.97588362164359,51.51549926068413,7.66005029863442e-06,1.0801969920077212e-05,1.7167756142268143e-05,3.2277037011425306e-05,4.210579924074743e-05,4.27109317114148e-05,4.607195823217556e-05,4.289763559302282e-05,2.5083543693405052e-05,1.906225113912799e-05,1.4488350584375286e-05,9.081640172667279e-06,30.735183887611544,31.44349952025064,31.550992365653027,29.75740492583676,28.34079109947892,25.317229634587186,27.553097868956126,26.67273300204239,19.64179895434097,27.45107036731982,28.174794238932154,31.377458469586777
VA,2006,2.932228963265851e-05,1.946696113538373e-05,9.599865364614059e-06,3.547972543213418e-05,2.492117225050578e-05,6.200612509900818e-05,3.3071050194021935e-05,2.9601894857008524e-05,5.676606680609178e-05,5.306998928181253e-05,5.3510139000996146e-05,2.0464202060342446e-05,0.003831600685475774,0.0026385479685523757,0.003502887837363255,0.006008035288847834,0.007441283741250245,0.011201974308800352,0.014073894618100139,0.013248657556779862,0.01012576685667688,0.006377082714642411,0.005152950771242114,0.003700352154233792,6.514828512522544e-06,6.771698058114732e-06,6.039842204437711e-06,7.323294289080512e-06,5.8885823473198755e-06,8.126309840529239e-06,3.684491887094378e-06,3.1455289280193874e-06,7.95232067690894e-06,8.848934165874097e-06,1.5108141865693575e-05,9.591869605881436e-06,1.5294739642277948,1.7956591840831324,1.5093231528155469,0.8520447076544946,1.0166002177937128,0.7678163001771199,1.1052581655719516,0.28644912177381915,0.278495377754642,0.96362927574836,0.7091223925062075,1.2109043259283994,279.21047019222175,276.6618740826124,281.40298759763544,287.93904298838663,289.9422213229251,294.8120960432336,297.9059343192387,298.271704313065,291.62019199581954,285.9933466336106,282.7385244808443,279.77151570879596,61.49563468252593,56.033328709940875,50.69645646603862,53.85408136343198,47.34201729317172,54.26434572142455,53.69237144983683,52.817535990582634,59.10166038841602,48.73087878152866,58.6769818938738,46.76026631238649,1.0753322358756142e-05,1.1949600265545739e-05,1.9331233205520018e-05,3.354501781758827e-05,4.250037676836817e-05,4.636220791323493e-05,5.113335080084331e-05,3.656131084895959e-05,3.401467888223852e-05,2.3713849289304744e-05,1.428569127529567e-05,9.394270636136164e-06,31.111082082595924,31.06142979932279,28.168963513598058,28.53229976133036,26.753186408814468,26.58927001564802,27.16578601331877,22.41597400830601,29.457057525915534,29.88963645333813,30.593031272424582,29.57891685599197
VA,2007,3.2665401833974616e-05,2.2915294295716936e-05,3.1571998593813176e-05,3.9059396723361214e-05,1.6611492249376603e-05,2.5432728565667838e-05,2.4302127846563914e-05,1.3636422930014103e-05,1.4821074163936808e-05,3.634941983329655e-05,1.4100296335424902e-05,3.3005964333658824e-05,0.003295542464141519,0.0018982045382106292,0.004132326785460466,0.004950231705474925,0.008138680637839733,0.011284884125413902,0.011804794356912268,0.013433318210790851,0.010137217795105971,0.008301941456939209,0.0042254094839198906,0.003904389869402472,1.6060510833269618e-05,1.2502374965630561e-05,1.586763667519869e-05,1.5888791562386195e-05,7.715233926967118e-06,4.390042928571781e-06,2.963577151545785e-06,1.432235663843052e-06,1.7134431945691091e-06,3.448471654269369e-06,1.0253038243025122e-06,3.2495197948717727e-06,1.9692433410468542,1.9811058147465255,1.0016575262892546,1.6391565127453072,0.0721828198539534,0.5987291005958183,0.6883054446108566,0.22703037342912855,0.3056710055622516,0.3877563576311654,1.3370997082345777,0.7360427979279871,277.9973520014361,273.34848593756425,283.12093287979343,285.3323382410627,291.54566298025713,295.6023174107824,296.7275027692126,298.7398033031351,294.43846190799974,290.3989218511849,281.4707423311773,278.6461007067136,56.15394554291596,47.22084315356525,52.949746514076935,52.2009969763854,48.818377611838,57.608436496591196,58.3743345377229,46.85002431079988,30.93208679433382,44.72462698221227,49.98456454539579,68.07969588724325,9.978365009050876e-06,8.361474479489005e-06,2.0771023356590924e-05,3.1483717583145977e-05,4.266712884504139e-05,4.036753167912369e-05,3.6934272504330925e-05,3.082877717656595e-05,2.2449297096385093e-05,1.4112443259250763e-05,1.2393425107365692e-05,8.512692864366527e-06,30.669146378109943,30.622922536398683,29.688703009055104,28.788568507654528,25.54669564282241,23.380296806028973,22.859009101049555,21.28338987744292,21.189704549085484,21.5604959750353,27.896107532859933,29.844740810035244
VA,2008,1.5617459347700905e-05,2.8538256769505123e-05,3.2319394323541234e-05,4.707012868044628e-05,3.798611055976449e-05,1.8024141280743668e-05,3.3592682478626374e-05,2.9879919446681934e-05,4.322890850231222e-05,1.3588410907775033e-05,3.517175558870747e-05,3.819018598065512e-05,0.0026647484836307585,0.003297858211496574,0.003923409714409971,0.006405553889801311,0.007735433738199158,0.011539123968962802,0.01251767025793482,0.01129097276401999,0.01094592500479109,0.006046752459364977,0.0040492160668257554,0.0036525617111394064,1.1949254391653762e-06,3.6997008571633333e-06,6.3003177075080525e-06,7.2366676944731065e-06,7.5935959495431625e-06,3.310504384918691e-06,2.5972437421845396e-06,2.9094455592694135e-06,6.05629746969892e-06,8.723702369117069e-07,3.0463500172632714e-06,6.422791523197319e-06,1.4938825151041384,1.4095134509413563,1.1640411646396092,0.0842278471487306,1.3899258972407214,1.347277404510632,0.8644099315047958,0.24946087290895136,0.7414038468230929,0.7252426728640834,1.1997908086151972,1.530259841518161,275.85989604080885,277.9335167093667,281.95618869547053,286.7705059767627,290.0675251047453,296.9748546125657,297.41417702446375,296.30007033047127,293.7965533679301,286.2418902860603,280.2759842022752,278.25891593072436,55.06022240406201,61.16678026834735,53.69959716704401,64.78535683249007,54.3749680765093,43.40765652848461,48.32548665438125,51.42053625911643,53.94626654965121,41.22853359264241,51.778397155074195,62.46250039179105,8.873292509606458e-06,1.195401363787248e-05,2.074298802409299e-05,2.963687982949953e-05,4.680194761058781e-05,4.748039995377979e-05,4.410498685120916e-05,3.0624040286538425e-05,3.205037751322231e-05,2.0769530499901705e-05,1.1872210006330992e-05,8.678017623456379e-06,30.586113419655494,30.992700966138557,30.280697461450337,30.129495082501517,28.815815616769246,22.79381732767626,25.044520718493363,21.993928891644074,26.975563395647345,26.37667456439379,29.073185956423153,31.057683262540312
VA,2009,2.6710877590322783e-05,1.1053387911129424e-05,3.9943480188279906e-05,3.278940843004628e-05,5.4819826236910376e-05,4.4105168243638685e-05,2.9745201869417698e-05,3.78338514244618e-05,3.2096304842862324e-05,3.057691102099145e-05,6.513038020165466e-05,6.267801839587492e-05,0.0023852875489085742,0.0027225008054637635,0.003946438459464714,0.005599796041008583,0.009413925951572593,0.012312602000692544,0.011909527879339311,0.013786987730894153,0.010293465359021474,0.006879666019777649,0.005498466556564517,0.0030451691971343986,5.201934019616863e-06,3.529344072302935e-06,7.772056777058101e-06,9.39388922764611e-06,1.2616281721674398e-05,1.0234994507455854e-05,5.276736541469561e-06,5.006127821708332e-06,4.343141115664949e-06,3.817975491701382e-06,1.3066134437147654e-05,2.1926669874099556e-05,1.4289419218926682,1.9211361197903911,0.3698853226769479,1.1675007058362104,0.8245989095506324,0.6889643901022476,0.9006884252177967,0.6255683087651791,0.7307192024057643,0.5766077530093635,1.1063275468897293,1.0921779199366901,273.8283602485559,277.41768651415464,280.5924577943731,286.72951358384756,291.3180675299799,295.6370419796978,295.9651314324919,297.35564928429784,292.74017279639884,286.69817855632726,283.2421285783921,275.5891671187096,50.364920033221104,45.92982542433004,62.1884471641307,54.32831348466739,71.44613079712802,59.40270316251461,61.64736340048379,57.568210713252654,64.24164232858061,64.63259470923683,57.48768089494786,60.57145365401483,6.945675308628293e-06,1.1479559023242735e-05,1.6913930061859337e-05,3.284379041784281e-05,4.2373295874394025e-05,5.141342771021129e-05,4.230943196922097e-05,4.1806524829371625e-05,2.8927898814954118e-05,1.9770747772912606e-05,1.5195349719160683e-05,8.550602297344978e-06,30.626494467157595,29.985368983095995,30.997670690718746,30.157150436907585,29.75436200625387,28.842019027618424,24.305491221241063,27.47351412834696,26.21391114278198,27.846870619934656,30.90712514906077,31.376934624718558
VA,2010,3.934693493248671e-05,3.771289181317747e-05,4.0826089333726186e-05,1.811945013656785e-05,4.135923459475285e-05,1.9282690414052476e-05,2.4513474611914067e-05,3.592899156888376e-05,6.620124481043092e-05,2.809314027873346e-05,1.964524118707288e-05,2.6368760209962525e-05,0.0024646177436230994,0.002477057487506777,0.0041348276044351935,0.005836740490400463,0.009672977000578925,0.01322196545368828,0.013069966335713197,0.014206786361356619,0.010010241286321065,0.006749916334217711,0.004478771350104237,0.002241486862383133,2.8545207365317726e-05,2.950672869323331e-05,2.844074451670557e-05,1.6937903853444967e-05,1.0211815258046812e-05,5.044240455828855e-06,3.056127925445337e-06,3.317048489526651e-06,1.2178999199266582e-05,4.896553024809348e-06,1.774000109230809e-06,4.603020295635223e-06,1.7737361859320533,2.2567778659320648,1.0213624450899532,1.2083671227113233,0.6478004743459861,1.2499590637820712,0.8735632674860107,0.3207874997134761,0.691774277072318,1.5435470039074188,0.7232077683493959,2.3050216062886015,273.6795332587379,273.06976414809435,282.1485911313336,288.6803507172626,292.7630692123777,298.17520767585205,299.20864071555104,297.7579934950534,294.7435182300173,287.9203490810121,281.5419436915361,272.55052923041666,54.887300679294945,59.99356480246699,58.183754730606275,45.45247916880349,61.870628667111426,48.860050258977104,46.158677097325004,53.00278981703751,37.07802553739556,38.515086793302835,38.28162097846246,58.632416182057575,8.082105933222897e-06,1.0855806822494433e-05,1.9483599002443336e-05,3.521786456600318e-05,4.109756297198006e-05,4.911084681663859e-05,3.866028321528426e-05,3.831688120870168e-05,2.6749208684676226e-05,2.6311943577428244e-05,1.3541821340027694e-05,7.28330189945155e-06,31.035569273630944,31.18362268650544,31.209667268635226,27.744444127211676,27.478064313944337,24.69033601281184,22.171800479015218,26.04181673054013,21.705000981772276,28.668574691815177,29.513228974046662,30.39579123141744
VA,2011,1.693387744414587e-05,2.474060723103291e-05,4.715074712855657e-05,4.178952857750037e-05,3.777251148663047e-05,2.6714349810492664e-05,3.152226905193512e-05,4.363468933931245e-05,5.536647983184853e-05,3.4562297560442376e-05,3.5393914368383606e-05,3.498147216436827e-05,0.0024268672837050613,0.0030468134739780285,0.00407788465669458,0.0065810308418389404,0.009639919729995483,0.011961814597753678,0.014331739020642635,0.012871289794130934,0.011753584073204273,0.006513891959108329,0.0051694263941524975,0.004084942890862655,3.051270227578308e-06,6.159530572249173e-06,1.5451263160596845e-05,1.6028021318336276e-05,1.034786772626074e-05,5.9683091316002265e-06,4.105822947021804e-06,6.786439425051717e-06,5.54507883053236e-06,3.0230896320490373e-06,6.09152397304315e-06,1.0020909612258522e-05,1.3047348120260913,1.6683751025469507,0.26597278968831406,1.9157438326551044,1.008964941918627,0.9167584898096568,0.659112302762147,0.5034589962273124,0.4442887983602784,0.8415023436046191,1.1599568786147147,1.200715416472767,273.64377833565203,278.41382795290065,281.1401295191315,288.14843379906597,291.76502707508854,296.6944895768551,299.1172961742442,297.3295478824401,293.37577928666565,286.4228034777707,283.2230761188348,279.6708913013502,58.2870206063988,57.626432384905065,61.65970033068079,62.727740769145555,59.41416083020894,54.27598605151027,53.21092451715595,49.49409562987464,64.90679345449921,50.33417378339035,51.686486866966334,56.53121504689287,5.826708281723256e-06,1.2677374291610573e-05,1.8938047320426468e-05,3.512458780543198e-05,4.461936320228695e-05,4.891274008449093e-05,4.6029105863982364e-05,4.0315959675984814e-05,2.9976809587765935e-05,2.3901334527365092e-05,1.4595969095539376e-05,9.746245518806098e-06,30.803853458327488,30.42983888963244,30.72773654851946,30.163429123653575,28.85755018623512,24.543327988130173,24.774131567058532,24.676149541816585,28.917296607554,29.248145185267273,30.367184628285877,30.733437299203217
VA,2012,1.9682644796414947e-05,2.648276174396859e-05,3.07122745126407e-05,2.7716142679199083e-05,3.763595294134505e-05,2.317272767486552e-05,3.275073664546879e-05,3.606378672731067e-05,3.8900740671474264e-05,4.590167933077768e-05,7.101404747422225e-06,3.2374418465081114e-05,0.0032278979609283204,0.003537827775448509,0.005898879851885026,0.005372080521295365,0.010662557753046416,0.010737968434025087,0.014576584802249035,0.013187475409456289,0.010351060994636166,0.007155866162494686,0.003725523558759877,0.004302162549790625,7.4880472464576e-06,8.875984078576999e-06,1.1254114841387291e-05,8.576224586811797e-06,6.917402595962945e-06,4.56905201726092e-06,3.2226087728772813e-06,3.111615957029455e-06,3.282285696879013e-06,5.028117897292083e-06,1.4047973048127368e-06,3.81889388533717e-06,1.696255918751358,1.3903873445655732,1.0488094368001266,1.2923923790714094,0.3782370108638252,0.45938596451337976,0.7264020527762796,0.6108325862415999,0.7215052521669199,0.8373064968576353,1.0876400797477859,1.1232711614057815,277.60455476929616,278.95021410201576,286.4232511663523,286.58710656187225,293.0751407532866,295.0246744179591,299.2270773935553,296.8331220946867,292.9022460171649,287.0192687328465,279.5721231490387,279.62869538190574,53.3980084079379,52.271141453599945,52.28027515761878,52.611758661175045,66.66116988129606,46.368762678362586,62.26542046099149,59.55577766631402,51.454323484418715,54.35673132948454,46.07573910980847,67.19336170686829,1.0032888740122348e-05,1.3236690898508375e-05,2.2704261828404964e-05,3.1956239262733775e-05,4.400717087800608e-05,4.85776647303569e-05,4.188385635003366e-05,3.865866523006868e-05,3.423331226845101e-05,2.1507986094086817e-05,1.1682564614962309e-05,9.517475490532616e-06,30.70801139156508,31.186372755083692,30.451493311961038,27.741214561425576,29.45960257660808,25.680313601395458,24.291596085859247,26.045969591824893,27.504675244728286,28.036175142256806,29.038909612039166,29.654796120318057
VA,2013,5.179688699639812e-05,2.8593055674444732e-05,4.053886127175255e-05,3.3275913624080364e-05,3.423911337560141e-05,6.527732400299577e-05,5.0539364257051495e-05,3.969538552007579e-05,1.3046284112934156e-05,2.9775758452807136e-05,3.130281235321274e-05,5.2850426830165075e-05,0.0034202029476246504,0.002848654002151551,0.003047961903439368,0.0057243076906172115,0.008522887503453301,0.012892970686180262,0.014866886403975453,0.013031096340734103,0.01013535151033012,0.007669514262479781,0.003780610446390143,0.003824270735455873,1.241537971539689e-05,1.0795698654072952e-05,1.5405649115725762e-05,1.4655895468919057e-05,1.126262846082811e-05,1.3018665887806717e-05,1.0109304444507113e-05,6.276609767027924e-06,3.1610920473122174e-06,3.765683953890494e-06,5.387096340460205e-06,1.1150395304028088e-05,1.3303747385506985,1.4950346682063231,1.8926274550520186,0.7635614103756019,0.4970846288186381,1.2381217151598254,1.0888643779562739,0.6075313479271236,0.332325588709831,0.6410880373557624,1.1428615988863546,1.4122040958514879,277.30685321470077,276.28096033731674,278.04637787071914,287.09082964798046,290.6304835133167,295.7664485848221,297.6841815670202,295.64011965355854,292.51443158333205,287.85212764016,280.2691270579599,278.362502326019,60.464731931374985,59.72478142041398,53.76105672812138,57.5852860258431,62.776553637884604,60.653165600738554,66.18597950026403,66.80946692759028,50.962828575950944,59.61585717545604,50.29861008410498,59.380295750469095,9.211856276297049e-06,1.1298847043729907e-05,1.7192518148283994e-05,3.1248024030489746e-05,4.3526444962077136e-05,5.0039711604982154e-05,5.0687854152776894e-05,4.313064385021372e-05,3.1691329592083605e-05,1.945309183618141e-05,1.2429574740267901e-05,8.998016855339347e-06,31.454771424110987,31.30342105698365,31.277588393392286,30.011850352133937,29.077067414366606,29.407200846059144,29.38210358278473,28.633611323955197,24.45629806024556,27.439159244609097,28.07396718536874,31.2499712757573
VA,2014,2.5384943741273687e-05,3.6950542130526354e-05,3.990017554232058e-05,4.450751499971719e-05,3.2052983764877887e-05,2.5604436240143002e-05,2.972921738736541e-05,3.908828231380714e-05,3.180510594027321e-05,3.273233165347307e-05,3.2013077299018985e-05,3.373262025067413e-05,0.00205622349294954,0.002749961241841454,0.003131878248765588,0.005352368867697425,0.008740076710082997,0.012224368792602741,0.012273308103097015,0.012696225868983313,0.0112089154638332,0.00732115540167726,0.003587034957932538,0.0039228501966840235,1.254364202764755e-05,1.9343527108066418e-05,1.9858965204756576e-05,2.045417446193727e-05,1.7910605816252347e-05,7.123652279314197e-06,4.387945005390126e-06,3.933746469429264e-06,3.837498947857053e-06,4.658598341183747e-06,3.4717572274767266e-06,4.565631357597523e-06,1.6306305254756728,0.9168911396352349,1.08268996516132,0.339174765483053,1.0893101589270688,0.6478162380901272,0.98098457389677,0.02957068315202289,0.3851691390559753,1.242915397383172,1.479765424113859,1.116749413972648,272.48930456795364,276.03465584275585,278.70223003187186,286.8157941058046,292.2698232731264,296.2000421340592,296.78184493885743,295.52066242396756,293.3910675623469,288.0222613744432,279.58801541313903,278.4460184609461,49.45759251464103,64.55900489619238,59.79852448694988,58.98756591168011,57.786055678890534,58.75512597737972,58.29563163565484,65.57850699628072,67.22633134688789,52.55371027590385,52.73688861102591,64.12119907297847,6.506498567344087e-06,8.84857912306215e-06,1.6474097306165917e-05,3.092156106399314e-05,4.630673857489689e-05,4.686834214480681e-05,4.225771927472838e-05,3.8002188259788224e-05,2.9671204371046e-05,2.21198115786293e-05,1.2494208435221285e-05,9.195268232524173e-06,30.965080243994567,31.32065792614934,31.688351939966072,30.047330919873097,27.449269990241113,24.884190985459366,24.444088824694553,27.248946790058884,26.564751474564545,27.912352710569976,29.095432886911574,31.23657281665833
VA,2015,2.8397971370398728e-05,3.2457709021967587e-05,3.747821930655138e-05,3.961709618238029e-05,1.7296762440451108e-05,4.7333652224270796e-05,4.351116660095436e-05,2.5595894598151926e-05,4.731726367130711e-05,3.678007214748778e-05,3.747730847838138e-05,4.7370683424051945e-05,0.0025541631400419645,0.001836693934027062,0.0036021981570447423,0.0058185957552289716,0.00981382346587982,0.013324988283575777,0.014394849283633718,0.01243948692333477,0.01146918349026687,0.006970459392230075,0.005553465924383227,0.006171627971706359,6.927753469362777e-06,7.530579176870543e-06,2.2234655066304112e-05,1.8158474972308654e-05,9.605912628779401e-06,7.228594369338854e-06,5.367333494883204e-06,3.03599772486937e-06,5.884399883192466e-06,5.229850754322131e-06,6.373419872770858e-06,1.2229383173639767e-05,1.4458184982826043,1.4878725235862673,1.0143471729847116,0.920976692202266,0.7939797700129868,0.9818502945175556,0.8482652504595678,0.29011121622362296,0.794690078366258,0.7220190680245476,0.4824165074673297,1.2031339157987662,274.7356630249049,271.61523977603025,280.4310999848166,287.2377405099155,293.19379330621746,296.65019590539345,297.52906815595986,296.4017627709668,294.1562690636692,286.81256162154403,284.165479388183,283.34525411962113,58.05518580340229,58.11076451252729,66.50106148336558,62.95438246323777,58.6054000103555,66.1240486929171,67.36548307106311,57.45658776995172,62.48227615491208,51.21969504275506,56.34012551681437,67.85956399010783,7.611922154703261e-06,8.356998397429615e-06,1.57463582639729e-05,3.1111655594146307e-05,4.3880278787973765e-05,4.847773050651243e-05,4.822782664828085e-05,4.061217280120845e-05,2.8384810990845915e-05,2.2398692144737166e-05,1.3037146059842192e-05,8.840402980911553e-06,31.280877430664557,31.13554837545856,31.614834337373292,30.15315556562413,26.293115693020177,27.302553650310564,28.253801330701798,25.26696890476539,24.77213372863341,28.485440801838116,30.267347376060084,31.100975797515943
VA,2016,3.0384477409045086e-05,5.232592060621643e-05,1.8771688351220557e-05,2.4206951157519315e-05,5.744253350256673e-05,3.2793699406461365e-05,3.7421143687040944e-05,2.2472050373849393e-05,6.168180426287976e-05,3.42524791579998e-05,1.599472267595676e-05,2.8761202368362825e-05,0.0024764836409380247,0.0030905798514015825,0.004821467294973816,0.005040098432507721,0.008842160557497735,0.011346693886781983,0.014370190411859239,0.014565239292599612,0.012120970314083976,0.008046946928115662,0.0045742207841206655,0.0033512735129311876,1.347871691611958e-05,3.6305114138804676e-05,2.323290981301149e-05,1.1803511137451787e-05,1.1285301733845479e-05,6.557398159400445e-06,5.152826463883825e-06,2.5927009106720206e-06,9.659801229981586e-06,1.1249923181581302e-05,2.799546795604229e-06,4.493819172345401e-06,1.5365172831354665,1.3965056039403878,1.0153594449325536,0.9656514139087854,0.5126201021997047,0.8442257866397708,1.0158256687968983,0.5785945409625618,0.5457822071942127,0.6068230896398724,1.2809897340619218,1.3696862983420464,274.1169598712101,277.02861680172884,284.64145833372044,286.74896572312946,290.15026128099584,296.2421916319468,298.9323414531659,298.72014750778004,295.76885757900254,289.0649219692777,282.4964800466729,277.6555922685864,49.81830109479168,63.22759323438212,60.913667247618676,47.971809194835316,70.86523201501215,55.102411660373804,60.9017250243179,57.48464023894567,59.27055893855611,42.364298238208896,37.29546327147075,62.50052506971129,7.427220354341016e-06,1.0071949483175469e-05,2.101405168962587e-05,3.188845520295272e-05,4.004817858722524e-05,5.220699802185891e-05,4.716429491127273e-05,4.060740540809374e-05,2.6787358053153356e-05,2.3420149308863944e-05,1.3212699859293394e-05,9.42972407840266e-06,31.03764676899673,31.048754741001346,29.836372577817595,27.949568281792246,30.42978350366313,26.514227515576515,25.295014904116293,25.389911301478868,23.483361728828832,28.035630809526463,25.647100893589492,30.780466563794576
VA,2017,3.919510760268772e-05,1.3113422410313331e-05,3.6154241711472763e-05,4.5617907377154784e-05,6.145354824483718e-05,3.70681647065292e-05,3.11606167503692e-05,5.117297613038777e-05,2.260902054012543e-05,4.055814048145897e-05,1.5792578598589312e-05,1.5777550921036684e-05,0.00383945837901678,0.003767876153895895,0.003662569425642644,0.007526361240246093,0.009033312234054574,0.011792455924139396,0.014071286253447755,0.013162061290501965,0.010915716253422648,0.008251182561114177,0.004675765747593707,0.0030464202347633804,7.856996132291103e-06,5.5078003162412755e-06,8.611619608238551e-06,1.2295617115887615e-05,1.6719160434458514e-05,1.1033183535466064e-05,5.8126813610881896e-06,7.805404513365369e-06,3.4303339606445217e-06,5.315622129913702e-06,1.9806703284879815e-06,2.2543030569177304e-06,1.2732667471033132,1.7701963248640706,1.4227705029802122,1.1084977431534373,0.9717300801080404,1.3910848982574622,1.0134243769032705,0.20489640094993575,0.8325346273879874,0.7420471009929841,0.6967254812815856,1.2633608613623075,278.22296493942457,281.603201123217,281.3357395029773,289.633134188821,291.14689358986755,295.64996060890934,298.6604569521726,296.376296212507,293.376551518658,289.30186565803535,281.5247669456345,276.5856812153966,74.07603286849832,57.00029723871457,56.26233634633642,64.18343708904088,62.8230366893482,59.172872513660955,59.544689827759846,61.23903411313235,46.83086981600273,47.11689897461506,54.82130093963401,61.52551616759466,8.91305104945992e-06,1.4200450518954793e-05,2.0400462180607928e-05,3.364762286694704e-05,4.426110610693967e-05,5.446280721089082e-05,4.727903481009626e-05,4.147123109528641e-05,3.40142888156726e-05,2.1653992479869875e-05,1.3066494148269526e-05,8.36428420497556e-06,31.414192358358747,29.68475144589573,30.316963558144785,29.65798763446347,29.803852092516482,28.119024114032158,24.1497365712609,27.24446080548942,26.505652476835397,26.305881122173083,30.048301955324376,29.75324302714998
VA,2018,2.561675337634064e-05,5.049420731179213e-05,3.368492813814335e-05,4.543982438676876e-05,5.265163476988444e-05,4.93098970838313e-05,4.727781958675827e-05,4.2258739212481145e-05,7.064642051410363e-05,4.51305546923846e-05,5.608070594836519e-05,5.3789052630234944e-05,0.0023677561541462096,0.0048292024682398006,0.003301665104377908,0.004957561952067099,0.01161621023483444,0.013236735387753659,0.013842477442812957,0.01466970198657218,0.014648503272693247,0.008052785309076445,0.00448417248631055,0.003991077282928641,4.233972189640571e-06,1.6594922815022728e-05,1.3322890248344536e-05,1.705501916333975e-05,1.4041242952159414e-05,1.4957512966382354e-05,8.871394822467567e-06,6.808655415905232e-06,1.1871924833740938e-05,1.576301988189492e-05,2.2958421133983605e-05,3.2121284270762284e-05,1.3606962137405576,1.4005428434846103,1.665636282494757,1.0583401840933258,1.0850263288385766,0.5916720651746592,0.4804172052158118,1.0510092356819096,0.829303657270557,0.935473895790157,0.9132300552598897,0.6376797132375623,274.050587944292,280.945964012175,278.7401441481701,285.04091033712893,294.57741004911776,296.4808294633156,297.63694463989117,297.5454683616684,295.82448860250923,288.5817630872192,280.25981871580785,278.0668524122168,50.21381383414,73.57696123222037,57.23999829856204,59.22134636544436,66.89834016843386,68.59042869993827,59.51401921638313,57.959518387136576,73.07933512494694,56.67166340891979,61.696191519507394,67.03021834126893,5.372547675949675e-06,1.0998762391597028e-05,1.790847929654998e-05,3.119892660557738e-05,4.31082335501634e-05,5.1138153244536314e-05,4.8371268187690054e-05,4.79090328272883e-05,3.306306732723168e-05,2.450795057387794e-05,1.353176667562834e-05,7.407829402735959e-06,30.735067332434845,31.55022907380889,31.109519625361838,30.240244712390144,29.130015059721654,28.54526886007178,26.2768840589301,28.837665498575344,30.0405116340383,29.84340988195122,31.132060661925983,31.34142733113571
VA,2019,3.7217448958122855e-05,5.3200348408243756e-05,3.250786964688371e-05,4.0666460324771126e-05,3.3191374109383976e-05,4.874265928626842e-05,3.780981814948412e-05,2.9052432259774228e-05,8.732771746875509e-06,4.8142962491220866e-05,2.457825381794313e-05,3.124124407452753e-05,0.0030196101995151547,0.0037022770924825237,0.003441327627907092,0.006682567776874722,0.010770440214886962,0.011591728943276298,0.014010204558720667,0.013172302307667092,0.011857978614859026,0.00817294141325262,0.0038593869673921406,0.003995462151241145,3.565351816878161e-05,3.9376912145659376e-05,3.3712773671956786e-05,1.8858534617913898e-05,1.216353996104531e-05,9.011550467571682e-06,5.316405767940611e-06,3.0066011259993573e-06,1.6734375172276087e-06,5.923610835144211e-06,2.942508496786107e-06,3.937528745673728e-06,1.3080303023991557,0.8764319402281366,0.9418179029947402,1.2721754258049291,1.354575197253375,1.019274248108622,0.8130772448468861,0.39946739807047144,0.2934021057448754,0.09174737955479802,1.037510319210252,1.0394792739126026,275.8155035975858,279.01696003328095,280.5099178748916,288.5664212489574,294.37972181009576,295.929773810599,299.0508797775031,297.4399494882317,296.33445674107014,289.6797655432474,279.8276764596972,278.9241732679809,60.37046656705639,68.8451069376585,57.8249828196036,64.61711376158071,63.84466587542582,66.68826365866138,53.50026454778259,54.19310397123024,45.354922454963706,58.03622202127404,52.216862934023936,65.38200199951618,8.319276264071982e-06,1.1686795927785168e-05,1.894455030026754e-05,3.328163499899269e-05,4.535814183517133e-05,5.130654633778844e-05,4.909348197896507e-05,4.148176206297943e-05,2.4853788649302338e-05,1.685100973963355e-05,1.3084070477562224e-05,9.153701445880466e-06,31.210861574022722,31.230031016026377,30.51898346018512,29.821231394639202,26.74061580637388,27.21158218894701,25.15604180761597,25.47430836308678,20.505019147343,25.11479031065124,29.799289814957667,30.856434867794412
VA,2020,3.248735831550244e-05,5.32079352015176e-05,2.9652794979894915e-05,6.101245364618212e-05,4.117129249479645e-05,4.3597511401148957e-05,2.5693668024693748e-05,6.974060394950513e-05,5.127865234158223e-05,4.894618791556225e-05,5.022204587179311e-05,4.874344325682191e-05,0.0036525819145256334,0.0037412030313184633,0.005092074522362963,0.005278289050072232,0.007795156729257762,0.011945405571009154,0.0148192222021723,0.014904291932402145,0.010968921819186107,0.008361560524225696,0.005439420873536524,0.0035018508957043565,7.2049889789916885e-06,2.0955958251861024e-05,1.3405342907500077e-05,1.9955136070276213e-05,1.707484798763492e-05,1.249361413126511e-05,5.809785110474357e-06,1.0108152256284236e-05,1.0240435873795375e-05,1.1046605567143038e-05,1.9972298508463863e-05,2.4930263072619207e-05,1.2076718281457264,1.5623813187520286,0.9189822861314227,1.4238790488285156,0.3977494618137137,0.6200698650347705,0.8311541443978878,0.616953016369071,0.401632564880504,0.39519626660828866,1.066727509708345,1.4159433760581506,278.67504318732955,279.666341580797,284.7523614284564,285.78953309386077,289.6978293313421,295.8794699916446,299.6797544508412,297.6261116567814,292.9362818932783,288.70623779315724,284.44555519746467,277.4598721137306,60.99413643842987,65.19468241872197,73.82897257846909,51.50576392768974,64.99086921059234,62.66725332285503,47.943996726489516,61.58167863486332,59.29034915542082,53.6649436491626,44.35017870094956,57.756130542774045,9.845059735737591e-06,1.3289878599358028e-05,2.00998061495965e-05,3.2959161606972244e-05,4.052698581493981e-05,5.193937346785091e-05,4.805531823843524e-05,4.6249209006033655e-05,3.484943865851564e-05,2.2959508981936284e-05,1.4715328833950977e-05,9.783025027230947e-06,31.137444797234547,31.20330715410755,30.428457916702868,30.5649804113665,29.186767292739944,27.71361908593414,23.646893910520483,29.263407681746457,28.366207451962477,29.568156971315755,29.87031990235782,31.079389477699202
VA,2021,3.139959030176415e-05,5.2695048308081124e-05,3.552486684768247e-05,2.2343493326934953e-05,2.1983976278960526e-05,3.039243277844577e-05,3.286257760944674e-05,4.22576908752606e-05,4.2487739514976716e-05,2.9296573111488716e-05,1.0535033784476864e-05,1.8245661942812482e-05,0.0030934953617815448,0.0031556436177260076,0.00396271767244717,0.005426535235649971,0.007432070244958254,0.012100899128152688,0.013426934670120124,0.014589785925909123,0.011140732817932202,0.009197752576459755,0.0038495112806842297,0.004566025595723327,2.6300402477108606e-05,2.6857668801620924e-05,3.401142155541495e-05,1.5874318031257753e-05,8.444742438633144e-06,5.575707272939332e-06,4.42667606242701e-06,3.863066082008898e-06,4.4897360511957866e-06,2.618185131230792e-06,1.3171885495646315e-06,1.4983423476743436e-06,1.3355102893416801,0.946071469267499,0.6518295736665544,1.506878012100601,0.7216382061719343,1.1223739759846842,1.1934204428972655,0.49948148991290464,0.5288638180976604,0.5705800034806976,1.2653304367059084,1.1654781254216022,275.9908612216852,276.0145367796045,283.3316471355309,286.96914193649775,290.82104250531677,296.60831812084274,298.5259484792746,298.28908031706544,294.2778176614222,290.3329559350686,280.7110955831711,281.69774043019413,54.54106918481618,68.10569980783934,53.45354259367927,45.802372298388086,59.020522689233744,61.92892615192309,50.65495953882121,56.82525424409556,42.7704735447313,57.219295274692584,41.47926814891332,57.5518496789424,8.705484204359385e-06,1.0634821044757539e-05,2.050151964227564e-05,3.330047003447747e-05,3.86098397787379e-05,4.513853347245565e-05,4.57086291701387e-05,3.8530296832715016e-05,3.622167731718067e-05,2.1050961033769424e-05,1.3416395212279134e-05,9.63825710314361e-06,30.573028786610614,32.144147905477126,29.739404895899785,29.11722445959554,24.711244384678483,25.836788215664807,24.416326851914228,25.512578748238855,26.962576595997547,27.43648426384495,28.338147934356776,28.42239564821168
VA,2022,4.617311768627292e-05,3.875469635570944e-05,3.4195111650082646e-05,2.9891125212533723e-05,4.58243551573444e-05,1.9916482624928724e-05,4.390487162808859e-05,3.127197032977407e-05,3.0233354256694106e-05,2.8414017882815616e-05,3.29392814057532e-05,3.687546534032126e-05,0.0025424862142821554,0.003360470802893949,0.004346341085072015,0.005378445330642641,0.009720924268771528,0.011512055701510983,0.014889433664648488,0.013923827234995216,0.010429795676626821,0.006327281622991503,0.004990532904841695,0.0033114628556023457,7.456703754472264e-06,1.0329344082381072e-05,9.826625400582862e-06,9.662726605574567e-06,9.156908956494843e-06,3.906829627953111e-06,4.3248115639357726e-06,2.8714229873271836e-06,9.83771954772878e-07,1.3318036140464194e-06,1.6566835141986562e-06,2.234666640035608e-06,1.2218568964649081,1.1961444930769378,1.5757513019375091,1.2235393914524249,0.0687279248653209,0.7586932210365139,1.2109739112004076,0.7031121783068683,0.48983958933021543,0.6938623039835279,0.5896976722094289,1.0219000028034104,274.22771046245975,278.6130213097218,283.4681518207978,286.8046096523998,292.2594580851497,296.48254622736107,298.59366318674176,297.3755860433347,293.68457990334053,286.00472425412306,283.3565247949434,276.87547919719145,55.68068915341392,48.28688647647626,55.509898553254125,51.406307063650445,62.78034472848729,59.77151325326153,67.2781609980094,50.68416751389785,46.55535054353612,46.26963993970981,47.59837263942135,52.2999858976694,1.002020954957419e-05,1.2732933650258384e-05,2.0814787866472527e-05,3.331648246636032e-05,4.30368477818561e-05,4.8850229564115955e-05,4.427832348537136e-05,4.436705204024586e-05,1.0196991121618274e-05,7.494448650813317e-06,4.764955895676015e-06,2.749006821526335e-06,31.3772419409337,30.903437386059338,30.43620146563738,29.4252581189088,28.882327046920643,24.466040695258734,25.89960361602158,27.41743961354961,24.909111005096943,27.98754578847879,29.19561405693824,30.94020142442858
VA,2023,3.3440189899075324e-05,3.314543571677883e-05,2.2544243960421193e-05,3.922376797509135e-05,2.9008965374118197e-05,3.370485394326659e-05,3.1166299806158557e-05,3.0015946043204465e-05,2.90777437765175e-05,1.2566873054941646e-05,2.0934334351575106e-05,5.55790311500858e-05,0.0041644747506987745,0.004092408222805336,0.003940022541147322,0.006040954506881581,0.007960506932497282,0.010369000241065433,0.014208646939482325,0.013178363854311538,0.010988048774971063,0.00744868583750154,0.004139682221791646,0.00413421037300125,3.929561567734598e-06,6.006299873828144e-06,5.638826606110866e-06,4.963288529233911e-06,3.712010488139065e-06,2.117212312828412e-06,1.837562344167137e-06,1.2740217531812308e-06,8.962510036624806e-07,4.7533114879045114e-07,1.5670770962421107e-06,5.74144175194462e-06,1.6259561330534444,1.3958847238855845,1.3682558387418846,1.189306952264295,0.37548657578482836,0.5147955919272125,1.1901127471589867,0.6274525852975277,0.7765753494948325,1.0278297141865542,0.7485433049196876,0.8984716898369949,279.6664375311336,281.77636042926656,282.32986713507745,288.51204563279214,290.27952995845266,294.1475088721839,298.8672427093213,297.5812354646973,294.1653753861033,288.53508249397737,281.537993238267,279.7564788463573,60.270125687149125,66.05849131313614,50.94270529031034,50.777872754530065,64.07339126679831,50.57034406811896,54.20039711913365,58.05981043667538,50.43757898669383,38.985781722239295,41.512514885896984,53.85501773345444,3.4474596047852737e-06,5.335907909941537e-06,7.029282472743218e-06,1.1002377270791448e-05,1.4070143806505879e-05,1.4418641651841606e-05,1.5533670206952648e-05,1.22097129174181e-05,9.747096707817224e-06,6.690501997426966e-06,3.864296851027051e-06,3.2180445342625242e-06,31.382801475645962,30.668631887446807,30.117400658462365,28.34992830059723,27.937936231013325,25.71325004004299,25.621375556795286,24.04023541621736,25.109166231695102,25.367918290542548,24.969989137695425,30.459120892704743
